Link;Image;Name;Release date;Weight;OS;Storage;Fans;Popularity;Hits;Screen_size;Screen_resolution;RAM;SOC;Battery;net2g;net3g;net4g;speed;year;status;dimensions;weight;sim;displaytype;displaysize;displayresolution;os;chipset;cpu;gpu;memoryslot;internalmemory;memoryother;cam1modules;cam1features;cam1video;cam2modules;cam2features;cam2video;wlan;bluetooth;gps;nfc;radio;usb;sensors;batdescription1;colors;price;bodyother;displayprotection;sar-eu;build;optionalother;tbench;batlife;batstandby1;battalktime1;sar-us
https://www.gsmarena.com/archos_diamond-9593.php;https://fdn2.gsmarena.com/vv/bigpic/archos-diamond-2019.jpg;Archos Diamond;Cancelled;166g, 8.6mm thickness;Android 9.0;128GB storage, microSDXC;24;0.2%;178,915 hits;"6.39""";1080x2340 pixels;4 GB RAM;Helio P70;3400 mAh Li-Po;GSM 850 / 900 / 1800 / 1900 - SIM 1 & SIM 2;HSDPA 850 / 900 / 2100;1, 3, 7, 20, 28;HSPA, LTE-A;2019, February;Cancelled;158.7 x 74.1 x 8.6 mm (6.25 x 2.92 x 0.34 in);166 g (5.86 oz);Hybrid Dual SIM (Nano-SIM, dual stand-by);AMOLED;6.39 inches, 100.2 cm(~85.2% screen-to-body ratio);1080 x 2340 pixels, 19.5:9 ratio (~403 ppi density);Android 9.0 (Pie);Mediatek MT6771 Helio P70 (12nm);Octa-core (4x2.0 GHz Cortex-A73 & 4x2.0 GHz Cortex-A53);Mali-G72 MP3;microSDXC (uses shared SIM slot);128GB 4GB RAM;eMMC 5.1;"16 MP, f/1.8, 1/2.8"", 1.12µm, PDAF5 MP, f/2.2, (depth)";Dual-LED flash, HDR, panorama;1080p@30fps;"Motorized pop-up 8 MP, f/2.0, 1/4"", 1.12µm";HDR;1080p@30fps;Wi-Fi 802.11 a/b/g/n/ac, dual-band, Wi-Fi Direct;4.2, A2DP, LE;GPS, GLONASS, BDS;Yes;No;USB Type-C 2.0, OTG;Fingerprint (under display, optical), accelerometer, gyro, proximity, compass;Li-Po 3400 mAh, non-removable;Dark Blue;About 300 EUR;;;;;;;;;;
https://www.gsmarena.com/archos_oxygen_68xl-9594.php;https://fdn2.gsmarena.com/vv/bigpic/archos-oxygen-68xl.jpg;Archos Oxygen 68XL;Released 2019, May;214g, 9mm thickness;Android 9.0;32GB storage, microSDXC;4;0.1%;115,739 hits;"6.85""";640x1352 pixels;3 GB RAM;Helio P22;5000 mAh Li-Ion;GSM 850 / 900 / 1800 / 1900 - SIM 1 & SIM 2;HSDPA 900 / 2100;1, 3, 7, 20;HSPA, LTE-A;2019, February;Available. Released 2019, May;173.5 x 81.6 x 9 mm (6.83 x 3.21 x 0.35 in);214 g (7.55 oz);Hybrid Dual SIM (Nano-SIM, dual stand-by);IPS LCD;6.85 inches, 117.1 cm(~82.7% screen-to-body ratio);640 x 1352 pixels, 19:9 ratio (~218 ppi density);Android 9.0 (Pie);Mediatek MT6762 Helio P22 (12 nm);Octa-core 2.0 GHz Cortex-A53;PowerVR GE8320;microSDXC (uses shared SIM slot);32GB 3GB RAM;eMMC 5.1;8 MP, AF0.3 MP;LED flash;1080p@30fps;5 MP;;;Wi-Fi 802.11 b/g/n, Wi-Fi Direct;4.2, A2DP, LE;GPS, GLONASS, BDS;No;No;USB Type-C 2.0;Fingerprint (rear-mounted), accelerometer, proximity;Li-Ion 5000 mAh, non-removable;Dark Blue;About 150 EUR;;;;;;;;;;
https://www.gsmarena.com/archos_oxygen_63-9595.php;https://fdn2.gsmarena.com/vv/bigpic/archos-oxygen-63.jpg;Archos Oxygen 63;Released 2019, May;162g, 9.3mm thickness;Android 9.0;64GB storage, microSD;3;N/A;69,166 hits;"6.26""";720x1520 pixels;4 GB RAM;Unisoc SC9863;3000 mAh Li-Ion;GSM 850 / 900 / 1800 / 1900 - SIM 1 & SIM 2;HSDPA 900 / 2100;1, 3, 7, 20;HSPA, LTE;2019, February;Available. Released 2019, May;159.2 x 75.8 x 9.3 mm (6.27 x 2.98 x 0.37 in);162 g (5.71 oz);Dual SIM (Nano-SIM, dual stand-by);IPS LCD;6.26 inches, 97.8 cm(~81.1% screen-to-body ratio);720 x 1520 pixels, 19:9 ratio (~269 ppi density);Android 9.0 (Pie);Unisoc SC9863 (28nm);Octa-core (4x1.6 GHz Cortex-A55 & 4x1.2 GHz Cortex-A55);IMG8322;microSD;64GB 4GB RAM;;8 MP, AF0.3 MP;LED flash;1080p@30fps;5 MP;;;Wi-Fi 802.11 b/g/n, Wi-Fi Direct;4.2, A2DP, LE;GPS, GLONASS, BDS;No;No;microUSB 2.0;Fingerprint (rear-mounted), accelerometer, proximity;Li-Ion 3000 mAh, removable;Dark Blue;About 130 EUR;;;;;;;;;;
https://www.gsmarena.com/archos_oxygen_57-9596.php;https://fdn2.gsmarena.com/vv/bigpic/archos-oxygen-57.jpg;Archos Oxygen 57;Released 2019, May;150g, 9.3mm thickness;Android 9.0;32GB storage, microSD;0;N/A;56,409 hits;"5.71""";720x1520 pixels;3 GB RAM;Unisoc SC9863;2800 mAh Li-Ion;GSM 850 / 900 / 1800 / 1900 - SIM 1 & SIM 2;HSDPA 900 / 2100;1, 3, 7, 20;HSPA, LTE;2019, February;Available. Released 2019, May;147.8 x 70.7 x 9.3 mm (5.82 x 2.78 x 0.37 in);150 g (5.29 oz);Dual SIM (Nano-SIM, dual stand-by);IPS LCD;5.71 inches, 81.4 cm(~77.9% screen-to-body ratio);720 x 1520 pixels, 19:9 ratio (~295 ppi density);Android 9.0 (Pie);Unisoc SC9863 (28nm);Octa-core (4x1.6 GHz Cortex-A55 & 4x1.2 GHz Cortex-A55);IMG8322;microSD;32GB 3GB RAM;;8 MP, AF0.3 MP;LED flash;1080p@30fps;5 MP;;;Wi-Fi 802.11 b/g/n, Wi-Fi Direct;4.2, A2DP, LE;GPS, GLONASS, BDS;No;No;microUSB 2.0;Fingerprint (rear-mounted), accelerometer, proximity;Li-Ion 2800 mAh, removable;Dark Violet;About 100 EUR;;;;;;;;;;
https://www.gsmarena.com/archos_saphir_50x-9151.php;https://fdn2.gsmarena.com/vv/bigpic/archos-saphir-50x.jpg;Archos Saphir 50X;Released 2018, April;210g, 13mm thickness;Android 7.0;16GB storage, microSDXC;5;N/A;92,137 hits;"5.0""";720x1280 pixels;2 GB RAM;MT6737VWT;4000 mAh Li-Ion;GSM 850 / 900 / 1800 / 1900 - SIM 1 & SIM 2;HSDPA 850 / 900 / 2100;1, 3, 7, 20;HSPA 42.2/11.5 Mbps, LTE Cat4 150/50 Mbps;2018, April;Available. Released 2018, April;146.6 x 76 x 13 mm (5.77 x 2.99 x 0.51 in);210 g (7.41 oz);Dual SIM (Nano-SIM, dual stand-by);S-IPS LCD;5.0 inches, 68.9 cm(~61.9% screen-to-body ratio);720 x 1280 pixels, 16:9 ratio (~294 ppi density);Android 7.0 (Nougat);Mediatek MT6737VWT;Quad-core 1.3 GHz Cortex-A53;Mali-T720MP2;microSDXC;16GB 2GB RAM;eMMC 5.0;8 MP, AF;LED flash;1080p@30fps;2 MP;;;Wi-Fi 802.11 b/g/n, Wi-Fi Direct, DLNA;4.0, A2DP, LE;GPS;No;FM radio;microUSB 2.0, OTG;Accelerometer, proximity, compass;Li-Ion 4000 mAh, non-removable;Black;About 150 EUR;IP68 dust/water resistant (up to 1m for 30 min);Corning Gorilla Glass 4;0.55 W/kg (head)     0.80 W/kg (body);;;;;;;
https://www.gsmarena.com/archos_diamond_omega-8903.php;https://fdn2.gsmarena.com/vv/bigpic/archos-diamond-omega.jpg;Archos Diamond Omega;Released 2017, November;170g, 8.5mm thickness;Android 7.1, nubia UI 5;128GB storage, no card slot;55;N/A;299,814 hits;"5.73""";1080x2040 pixels;8 GB RAM;Snapdragon 835;3100 mAh Li-Po;GSM 850 / 900 / 1800 / 1900 - SIM 1 & SIM 2;HSDPA 850 / 900 / 1900 / 2100;1, 3, 7, 8, 20;HSPA 42.2/5.76 Mbps, LTE-A (3CA) Cat9 450/50 Mbps;2017, October. Released 2017, November;Discontinued;147.5 x 72.7 x 8.5 mm (5.81 x 2.86 x 0.33 in);170 g (6.00 oz);Dual SIM (Nano-SIM, dual stand-by);IPS LCD;5.73 inches, 87.6 cm(~81.7% screen-to-body ratio);1080 x 2040 pixels, 17:9 ratio (~403 ppi density);Android 7.1 (Nougat), nubia UI 5;Qualcomm MSM8998 Snapdragon 835 (10 nm);Octa-core (4x2.45 GHz Kryo & 4x1.9 GHz Kryo);Adreno 540;No;128GB 8GB RAM;;"12 MP, f/1.8, 1/2.55"", 1.4µm, dual pixel PDAF23 MP, f/2.0, PDAF, 2x lossless zoom";Dual-LED dual-tone flash, HDR, panorama;4K@30fps, 1080p@30fps;5 MP, f/2.25 MP;;1080p@30fps;Wi-Fi 802.11 b/g/n/ac, dual-band, Wi-Fi Direct, DLNA;4.1, A2DP, LE;GPS, GLONASS, BDS;Yes;No;USB Type-C, OTG;Fingerprint (rear-mounted), accelerometer, gyro, proximity, compass;Li-Po 3100 mAh, non-removable;Dark Blue;About 300 EUR;;Corning Gorilla Glass (unspecified version);;Glass front (Gorilla Glass), glass back, aluminum frame;32-bit/384kHz audio;GeekBench: 6689 (v4.4)GFXBench: 23fps (ES 3.1 onscreen);;;;
https://www.gsmarena.com/archos_diamond_alpha_+-8836.php;https://fdn2.gsmarena.com/vv/bigpic/archos-diamond-alpha-plus.jpg;Archos Diamond Alpha +;Released 2017, October;155g, 7.5mm thickness;Android 6.0;128GB storage, microSDXC;11;N/A;89,741 hits;"5.2""";1080x1920 pixels;6 GB RAM;Snapdragon 653;3000 mAh Li-Ion;GSM 850 / 900 / 1800 / 1900 - SIM 1 & SIM 2;HSDPA 900 / 2100;LTE (unspecified);HSPA 42.2/11.5 Mbps, LTE Cat4 150/50 Mbps;2017, August. Released 2017, October;Discontinued;146.7 x 72.5 x 7.5 mm (5.78 x 2.85 x 0.30 in);155 g (5.47 oz);Hybrid Dual SIM (Nano-SIM, dual stand-by);IPS LCD;5.2 inches, 74.5 cm(~70.1% screen-to-body ratio);1080 x 1920 pixels, 16:9 ratio (~424 ppi density);Android 6.0 (Marshmallow);Qualcomm MSM8976 Pro Snapdragon 653 (28 nm);Octa-core (4x1.8 GHz Cortex-A72 & 4x1.4 GHz Cortex-A53);Adreno 510;microSDXC (uses shared SIM slot);128GB 6GB RAM;eMMC 5.1;"13 MP, 1/2.9"", 1.25µm, AF13 MP B/W";LED flash, HDR, panorama;4K@30fps, 1080p@30fps;"16 MP, f/2.2, 26mm (wide), 1/3.06"", 1.0µm";;4K@30fps, 1080p@30fps;Wi-Fi 802.11 a/b/g/n/ac, dual-band, Wi-Fi Direct;4.2, A2DP, LE;GPS;No;No;USB Type-C, OTG;Fingerprint (rear-mounted), accelerometer, gyro, proximity, compass;Li-Ion 3000 mAh, non-removable;Black, Gold;About 400 EUR;;Corning Gorilla Glass (unspecified version);;;;;;;;
https://www.gsmarena.com/archos_diamond_tab-8837.php;https://fdn2.gsmarena.com/vv/bigpic/archos-diamond-tab-.jpg;Archos Diamond Tab;Released 2017, October;510g, 8mm thickness;Android 7.0;64GB storage, microSDXC;4;N/A;66,890 hits;"10.1""";1600x2560 pixels;4 GB RAM;Rockchip RK3399;6600 mAh Li-Po;GSM 850 / 900 / 1800 / 1900;HSDPA 900 / 2100;LTE (unspecified);HSPA, LTE;2017, August. Released 2017, October;Discontinued;255 x 163 x 8 mm (10.04 x 6.42 x 0.31 in);510 g (1.12 lb);Micro-SIM;IPS LCD;10.1 inches, 295.8 cm(~71.2% screen-to-body ratio);1600 x 2560 pixels, 16:10 ratio (~299 ppi density);Android 7.0 (Nougat);Rockchip RK3399;Dual-core Cortex-A72 & quad-core Cortex-A53;Mali-T860MP4;microSDXC (dedicated slot);64GB 4GB RAM;;13 MP, AF;LED flash;1080p@30fps;5 MP;;;Wi-Fi 802.11 b/g/n, Wi-Fi Direct;4.2, A2DP, EDR;GPS;No;No;microUSB 2.0;Accelerometer;Li-Po 6600 mAh, non-removable;Black;About 300 EUR;;;;;;;;;;
https://www.gsmarena.com/archos_diamond_alpha-8737.php;https://fdn2.gsmarena.com/vv/bigpic/archos-diamond-alpha.jpg;Archos Diamond Alpha;Released 2017, July;155g, 7.5mm thickness;Android 6.0;64GB storage, microSDXC;10;N/A;101,417 hits;"5.2""";1080x1920 pixels;4 GB RAM;Snapdragon 652;2950 mAh Li-Ion;GSM 850 / 900 / 1800 / 1900 - SIM 1 & SIM 2;HSDPA 900 / 2100;1, 3, 7, 20;HSPA 42.2/11.5 Mbps, LTE Cat4 150/50 Mbps;2017, June. Released 2017, July;Discontinued;146.7 x 72.5 x 7.5 mm (5.78 x 2.85 x 0.30 in);155 g (5.47 oz);Hybrid Dual SIM (Nano-SIM, dual stand-by);IPS LCD;5.2 inches, 74.5 cm(~70.1% screen-to-body ratio);1080 x 1920 pixels, 16:9 ratio (~424 ppi density);Android 6.0 (Marshmallow);Qualcomm MSM8976 Snapdragon 652 (28 nm);Octa-core (4x1.8 GHz Cortex-A72 & 4x1.4 GHz Cortex-A53);Adreno 510;microSDXC (uses shared SIM slot);64GB 4GB RAM;eMMC 5.1;"13 MP, 1/2.9"", 1.25µm, AF13 MP B/W";LED flash, HDR, panorama;4K@30fps, 1080p@30fps;"16 MP, f/2.2, 26mm (wide), 1/3.06"", 1.0µm";;1080p@30fps;Wi-Fi 802.11 a/b/g/n/ac, dual-band, Wi-Fi Direct;4.2, A2DP, LE;GPS;No;No;USB Type-C, OTG;Fingerprint (rear-mounted), accelerometer, gyro, proximity, compass;Li-Ion 2950 mAh, non-removable;Black;About 350 EUR;;;1.02 W/kg (head)     0.76 W/kg (body);;;;;Up to 320 h (3G);Up to 11 h (3G);
https://www.gsmarena.com/archos_sense_55s-8739.php;https://fdn2.gsmarena.com/vv/bigpic/archos-sense-55s.jpg;Archos Sense 55s;Released 2017, July;130g, 8mm thickness;Android 7.0;16GB storage, microSDXC;7;N/A;93,467 hits;"5.2""";1080x1920 pixels;2 GB RAM;;3000 mAh Li-Ion;GSM 850 / 900 / 1800 / 1900 - SIM 1 & SIM 2;HSDPA 900 / 2100;1, 3, 7, 20;HSPA 42.2/5.76 Mbps, LTE Cat4 150/50 Mbps;2017, June. Released 2017, July;Discontinued;142.5 x 74.2 x 8 mm (5.61 x 2.92 x 0.31 in);130 g (4.59 oz);Dual SIM;IPS LCD;5.2 inches, 74.5 cm(~70.5% screen-to-body ratio);1080 x 1920 pixels, 16:9 ratio (~424 ppi density);Android 7.0 (Nougat);;;;microSDXC;16GB 2GB RAM;;8 MP, AF;Dual-LED dual-tone flash;1080p@30fps;Yes;;;Wi-Fi 802.11 b/g/n;4.0, A2DP, LE;GPS;No;No;microUSB 2.0;Fingerprint (front-mounted), accelerometer, proximity;Li-Ion 3000 mAh, non-removable;Black;About 250 EUR;;;;;;;;;;
https://www.gsmarena.com/archos_diamond_gamma-8738.php;https://fdn2.gsmarena.com/vv/bigpic/archos-diamond-gamma.jpg;Archos Diamond Gamma;Released 2017, July;;Android 7, nubia UI 4;32GB storage, microSDXC;6;N/A;81,218 hits;"5.5""";720x1280 pixels;3 GB RAM;Snapdragon 435;3000 mAh Li-Ion;GSM 850 / 900 / 1800 / 1900 - SIM 1 & SIM 2;HSDPA 850 / 900 / 1900 / 2100;1, 3, 7, 20;HSPA 42.2/5.76 Mbps, LTE Cat4 150/50 Mbps;2017, June. Released 2017, July;Discontinued;-;-;Hybrid Dual SIM (Nano-SIM, dual stand-by);IPS LCD;5.5 inches, 83.4 cm;720 x 1280 pixels, 16:9 ratio (~267 ppi density);Android 7 (Nougat), nubia UI 4;Qualcomm MSM8940 Snapdragon 435 (28 nm);Octa-core 1.4 GHz Cortex-A53;Adreno 505;microSDXC (uses shared SIM slot);32GB 3GB RAM;eMMC 5.1;13 MP, f/2.2, PDAF;LED flash, HDR, panorama;1080p@30fps;5 MP, f/2.4;;;Wi-Fi 802.11 b/g/n, Wi-Fi Direct;4.2, A2DP, LE;GPS;No;No;microUSB 2.0, OTG;Fingerprint (front-mounted), accelerometer, proximity;Li-Ion 3000 mAh, non-removable;Black;About 200 EUR;;;;;;;;;;
https://www.gsmarena.com/archos_sense_50x-8740.php;https://fdn2.gsmarena.com/vv/bigpic/archos-sense-50x.jpg;Archos Sense 50x;Released 2017, July;223g, 12.6mm thickness;Android 7.0;32GB storage, microSDXC;1;N/A;56,023 hits;"5.0""";1080x1920 pixels;3 GB RAM;MT6737T;3500 mAh Li-Ion;GSM 850 / 900 / 1800 / 1900 - SIM 1 & SIM 2;HSDPA 900 / 2100;1, 3, 7, 20;HSPA 42.2/5.76 Mbps, LTE Cat4 150/50 Mbps;2017, June. Released 2017, July;Discontinued;153 x 78.9 x 12.6 mm (6.02 x 3.11 x 0.50 in);223 g (7.87 oz);Dual SIM;IPS LCD;5.0 inches, 68.9 cm(~57.1% screen-to-body ratio);1080 x 1920 pixels, 16:9 ratio (~441 ppi density);Android 7.0 (Nougat);Mediatek MT6737T (28 nm);Quad-core 1.5 GHz Cortex-A53;Mali-T720;microSDXC;32GB 3GB RAM;eMMC 5.0;8 MP, AF;LED flash;1080p@30fps;3 MP;;;Wi-Fi 802.11 b/g/n;4.0, A2DP, LE;GPS;No;No;microUSB 2.0, OTG;Accelerometer, proximity, compass;Li-Ion 3500 mAh, non-removable;Black;About 170 EUR;IP68 dust/water resistant (up to 1m for 30 min);Corning Gorilla Glass 3;;;;;;;;
https://www.gsmarena.com/archos_50_saphir-8592.php;https://fdn2.gsmarena.com/vv/bigpic/archos-50-saphir.jpg;Archos 50 Saphir;Released 2017, June;13.9mm thickness;Android 6.0;16GB storage, microSDXC;5;N/A;69,296 hits;"5.0""";720x1280 pixels;2 GB RAM;MT6737;5000 mAh Li-Ion;GSM 850 / 900 / 1800 / 1900 - SIM 1 & SIM 2;HSDPA 900 / 2100;LTE 800 / 1800 / 2100 / 2600;HSPA 42.2/11.5 Mbps, LTE Cat4 150/50 Mbps;2017, February. Released 2017, June;Discontinued;146.6 x 75.9 x 13.9 mm (5.77 x 2.99 x 0.55 in);-;Dual SIM (Nano-SIM, dual stand-by);IPS LCD;5.0 inches, 68.9 cm(~61.9% screen-to-body ratio);720 x 1280 pixels, 16:9 ratio (~294 ppi density);Android 6.0 (Marshmallow);Mediatek MT6737 (28 nm);Quad-core 1.5 GHz Cortex-A53;Mali-T720MP2;microSDXC;16GB 2GB RAM;eMMC 5.0;8 MP, AF;LED flash;1080p@30fps;2 MP;;;Wi-Fi 802.11 b/g/n, Wi-Fi Direct, DLNA;4.0, A2DP, LE;GPS;No;FM radio;microUSB 2.0, OTG;Accelerometer, proximity, compass;Li-Ion 5000 mAh, non-removable;Black;;IP68 dust/water resistant (up to 1m for 30 min);Corning Gorilla Glass 4;0.55 W/kg (head)     0.80 W/kg (body);;;;;Up to 740 h (2G) / Up to 550 h (3G);Up to 37 h (2G) / Up to 27 h (3G);
https://www.gsmarena.com/archos_55_graphite-8587.php;https://fdn2.gsmarena.com/vv/bigpic/archos-55-graphite.jpg;Archos 55 Graphite;Released 2017, June;7.8mm thickness;Android 7.0;16GB storage, microSDXC;5;N/A;62,499 hits;"5.5""";720x1280 pixels;2 GB RAM;MT6737;3000 mAh Li-Ion;GSM 850 / 900 / 1800 / 1900 - SIM 1 & SIM 2;HSDPA 900 / 2100;LTE 800 / 1800 / 2100 / 2600;HSPA 42.2/11.5 Mbps, LTE Cat4 150/50 Mbps;2017, February. Released 2017, June;Discontinued;157.8 x 77.2 x 7.8 mm (6.21 x 3.04 x 0.31 in);-;Dual SIM;IPS LCD;5.5 inches, 83.4 cm(~68.5% screen-to-body ratio);720 x 1280 pixels, 16:9 ratio (~267 ppi density);Android 7.0 (Nougat);Mediatek MT6737 (28 nm);Quad-core 1.5 GHz Cortex-A53;Mali-T720MP2;microSDXC;16GB 2GB RAM;eMMC 5.0;13 MP, AF2 MP, (depth);LED flash, HDR, panorama;1080p@30fps;5 MP;;;Wi-Fi 802.11 b/g/n, Wi-Fi Direct;4.1, A2DP, LE;GPS;No;FM radio;microUSB 2.0, OTG;Fingerprint (rear-mounted), accelerometer, gyro, proximity, compass;Li-Ion 3000 mAh, non-removable;Black;About 180 EUR;;;;;;;;;;
https://www.gsmarena.com/archos_50_graphite-8586.php;https://fdn2.gsmarena.com/vv/bigpic/archos-50-graphite.jpg;Archos 50 Graphite;Released 2017, June;160g, 8.9mm thickness;Android 7.0;16GB storage, microSDXC;1;N/A;52,422 hits;"5.0""";720x1280 pixels;1 GB RAM;MT6737;2400 mAh Li-Ion;GSM 850 / 900 / 1800 / 1900 - SIM 1 & SIM 2;HSDPA 900 / 2100;LTE 800 / 1800 / 2100 / 2600;HSPA 42.2/11.5 Mbps, LTE Cat4 150/50 Mbps;2017, February. Released 2017, June;Discontinued;144 x 72.7 x 8.9 mm (5.67 x 2.86 x 0.35 in);160 g (5.64 oz);Dual SIM;IPS LCD;5.0 inches, 68.9 cm(~65.8% screen-to-body ratio);720 x 1280 pixels, 16:9 ratio (~294 ppi density);Android 7.0 (Nougat);Mediatek MT6737 (28 nm);Quad-core 1.5 GHz Cortex-A53;Mali-T720MP2;microSDXC;16GB 1GB RAM;eMMC 5.0;13 MP, AF2 MP, (depth);LED flash, HDR, panorama;1080p@30fps;5 MP;;;Wi-Fi 802.11 b/g/n, Wi-Fi Direct;4.1, A2DP, LE;GPS;No;FM radio;microUSB 2.0, OTG;Fingerprint (rear-mounted), accelerometer, gyro, proximity, compass;Li-Ion 2400 mAh, non-removable;Black;About 130 EUR;;;;;;;;;;
https://www.gsmarena.com/archos_55b_cobalt-8547.php;https://fdn2.gsmarena.com/vv/bigpic/archos-55b-cobalt.jpg;Archos 55b Cobalt;Released 2017, January;188 g;Android 6.0;16GB/32GB storage, microSDXC;1;N/A;54,213 hits;"5.5""";720x1280 pixels;1/2 GB RAM;Snapdragon 210;2600 mAh Li-Ion;GSM 850 / 900 / 1800 / 1900 - SIM 1 & SIM 2;HSDPA 900 / 2100;LTE 800 / 1800 / 2100 / 2600;HSPA 42.2/11.5 Mbps, LTE Cat4 150/50 Mbps;2017, January. Released 2017, January;Discontinued;155 x 79 x 0 mm (6.10 x 3.11 x 0.0 in);188 g (6.63 oz);Dual SIM (Mini-SIM, dual stand-by);IPS LCD;5.5 inches, 83.4 cm(~68.1% screen-to-body ratio);720 x 1280 pixels, 16:9 ratio (~267 ppi density);Android 6.0 (Marshmallow);Qualcomm MSM8909 Snapdragon 210 (28 nm);Quad-core 1.1 GHz;Adreno 304;microSDXC;16GB 1GB RAM, 32GB 2GB RAM;eMMC 4.5;13 MP, AF;LED flash, HDR, panorama;720p@30fps;2 MP;;;Wi-Fi 802.11 b/g/n, Wi-Fi Direct;4.0, A2DP;GPS;No;FM radio;microUSB 2.0;Fingerprint (rear-mounted), accelerometer, proximity;Li-Ion 2600 mAh, removable;Gray;;;;0.98 W/kg (head)     1.76 W/kg (body);;;;;;;
https://www.gsmarena.com/archos_50b_cobalt-8546.php;https://fdn2.gsmarena.com/vv/bigpic/archos-50b-cobalt.jpg;Archos 50b Cobalt;Released 2017, January;160 g;Android 6.0;16GB/32GB storage, microSDXC;0;N/A;46,040 hits;"5.0""";720x1280 pixels;1/2 GB RAM;Snapdragon 210;2100 mAh Li-Ion;GSM 850 / 900 / 1800 / 1900 - SIM 1 & SIM 2;HSDPA 900 / 2100;LTE 800 / 1800 / 2100 / 2600;HSPA 42.2/11.5 Mbps, LTE Cat4 150/50 Mbps;2017, January. Released 2017, January;Discontinued;144 x 72 x 0 mm (5.67 x 2.83 x 0.0 in);160 g (5.64 oz);Dual SIM (Mini-SIM, dual stand-by);IPS LCD;5.0 inches, 68.9 cm(~66.5% screen-to-body ratio);720 x 1280 pixels, 16:9 ratio (~294 ppi density);Android 6.0 (Marshmallow);Qualcomm MSM8909 Snapdragon 210 (28 nm);Quad-core 1.1 GHz;Adreno 304;microSDXC;16GB 1GB RAM, 32GB 2GB RAM;eMMC 4.5;13 MP, AF;LED flash, HDR, panorama;720p@30fps;2 MP;;;Wi-Fi 802.11 b/g/n, Wi-Fi Direct;4.0, A2DP;GPS;No;FM radio;microUSB 2.0;Fingerprint (rear-mounted), accelerometer, proximity;Li-Ion 2100 mAh, removable;Gray;;;;0.35 W/kg (head)     1.62 W/kg (body);;;;;;;
https://www.gsmarena.com/archos_diamond_2_plus-8216.php;https://fdn2.gsmarena.com/vv/bigpic/archos-diamond2plus.jpg;Archos Diamond 2 Plus;Released 2016, August;193g, 8.3mm thickness;Android 6.0;64GB storage, microSDXC;19;N/A;108,638 hits;"5.5""";1080x1920 pixels;4 GB RAM;Helio P10;2950 mAh Li-Ion;GSM 850 / 900 / 1800 / 1900 - SIM 1 & SIM 2;HSDPA 900 / 2100;1, 3, 7, 20;HSPA 42.2/11.5 Mbps, LTE Cat4 150/50 Mbps;2016, March. Released 2016, August;Discontinued;148.3 x 73.8 x 8.3 mm (5.84 x 2.91 x 0.33 in);193 g (6.81 oz);Hybrid Dual SIM (Micro-SIM, dual stand-by);IPS LCD;5.5 inches, 83.4 cm(~76.2% screen-to-body ratio);1080 x 1920 pixels, 16:9 ratio (~401 ppi density);Android 6.0 (Marshmallow);Mediatek MT6755 Helio P10 (28 nm);Octa-core (4x2.0 GHz Cortex-A53 & 4x1.0 GHz Cortex-A53);Mali-T860MP2;microSDXC (uses shared SIM slot);64GB 4GB RAM;eMMC 5.1;20.7 MP, f/2.4, PDAF;Dual-LED dual-tone flash, HDR, panorama;1080p@30fps;8 MP, f/1.9, 22mm (wide);HDR;1080p@30fps;Wi-Fi 802.11 a/b/g/n, dual-band, DLNA, Wi-Fi Direct;4.0, A2DP, LE, EDR, aptX;GPS, GLONASS, BDS;No;"Stereo FM radio with RDS; recording";USB Type-C 3.0, OTG;Fingerprint (front-mounted), accelerometer, proximity, compass;Li-Ion 2950 mAh, non-removable;Black;About 250 EUR;;Asahi Dragontrail Glass;0.57 W/kg (head)     1.65 W/kg (body);;;;;Up to 320 h (3G);Up to 11 h (3G);
https://www.gsmarena.com/archos_55_cobalt_plus-7876.php;https://fdn2.gsmarena.com/vv/bigpic/archos-55-cobalt-plus.jpg;Archos 55 Cobalt Plus;Released 2016, March;130g, 8.3mm thickness;Android 5.1.1;16GB storage, microSDXC;4;N/A;104,171 hits;"5.5""";720x1280 pixels;2 GB RAM;MT6735P;2700 mAh Li-Ion;GSM 850 / 900 / 1800 / 1900 - SIM 1 & SIM 2;HSDPA 900 / 2100;1, 7, 9, 20;HSPA 42.2/11.5 Mbps, LTE Cat4 150/50 Mbps;2016, January. Released 2016, March;Discontinued;152.5 x 77 x 8.3 mm (6.00 x 3.03 x 0.33 in);130 g (4.59 oz);Dual SIM (Micro-SIM, dual stand-by);IPS LCD;5.5 inches, 83.4 cm(~71.0% screen-to-body ratio);720 x 1280 pixels, 16:9 ratio (~267 ppi density);Android 5.1.1 (Lollipop);Mediatek MT6735P (28 nm);Quad-core 1.0 GHz Cortex-A53;Mali-T720MP2;microSDXC;16GB 2GB RAM;;13 MP, AF;LED flash, HDR, panorama;720p@30fps;2 MP;;;Wi-Fi 802.11 b/g/n, Wi-Fi Direct, DLNA, hotspot;4.0, A2DP;GPS;No;Stereo FM radio, RDS, recording;microUSB 2.0;Accelerometer, gyro, proximity;Li-Ion 2700 mAh, non-removable;Blue/Gray;;;;0.25 W/kg (head)     1.28 W/kg (body);;;;;Up to 450 h;Up to 27 h;
https://www.gsmarena.com/archos_50_cobalt-7875.php;https://fdn2.gsmarena.com/vv/bigpic/archos-55-cobalt.jpg;Archos 50 Cobalt;Released 2016, March;135g, 9.2mm thickness;Android 5.1.1;8GB storage, microSDXC;1;N/A;74,161 hits;"5.0""";720x1280 pixels;1 GB RAM;MT6735P;2000 mAh Li-Ion;GSM 850 / 900 / 1800 / 1900 - SIM 1 & SIM 2;HSDPA 900 / 2100;1, 7, 9, 20;HSPA 42.2/11.5 Mbps, LTE Cat4 150/50 Mbps;2016, January. Released 2016, March;Discontinued;141.5 x 71.5 x 9.2 mm (5.57 x 2.81 x 0.36 in);135 g (4.76 oz);Dual SIM (Micro-SIM, dual stand-by);IPS LCD;5.0 inches, 68.9 cm(~68.1% screen-to-body ratio);720 x 1280 pixels, 16:9 ratio (~294 ppi density);Android 5.1.1 (Lollipop);Mediatek MT6735P (28 nm);Quad-core 1.0 GHz Cortex-A53;Mali-T720MP2;microSDXC;8GB 1GB RAM;;8 MP, AF;LED flash, HDR, panorama;720p@30fps;2 MP;;;Wi-Fi 802.11 b/g/n, Wi-Fi Direct, DLNA, hotspot;4.0, A2DP;GPS;No;Stereo FM radio, RDS, recording;microUSB 2.0;Accelerometer, gyro, proximity;Li-Ion 2000 mAh, non-removable;Blue/Gray;;;;0.28 W/kg (head)     1.25 W/kg (body);;;;;Up to 330 h;Up to 20 h;
https://www.gsmarena.com/archos_diamond_plus-7749.php;https://fdn2.gsmarena.com/vv/bigpic/archos-diamond-plus.jpg;Archos Diamond Plus;Released 2015, November;160g, 8.4mm thickness;Android 5.1.1;16GB storage, microSDXC;7;N/A;107,646 hits;"5.5""";1080x1920 pixels;2 GB RAM;MT6753;2850 mAh Li-Ion;GSM 850 / 900 / 1800 / 1900 - SIM 1 & SIM 2;HSDPA 850 / 900 / 1900 / 2100;3, 7, 20;HSPA, LTE;2015, September. Released 2015, November;Discontinued;152.6 x 76.4 x 8.4 mm (6.01 x 3.01 x 0.33 in);160 g (5.64 oz);Hybrid Dual SIM;IPS LCD;5.5 inches, 83.4 cm(~71.5% screen-to-body ratio);1080 x 1920 pixels, 16:9 ratio (~401 ppi density);Android 5.1.1 (Lollipop);Mediatek MT6753 (28 nm);Octa-core 1.3 GHz Cortex-A53;Mali-T720MP3;microSDXC (uses shared SIM slot);16GB 2GB RAM;;16 MP, AF;LED flash;1080p@30fps;8 MP;;;Wi-Fi 802.11 b/g/n;4.0, LE;GPS;No;FM radio;microUSB 2.0, OTG;Accelerometer, proximity, compass;Li-Ion 2850 mAh, non-removable;Silver;;;Asahi Dragontrail Glass;;;;;;;;
https://www.gsmarena.com/archos_diamond_s-7748.php;https://fdn2.gsmarena.com/vv/bigpic/archos-diamond-s.jpg;Archos Diamond S;Released 2015, November;118g, 6.5mm thickness;Android 5.1.1;16GB storage, microSDXC;3;N/A;87,398 hits;"5.0""";720x1280 pixels;2 GB RAM;MT6753;2300 mAh Li-Ion;GSM 850 / 900 / 1800 / 1900 - SIM 1 & SIM 2;HSDPA 850 / 900 / 1900 / 2100;3, 7, 20;HSPA, LTE;2015, September. Released 2015, November;Discontinued;145 x 71.5 x 6.5 mm (5.71 x 2.81 x 0.26 in);118 g (4.16 oz);Dual SIM;Super AMOLED;5.0 inches, 68.9 cm(~66.5% screen-to-body ratio);720 x 1280 pixels, 16:9 ratio (~294 ppi density);Android 5.1.1 (Lollipop);Mediatek MT6753 (28 nm);Octa-core 1.3 GHz Cortex-A53;Mali-T720MP3;microSDXC;16GB 2GB RAM;;"16 MP, 1/2.8"", 1.12µm, AF";LED flash;1080p@30fps;8 MP;;;Wi-Fi 802.11 b/g/n;4.0, LE;GPS;No;FM radio;microUSB 2.0, OTG;Accelerometer, proximity, compass;Li-Ion 2300 mAh, non-removable;Black;;;Corning Gorilla Glass 3;0.33 W/kg (head)     1.60 W/kg (body);;;;;;;
https://www.gsmarena.com/archos_50d_helium_4g-7371.php;https://fdn2.gsmarena.com/vv/bigpic/archos-50d-helium-4g.jpg;Archos 50d Helium 4G;Released 2015, July;154g, 8.4mm thickness;Android 5.1;8GB storage, microSD;6;N/A;126,269 hits;"5.0""";720x1280 pixels;1 GB RAM;Snapdragon 410;2100 mAh Li-Ion;GSM 850 / 900 / 1800 / 1900 - SIM 1 & SIM 2;HSDPA 900 / 2100;3, 7, 20;HSPA 42.2/11.5 Mbps, LTE Cat4 150/50 Mbps;2015, July. Released 2015, July;Discontinued;146 x 72.2 x 8.4 mm (5.75 x 2.84 x 0.33 in);154 g (5.43 oz);Dual SIM (Micro-SIM, dual stand-by);IPS LCD;5.0 inches, 68.9 cm(~65.4% screen-to-body ratio);720 x 1280 pixels, 16:9 ratio (~294 ppi density);Android 5.1 (Lollipop);Qualcomm MSM8916 Snapdragon 410 (28 nm);Quad-core 1.2 GHz Cortex-A53;Adreno 305;microSD;8GB 1GB RAM;eMMC 4.5;13 MP, AF;LED flash;1080p@30fps;5 MP;;;Wi-Fi 802.11 b/g/n, Wi-Fi Direct, hotspot;4.0, LE;GPS;No;FM radio;microUSB 2.0;Accelerometer, proximity, compass;Li-Ion 2100 mAh, removable;Dark blue, Black;About 140 EUR;;;;;;;;;;
https://www.gsmarena.com/archos_50b_helium_4g-7050.php;https://fdn2.gsmarena.com/vv/bigpic/archos-50b-helium.jpg;Archos 50b Helium 4G;Released 2014, December;160g, 9mm thickness;Android 4.4.4;8GB storage, microSDXC;3;N/A;169,965 hits;"5.0""";720x1280 pixels;1 GB RAM;Snapdragon 410;2000 mAh Li-Po;GSM 850 / 900 / 1800 / 1900 - SIM 1 & SIM 2;HSDPA 850 / 900 / 2100;1, 3, 7, 20;HSPA 42.2/11.5 Mbps, LTE Cat4 150/50 Mbps;2014, October. Released 2014, December;Discontinued;145 x 71.5 x 9 mm (5.71 x 2.81 x 0.35 in);160 g (5.64 oz);Dual SIM (Micro-SIM, dual stand-by);IPS LCD;5.0 inches, 68.9 cm(~66.5% screen-to-body ratio);720 x 1280 pixels, 16:9 ratio (~294 ppi density);Android 4.4.4 (KitKat);Qualcomm MSM8916 Snapdragon 410 (28 nm);Quad-core 1.2 GHz Cortex-A53;Adreno 306;microSDXC;8GB 1GB RAM;eMMC 4.5;8 MP, AF;LED flash;1080p@30fps;2 MP;;;Wi-Fi 802.11 b/g/n, Wi-Fi Direct;4.0, A2DP;GPS;Yes;FM radio;microUSB 2.0;Accelerometer, proximity, compass;Li-Po 2000 mAh, removable;Black;About 150 EUR;;;0.40 W/kg (head)     0.71 W/kg (body);;;;;;;
https://www.gsmarena.com/archos_50_diamond-7042.php;https://fdn2.gsmarena.com/vv/bigpic/archos-50-diamond.jpg;Archos 50 Diamond;Released 2015, January;142g, 8mm thickness;Android 4.4.4;16GB storage, microSDXC;17;N/A;199,159 hits;"5.0""";1080x1920 pixels;2 GB RAM;Snapdragon 615;2700 mAh Li-Po;GSM 850 / 900 / 1800 / 1900;HSDPA 850 / 900 / 2100;1, 3, 7, 20;HSPA 42.2/11.5 Mbps, LTE Cat4 150/50 Mbps;2014, October. Released 2015, January;Discontinued;146 x 70.4 x 8 mm (5.75 x 2.77 x 0.31 in);142 g (5.01 oz);Dual SIM (Micro-SIM, dual stand-by);IPS LCD;5.0 inches, 69.2 cm(~67.4% screen-to-body ratio);1080 x 1920 pixels, 16:9 ratio (~440 ppi density);Android 4.4.4 (KitKat);Qualcomm MSM8939 Snapdragon 615 (28 nm);Octa-core (4x1.5 GHz Cortex-A53 & 4x1.0 GHz Cortex-A53);Adreno 405;microSDXC;16GB 2GB RAM;eMMC 4.5;16 MP, AF;LED flash;1080p@30fps;8 MP;;;Wi-Fi 802.11 b/g/n, Wi-Fi Direct;4.0, A2DP;GPS;Yes;FM radio;microUSB 2.0;Accelerometer, proximity, compass;Li-Po 2700 mAh, non-removable;Black, Electric yellow;About 200 EUR;;;0.40 W/kg (head)     0.71 W/kg (body);;;;;;;
https://www.gsmarena.com/archos_40_cesium-6660.php;https://fdn2.gsmarena.com/vv/bigpic/archos-40-cesium.jpg;Archos 40 Cesium;Released 2014, September;;Microsoft Windows Phone 8.1;4GB 512MB RAM storage, microSDHC slot;9;N/A;156,702 hits;"4.0""";480x800 pixels;512 MB RAM;Snapdragon 200;1700 mAh Li-Ion;GSM 850 / 900 / 1800 / 1900 - SIM 1 & SIM 2;HSDPA 900 / 2100;;HSPA 21.1/5.76 Mbps;2014, September. Released 2014, September;Discontinued;-;;Dual SIM (dual stand-by);TFT;4.0 inches, 45.5 cm;480 x 800 pixels, 5:3 ratio (~233 ppi density);Microsoft Windows Phone 8.1;Qualcomm Snapdragon 200 (28 nm);Quad-core 1.2 GHz Cortex-A7;Adreno 302;microSDHC;4GB 512MB RAM;eMMC 4.5;5 MP, AF;LED flash;1080p@30fps;2 MP;;;Wi-Fi 802.11 b/g/n, hotspot;4.0, A2DP, EDR;GPS;No;FM radio, RDS;microUSB 2.0;Accelerometer, proximity, compass;Li-Ion 1700 mAh, removable;"Black; Yellow and Blue (included)";About 80 EUR;;;;;;;;;;
https://www.gsmarena.com/archos_45c_platinum-6610.php;https://fdn2.gsmarena.com/vv/bigpic/archos-45c-platinum.jpg;Archos 45c Platinum;Released 2014, September;138g, 8.9mm thickness;Android 4.4.2;4GB 512MB RAM storage, microSDHC slot;4;N/A;175,736 hits;"4.5""";480x854 pixels;512 MB RAM;MT6582;1700 mAh Li-Ion;GSM 850 / 900 / 1800 / 1900;HSDPA 900 / 2100;;HSPA 21.1/5.76 Mbps;2014, August. Released 2014, September;Discontinued;133 x 67.5 x 8.9 mm (5.24 x 2.66 x 0.35 in);138 g (4.87 oz);Dual SIM (Mini-SIM);IPS LCD;4.5 inches, 55.8 cm(~62.2% screen-to-body ratio);480 x 854 pixels, 16:9 ratio (~218 ppi density);Android 4.4.2 (KitKat);Mediatek MT6582 (28 nm);Quad-core 1.3 GHz Cortex-A7;Mali-400MP2;microSDHC;4GB 512MB RAM;;5 MP, AF;LED flash;1080p@30fps;2 MP;;;Wi-Fi 802.11 b/g/n, hotspot, Wi-Fi Direct, DLNA;4.0, A2DP, EDR;GPS;No;Stereo FM radio;microUSB 2.0;Accelerometer, proximity, compass;Li-Ion 1700 mAh, removable;"Black; Metallic Blue and Spicy Pink (included)";;;;;;;;;;;
https://www.gsmarena.com/archos_40c_titanium-6661.php;https://fdn2.gsmarena.com/vv/bigpic/archos-40c-titanium.jpg;Archos 40c Titanium;Released 2014, April;110g, 10mm thickness;Android 4.4;4GB 512MB RAM storage, microSDXC slot;2;N/A;166,351 hits;"4.0""";480x800 pixels;512 MB RAM;MT6572;1450 mAh Li-Po;GSM 850 / 900 / 1800 / 1900 - SIM 1 & SIM 2;HSDPA 900 / 2100 - SIM 1 & SIM 2;;HSPA 21.1/5.76 Mbps;2014, February. Released 2014, April;Discontinued;126 x 65 x 10 mm (4.96 x 2.56 x 0.39 in);110 g (3.88 oz);Dual SIM (dual stand-by);LCD;4.0 inches, 45.5 cm(~55.6% screen-to-body ratio);480 x 800 pixels, 5:3 ratio (~233 ppi density);Android 4.4 (KitKat);Mediatek MT6572 (28 nm);Dual-core 1.3 GHz Cortex-A7;Mali-400;microSDXC;4GB 512MB RAM;;5 MP, AF;LED flash;720p@30fps;VGA;;;Wi-Fi 802.11 b/g/n, hotspot;3.0, A2DP, EDR;GPS;No;No;microUSB 2.0;Accelerometer, proximity;Li-Po 1450 mAh, removable;Black/White;;;;;;;;;;;1.00 W/kg (head)     0.87 W/kg (body)
https://www.gsmarena.com/archos_50b_platinum-6609.php;https://fdn2.gsmarena.com/vv/bigpic/archos-50b-platinum.jpg;Archos 50b Platinum;Released 2014, September;160g, 8.3mm thickness;Android 4.4.2;4GB 512MB RAM storage, microSDHC slot;3;N/A;198,587 hits;"5.0""";540x960 pixels;512 MB RAM;MT6582;1900 mAh Li-Ion;GSM 850 / 900 / 1800 / 1900;HSDPA 900 / 2100;;HSPA 21.1/5.76 Mbps;2014, August. Released 2014, September;Discontinued;146.8 x 73 x 8.3 mm (5.78 x 2.87 x 0.33 in);160 g (5.64 oz);Dual SIM (Mini-SIM);IPS LCD;5.0 inches, 68.9 cm(~64.3% screen-to-body ratio);540 x 960 pixels, 16:9 ratio (~220 ppi density);Android 4.4.2 (KitKat);Mediatek MT6582 (28 nm);Quad-core 1.3 GHz Cortex-A7;Mali-400MP2;microSDHC;4GB 512MB RAM;;8 MP, AF;LED flash;1080p@30fps;2 MP;;;Wi-Fi 802.11 b/g/n, hotspot, Wi-Fi Direct, DLNA;4.0, A2DP, EDR;GPS;No;Stereo FM radio;microUSB 2.0;Accelerometer, proximity, compass;Li-Ion 1900 mAh, removable;Black;;;;;;;;;;;
https://www.gsmarena.com/archos_80_helium_4g-6128.php;https://fdn2.gsmarena.com/vv/bigpic/archos-80-helium-4g.jpg;Archos 80 Helium 4G;Released 2014, April;;Android 4.3;8GB storage, microSDHC;5;N/A;153,268 hits;"8.0""";768x1024 pixels;1 GB RAM;Snapdragon 400;3500 mAh Li-Ion;GSM 850 / 900 / 1800 / 1900;HSDPA 900 / 2100;1, 3, 7, 20;HSPA 21.1/5.76 Mbps, LTE Cat4 150/50 Mbps;2014, February. Released 2014, April;Discontinued;-;-;Mini-SIM;IPS LCD;8.0 inches, 198.2 cm;768 x 1024 pixels, 4:3 ratio (~160 ppi density);Android 4.3 (Jelly Bean);Qualcomm MSM8926 Snapdragon 400 (28 nm);Quad-core 1.2 GHz Cortex-A7;Adreno 305;microSDHC (dedicated slot);8GB 1GB RAM;eMMC 4.5;5 MP, AF;LED flash;1080p@30fps;2 MP;;;Wi-Fi 802.11 b/g/n, hotspot, Wi-Fi Direct, DLNA;4.0, A2DP, EDR;GPS;No;No;microUSB 2.0;Accelerometer;Li-Ion 3500 mAh, removable;White/Silver;About 280 EUR;;;;;;;;;;
https://www.gsmarena.com/archos_64_xenon-6127.php;https://fdn2.gsmarena.com/vv/bigpic/archos-64-xenon.jpg;Archos 64 Xenon;Released 2014, April;232g, 9.3mm thickness;Android 4.2.2;4GB 1GB RAM storage, microSDHC slot;6;N/A;191,917 hits;"6.4""";720x1280 pixels;1 GB RAM;MT6582;2800 mAh Li-Ion;GSM 850 / 900 / 1800 / 1900;HSDPA 900 / 2100;;HSPA 21.1/5.76 Mbps;2014, February. Released 2014, April;Discontinued;170.7 x 90.6 x 9.3 mm (6.72 x 3.57 x 0.37 in);232 g (8.18 oz);Dual SIM;IPS LCD;6.4 inches, 112.9 cm(~73.0% screen-to-body ratio);720 x 1280 pixels, 16:9 ratio (~229 ppi density);Android 4.2.2 (Jelly Bean);Mediatek MT6582 (28 nm);Quad-core 1.3 GHz Cortex-A7;Mali-400MP2;microSDHC;4GB 1GB RAM;;8 MP, AF;LED flash;720p;2 MP;;;Wi-Fi 802.11 b/g/n, hotspot, Wi-Fi Direct, DLNA;3.0, A2DP, EDR;GPS;No;No;microUSB 2.0;Accelerometer, proximity, compass;Li-Ion 2800 mAh, removable;Black;About 240 EUR;;;;;;;;;;
https://www.gsmarena.com/archos_50c_oxygen-6125.php;https://fdn2.gsmarena.com/vv/bigpic/archos-50c-oxygen.jpg;Archos 50c Oxygen;Released 2014, April;140g, 7.6mm thickness;Android 4.2.2;8GB storage, microSDHC;7;N/A;235,079 hits;"5.0""";720x1280 pixels;1 GB RAM;MT6592;2000 mAh Li-Ion;GSM 850 / 900 / 1800 / 1900;HSDPA 900 / 2100;;HSPA 21.1/5.76 Mbps;2014, February. Released 2014, April;Discontinued;145 x 69.8 x 7.6 mm (5.71 x 2.75 x 0.30 in);140 g (4.94 oz);Dual SIM;IPS LCD;5.0 inches, 68.9 cm(~68.1% screen-to-body ratio);720 x 1280 pixels, 16:9 ratio (~294 ppi density);Android 4.2.2 (Jelly Bean);Mediatek MT6592 (28 nm);Octa-core 1.7 GHz Cortex-A7;Mali-450MP4;microSDHC;8GB 1GB RAM;;8 MP, AF;LED flash;1080p@30fps;2 MP;;;Wi-Fi 802.11 b/g/n, hotspot, Wi-Fi Direct, DLNA;4.0, A2DP, EDR;GPS;No;Stereo FM radio;microUSB 2.0;Accelerometer, proximity, compass;Li-Ion 2000 mAh, removable;Black;About 240 EUR;;;;;;;;;;
https://www.gsmarena.com/archos_40b_titanium-6126.php;https://fdn2.gsmarena.com/vv/bigpic/archos-40b-titanium.jpg;Archos 40b Titanium;Released 2014, April;115g, 8.5mm thickness;Android 4.2.2;4GB 512MB RAM storage, microSDHC slot;4;N/A;173,328 hits;"4.0""";480x800 pixels;512 MB RAM;;1400 mAh Li-Ion;GSM 850 / 900 / 1800 / 1900;HSDPA 900 / 2100;;HSPA 21.1/5.76 Mbps;2014, February. Released 2014, April;Discontinued;125 x 61 x 8.5 mm (4.92 x 2.40 x 0.33 in);115 g (4.06 oz);Dual SIM;IPS LCD;4.0 inches, 45.5 cm(~59.7% screen-to-body ratio);480 x 800 pixels, 5:3 ratio (~233 ppi density);Android 4.2.2 (Jelly Bean);;;;microSDHC;4GB 512MB RAM;;5 MP, AF;LED flash;Yes;VGA;;;Wi-Fi 802.11 b/g/n, hotspot, Wi-Fi Direct, DLNA;3.0, A2DP, EDR;GPS;No;No;microUSB 2.0;Accelerometer, proximity;Li-Ion 1400 mAh, removable;Black/White;About 120 EUR;;;;;;;;;;1.00 W/kg (head)     0.87 W/kg (body)
https://www.gsmarena.com/archos_50_helium_4g-6055.php;https://fdn2.gsmarena.com/vv/bigpic/archos-helium-4g-50.jpg;Archos 50 Helium 4G;Released 2014;160g, 9mm thickness;Android 4.3;8GB storage, microSDHC;4;N/A;185,129 hits;"5.0""";720x1280 pixels;1 GB RAM;Snapdragon 400;2000 mAh Li-Ion;GSM 850 / 900 / 1800 / 1900;HSDPA 900 / 2100  / 1800;1, 3, 7, 8;HSPA 42.2/11.5 Mbps, LTE Cat4 150/50 Mbps;2014. Released 2014;Discontinued;145 x 71.5 x 9 mm (5.71 x 2.81 x 0.35 in);160 g (5.64 oz);Micro-SIM;IPS LCD;5.0 inches, 68.9 cm(~66.5% screen-to-body ratio);720 x 1280 pixels, 16:9 ratio (~294 ppi density);Android 4.3 (Jelly Bean);Qualcomm MSM8926 Snapdragon 400 (28 nm);Quad-core 1.2 GHz Cortex-A7;Adreno 305;microSDHC (dedicated slot);8GB 1GB RAM;eMMC 4.5;8 MP, AF;LED flash;1080p@30fps;2 MP;;;Wi-Fi 802.11 b/g/n, hotspot, Wi-Fi Direct, DLNA;4.0, A2DP, EDR, LE;GPS, GLONASS;No;FM radio;microUSB 2.0;Accelerometer, proximity, compass;Li-Ion 2000 mAh, removable;Black;About 280 EUR;;;0.37 W/kg (head)     0.89 W/kg (body);;;;;;Up to 10 h (2G) / Up to 8 h (3G);
https://www.gsmarena.com/archos_45_helium_4g-6056.php;https://fdn2.gsmarena.com/vv/bigpic/archos-helium-4g-45.jpg;Archos 45 Helium 4G;Released 2014;140g, 9.8mm thickness;Android 4.3;8GB storage, microSDHC;3;N/A;151,482 hits;"4.5""";480x800 pixels;1 GB RAM;Snapdragon 400;1850 mAh Li-Ion;GSM 850 / 900 / 1800 / 1900;HSDPA 900 / 2100  / 1800;1, 3, 7, 8;HSPA 42.2/11.5 Mbps, LTE Cat4 150/50 Mbps;2014. Released 2014;Discontinued;135 x 67 x 9.8 mm (5.31 x 2.64 x 0.39 in);140 g (4.94 oz);Micro-SIM;IPS LCD;4.5 inches, 57.6 cm(~63.7% screen-to-body ratio);480 x 800 pixels, 5:3 ratio (~207 ppi density);Android 4.3 (Jelly Bean);Qualcomm MSM8926 Snapdragon 400 (28 nm);Quad-core 1.2 GHz Cortex-A7;Adreno 305;microSDHC (dedicated slot);4GB 1GB RAM;eMMC 4.5;5 MP, AF;LED flash;1080p@30fps;VGA;;;Wi-Fi 802.11 b/g/n, hotspot, Wi-Fi Direct, DLNA;4.0, A2DP, EDR, LE;GPS, GLONASS;No;FM radio;microUSB 2.0;Accelerometer, proximity, compass;Li-Ion 1850 mAh, removable;Black;About 230 EUR;;;;;;;;;Up to 9 h (2G) / Up to 7 h (3G);
https://www.gsmarena.com/archos_50_oxygen-6057.php;https://fdn2.gsmarena.com/vv/bigpic/archos-oxygen-50.jpg;Archos 50 Oxygen;Released 2013;130g, 9.9mm thickness;Android 4.2.2;16GB storage, microSDHC;10;N/A;195,375 hits;"5.0""";1080x1920 pixels;1 GB RAM;MT6589T;2300 mAh Li-Ion;GSM 850 / 900 / 1800 / 1900;HSDPA 900 / 2100;;HSPA 42.2/11.5 Mbps;2013. Released 2013;Discontinued;143 x 70.5 x 9.9 mm (5.63 x 2.78 x 0.39 in);130 g (4.59 oz);Micro-SIM;IPS LCD;5.0 inches, 68.9 cm(~68.4% screen-to-body ratio);1080 x 1920 pixels, 16:9 ratio (~441 ppi density);Android 4.2.2 (Jelly Bean);Mediatek MT6589T (28 nm);Quad-core 1.5 GHz Cortex-A7;PowerVR SGX544MP2;microSDHC (dedicated slot);16GB 1GB RAM;;13.4 MP, AF;LED flash;1080p@30fps;5.3 MP;LED flash;;Wi-Fi 802.11 b/g/n, hotspot, Wi-Fi Direct, DLNA;4.0, A2DP, EDR;GPS;No;Stereo FM radio;microUSB 2.0 (MHL TV-out), OTG;Accelerometer, gyro, proximity, compass;Li-Ion 2300 mAh, removable;Black;;;;0.22 W/kg (head)     0.56 W/kg (body);;;;;;;
https://www.gsmarena.com/archos_53_platinum-6059.php;https://fdn2.gsmarena.com/vv/bigpic/archos-platinum-53.jpg;Archos 53 Platinum;Released 2013;189.9g, 9.3mm thickness;Android 4.1.2;4GB 1GB RAM storage, microSDHC slot;4;N/A;153,627 hits;"5.3""";540x960 pixels;1 GB RAM;Snapdragon S4 Play;2800 mAh Li-Ion;GSM 900 / 1800 / 1900 - SIM 1 & SIM 2;HSDPA 900 / 2100;;HSPA 7.2/5.76 Mbps;2013. Released 2013;Discontinued;153.6 x 78 x 9.3 mm (6.05 x 3.07 x 0.37 in);189.9 g (6.67 oz);Dual SIM (Mini-SIM);IPS LCD;5.3 inches, 77.4 cm(~64.6% screen-to-body ratio);540 x 960 pixels, 16:9 ratio (~208 ppi density);Android 4.1.2 (Jelly Bean);Qualcomm MSM8225Q Snapdragon S4 Play;Quad-core 1.2 GHz Cortex-A5;Adreno 203;microSDHC (dedicated slot);4GB 1GB RAM;;8 MP, AF;LED flash, HDR;720p;2 MP;;;Wi-Fi 802.11 b/g/n, hotspot, DLNA;3.0, A2DP, EDR;GPS;No;Stereo FM radio;microUSB 2.0;Accelerometer, proximity;Li-Ion 2800 mAh, removable;Black;;;;0.33 W/kg (head)     0.75 W/kg (body);;;;;Up to 264 h;Up to 21 h (2G) / Up to 15 h (3G);
https://www.gsmarena.com/archos_50_platinum-6058.php;https://fdn2.gsmarena.com/vv/bigpic/archos-platinum-50.jpg;Archos 50 Platinum;Released 2013;160.2g, 8.9mm thickness;Android 4.1.2;4GB 1GB RAM storage, microSDHC slot;1;N/A;216,689 hits;"5.0""";540x960 pixels;1 GB RAM;Snapdragon S4 Play;2000 mAh Li-Ion;GSM 900 / 1800 / 1900 - SIM 1 & SIM 2;HSDPA 900 / 2100;;HSPA 7.2/5.76 Mbps;2013. Released 2013;Discontinued;143.4 x 72.4 x 8.9 mm (5.65 x 2.85 x 0.35 in);160.2 g (5.64 oz);Dual SIM (Mini-SIM);IPS LCD;5.0 inches, 68.9 cm(~66.4% screen-to-body ratio);540 x 960 pixels, 16:9 ratio (~220 ppi density);Android 4.1.2 (Jelly Bean);Qualcomm MSM8225Q Snapdragon S4 Play;Quad-core 1.2 GHz Cortex-A5;Adreno 203;microSDHC (dedicated slot);4GB 1GB RAM;;8 MP, AF;LED flash, HDR;720p;2 MP;;;Wi-Fi 802.11 b/g/n, hotspot, DLNA;3.0, A2DP, EDR;GPS;No;Stereo FM radio;microUSB 2.0;Accelerometer, proximity;Li-Ion 2000 mAh, removable;Black;;;;0.33 W/kg (head)     0.51 W/kg (body);;;;;Up to 161 h;Up to 12 h 20 min (2G) / Up to 10 h (3G);
https://www.gsmarena.com/archos_45_platinum-6060.php;https://fdn2.gsmarena.com/vv/bigpic/archos-platinum-45.jpg;Archos 45 Platinum;Released 2013;150g, 9.2mm thickness;Android 4.1.2;4GB 1GB RAM storage, microSDHC slot;4;N/A;167,547 hits;"4.5""";540x960 pixels;1 GB RAM;Snapdragon S4 Play;1600 mAh Li-Ion;GSM 900 / 1800 / 1900 - SIM 1 & SIM 2;HSDPA 900 / 2100;;HSPA 7.2/5.76 Mbps;2013. Released 2013;Discontinued;142.5 x 71.8 x 9.2 mm (5.61 x 2.83 x 0.36 in);150 g (5.29 oz);Dual SIM (Mini-SIM);TFT;4.5 inches, 55.8 cm(~54.6% screen-to-body ratio);540 x 960 pixels, 16:9 ratio (~245 ppi density);Android 4.1.2 (Jelly Bean);Qualcomm MSM8225Q Snapdragon S4 Play;Quad-core 1.2 GHz Cortex-A5;Adreno 203;microSDHC (dedicated slot);4GB 1GB RAM;;5 MP, AF;LED flash, HDR;720p;VGA;;;Wi-Fi 802.11 b/g/n, hotspot, DLNA;3.0, A2DP, EDR;GPS;No;Stereo FM radio;microUSB 2.0;Accelerometer, proximity;Li-Ion 1600 mAh, removable;Black;;;;0.39 W/kg (head)     1.28 W/kg (body);;;;;Up to 135 h;Up to 8 h 20 min (2G) / Up to 10 h (3G);
https://www.gsmarena.com/archos_53_titanium-6061.php;https://fdn2.gsmarena.com/vv/bigpic/archos-titanium-53.jpg;Archos 53 Titanium;Released 2013;200g, 10.1mm thickness;Android 4.2.2;4GB 512MB RAM storage, microSDHC slot;2;N/A;132,603 hits;"5.3""";480x854 pixels;512 MB RAM;MT6572;2500 mAh Li-Ion;GSM 850 / 900 / 1800 / 1900 - SIM 1 & SIM 2;HSDPA 900 / 2100;;HSPA 21.1/5.76 Mbps;2013. Released 2013;Discontinued;152.7 x 76.6 x 10.1 mm (6.01 x 3.02 x 0.40 in);200 g (7.05 oz);Dual SIM (Mini-SIM);TFT;5.3 inches, 77.4 cm(~66.2% screen-to-body ratio);480 x 854 pixels, 16:9 ratio (~185 ppi density);Android 4.2.2 (Jelly Bean);Mediatek MT6572 (28 nm);Dual-core 1.3 GHz Cortex-A7;Mali-400;microSDHC (dedicated slot);4GB 512MB RAM;;5 MP, AF;LED flash;720p;VGA;;;Wi-Fi 802.11 b/g/n, hotspot, DLNA;2.1, A2DP, EDR;GPS;No;Stereo FM radio;microUSB 2.0;Accelerometer;Li-Ion 2500 mAh, removable;Black;;;;0.38 W/kg (head)     0.55 W/kg (body);;;;;;;
https://www.gsmarena.com/archos_50_titanium-6062.php;https://fdn2.gsmarena.com/vv/bigpic/archos-titanium-50.jpg;Archos 50 Titanium;Released 2013;160g, 9.9mm thickness;Android 4.2.2;4GB 512MB RAM storage, microSDHC slot;4;N/A;164,113 hits;"5.0""";540x960 pixels;512 MB RAM;MT6572;2100 mAh Li-Ion;GSM 850 / 900 / 1800 / 1900 - SIM 1 & SIM 2;HSDPA 900 / 2100;;HSPA 21.1/5.76 Mbps;2013. Released 2013;Discontinued;144.5 x 73.7 x 9.9 mm (5.69 x 2.90 x 0.39 in);160 g (5.64 oz);Dual SIM (Mini-SIM & Micro-SIM);IPS LCD;5.0 inches, 68.9 cm(~64.7% screen-to-body ratio);540 x 960 pixels, 16:9 ratio (~220 ppi density);Android 4.2.2 (Jelly Bean);Mediatek MT6572 (28 nm);Dual-core 1.3 GHz Cortex-A7;Mali-400;microSDHC (dedicated slot);4GB 512MB RAM;;5 MP, AF;LED flash;720p;VGA;;;Wi-Fi 802.11 b/g/n, hotspot, DLNA;2.1, A2DP, EDR;GPS;No;Stereo FM radio;microUSB 2.0;Accelerometer;Li-Ion 2100 mAh, removable;Black;;;;0.35 W/kg (head)     0.70 W/kg (body);;;;;;;
https://www.gsmarena.com/archos_45_titanium-6063.php;https://fdn2.gsmarena.com/vv/bigpic/archos-titanium-45.jpg;Archos 45 Titanium;Released 2013;152g, 10mm thickness;Android 4.2.2;4GB 512MB RAM storage, microSDHC slot;3;N/A;138,921 hits;"4.5""";480x854 pixels;512 MB RAM;MT6572;1680 mAh Li-Ion;GSM 850 / 900 / 1800 / 1900 - SIM 1 & SIM 2;HSDPA 900 / 2100;;HSPA 21.1/5.76 Mbps;2013. Released 2013;Discontinued;133.8 x 68.2 x 10 mm (5.27 x 2.69 x 0.39 in);152 g (5.36 oz);Dual SIM (Mini-SIM);TFT;4.5 inches, 55.8 cm(~61.2% screen-to-body ratio);480 x 854 pixels, 16:9 ratio (~218 ppi density);Android 4.2.2 (Jelly Bean);Mediatek MT6572 (28 nm);Dual-core 1.3 GHz Cortex-A7;Mali-400;microSDHC (dedicated slot);4GB 512MB RAM;;5 MP, AF;LED flash;720p;VGA;;;Wi-Fi 802.11 b/g/n, hotspot, DLNA;3.0, A2DP, EDR;GPS;No;Stereo FM radio;microUSB 2.0;Accelerometer;Li-Ion 1680 mAh, removable;Black;;;;1.16 W/kg (head)     0.77 W/kg (body);;;;;;;
https://www.gsmarena.com/archos_40_titanium-6064.php;https://fdn2.gsmarena.com/vv/bigpic/archos-titanium-40.jpg;Archos 40 Titanium;Released 2013;124g, 8.5mm thickness;Android 4.2.2;4GB 512MB RAM storage, microSDHC slot;4;N/A;192,776 hits;"4.0""";480x800 pixels;512 MB RAM;MT6572;1500 mAh Li-Ion;GSM 850 / 900 / 1800 / 1900 - SIM 1 & SIM 2;HSDPA 900 / 2100;;HSPA 21.1/5.76 Mbps;2013. Released 2013;Discontinued;125 x 65 x 8.5 mm (4.92 x 2.56 x 0.33 in);124 g (4.37 oz);Dual SIM (Mini-SIM);TFT;4.0 inches, 45.5 cm(~56.1% screen-to-body ratio);480 x 800 pixels, 5:3 ratio (~233 ppi density);Android 4.2.2 (Jelly Bean);Mediatek MT6572 (28 nm);Dual-core 1.3 GHz Cortex-A7;Mali-400;microSDHC (dedicated slot);4GB 512MB RAM;;5 MP, AF;LED flash;720p;VGA;;;Wi-Fi 802.11 b/g/n, hotspot, DLNA;3.0, A2DP, EDR;GPS;No;Stereo FM radio;microUSB 2.0;Accelerometer;Li-Ion 1500 mAh, removable;Black;;;;0.44 W/kg (head)     0.73 W/kg (body);;;;;Up to 150 h;Up to 12 h (2G) / Up to 9 h 30 min (3G);
