Link;Image;Name;Release date;Weight;OS;Storage;Fans;Popularity;Hits;Screen_size;Screen_resolution;RAM;SOC;Battery;net2g;net3g;net4g;speed;year;status;dimensions;weight;sim;bodyother;displaytype;displaysize;displayresolution;os;chipset;cpu;gpu;memoryslot;internalmemory;memoryother;cam1modules;cam1features;cam1video;cam2modules;cam2video;wlan;bluetooth;gps;nfc;radio;usb;sensors;batdescription1;colors;price;displayprotection;build;net5g;gprstext;edge;tbench;batlife;cam2features
https://www.gsmarena.com/blackview_oscal_s80-12115.php;https://fdn2.gsmarena.com/vv/bigpic/blackview-oscal-s80.jpg;Blackview Oscal S80;Released 2023, February 13;460g, 18.9mm thickness;Android 12, Doke-OS 3.0;128GB storage, microSDXC;10;0.8%;22,828 hits;"6.58""";1080x2408 pixels;6 GB RAM;Helio G85;13000 mAh Li-Po;GSM 850 / 900 / 1800 / 1900 - SIM 1 & SIM 2;HSDPA 900 / 2100;1, 3, 7, 8, 20, 40;HSPA, LTE;2023, January 03;Available. Released 2023, February 13;174 x 81.4 x 18.9 mm (6.85 x 3.20 x 0.74 in);460 g (1.01 lb);Hybrid Dual SIM (Nano-SIM, dual stand-by);IP68/IP69K dust/water resistant (up to 1.5m for 30 min)Drop-to-concrete resistance from up to 1.5mMIL-STD-810H compliant;IPS LCD;6.58 inches, 104.3 cm(~73.6% screen-to-body ratio);1080 x 2408 pixels, 20:9 ratio (~401 ppi density);Android 12, Doke-OS 3.0;Mediatek MT6769 Helio G85 (12nm);Octa-core (2x2.0 GHz Cortex-A75 & 6x1.8 GHz Cortex-A55);Mali-G52 MC2;microSDXC (uses shared SIM slot);128GB 6GB RAM;eMMC 5.1;"12 MP, f/2.0, (wide), 1/2.55"", PDAF8 MP, 117˚ (ultrawide)2 MP, (depth)";LED flash, HDR, panorama;1440p@30fps, 1080p@30fps;8 MP;1080p@30fps;Wi-Fi 802.11 a/b/g/n/ac, dual-band;5.0, A2DP, LE;GPS, GLONASS, GALILEO, BDS;Yes;FM radio;USB Type-C, OTG;Fingerprint (side-mounted), accelerometer, gyro, proximity, compass;Li-Po 13000 mAh, non-removable;Navy Green, Mecha Orange, Conquest Black;About 170 EUR;;;;;;;;
https://www.gsmarena.com/blackview_bv9200-12055.php;https://fdn2.gsmarena.com/vv/bigpic/blackview-bv-9200.jpg;Blackview BV9200;Released 2023, January 09;310g, 13.6mm thickness;Android 12, Doke-OS 3.1;256GB storage, microSDXC;13;0.6%;32,975 hits;"6.6""";1080x2408 pixels;8 GB RAM;Helio G96;5000 mAh Li-Po;GSM 850 / 900 / 1800 / 1900 - SIM 1 & SIM 2;HSDPA 850 / 900 / 1700(AWS) / 1900 / 2100;1, 2, 3, 4, 5, 7, 8, 12, 13, 17, 18, 19, 20, 25, 26, 28, 34, 38, 39, 40, 41, 66;HSPA, LTE;2022, December 28;Available. Released 2023, January 09;174.5 x 81.8 x 13.6 mm (6.87 x 3.22 x 0.54 in);310 g (10.93 oz);Dual SIM (Nano-SIM, dual stand-by);IP68/IP69K dust/water resistant (up to 1.5m for 30 min)Drop-to-concrete resistance from up to 1.8mMIL-STD-810H compliant;IPS LCD, 120Hz;6.6 inches, 104.9 cm(~73.5% screen-to-body ratio);1080 x 2408 pixels, 20:9 ratio (~400 ppi density);Android 12, Doke-OS 3.1;Mediatek Helio G96 (12 nm);Octa-core (2x2.05 GHz Cortex-A76 & 6x2.0 GHz Cortex-A55);Mali-G52 MC2;microSDXC (dedicated slot);256GB 8GB RAM;UFS 2.1;"50 MP, (wide), 1/2.76"", 0.64µm, PDAF8 MP, 120˚, (ultrawide)0.3 MP, (depth)";LED flash, HDR, panorama;1440p@30fps, 1080p@30fps;"16 MP, (wide), 1/3"", 1.0µm";1080p;Wi-Fi 802.11 a/b/g/n/ac, dual-band;5.2, A2DP, LE;GPS, GLONASS, GALILEO, BDS;Yes;FM radio;USB Type-C, OTG;Fingerprint (side-mounted), accelerometer, gyro, proximity, compass, barometer;Li-Po 5000 mAh, non-removable;Black, Orange, Green;About 200 EUR;Corning Gorilla Glass 5;;;;;;;
https://www.gsmarena.com/blackview_bv5200_pro-12056.php;https://fdn2.gsmarena.com/vv/bigpic/blackview-bv5200-pro.jpg;Blackview BV5200 Pro;Released 2022, December 05;268g, 13.7mm thickness;Android 12, Doke-OS 3.0;64GB storage, microSDXC;2;0.3%;12,135 hits;"6.1""";720x1560 pixels;4 GB RAM;Helio G35;5180 mAh Li-Ion;GSM 850 / 900 / 1800 / 1900 - SIM 1 & SIM 2;HSDPA 900 / 2100;1, 3, 7, 8, 20, 40;HSPA, LTE;2022, December 05;Available. Released 2022, December 05;161.6 x 77.9 x 13.7 mm (6.36 x 3.07 x 0.54 in);268 g (9.45 oz);Dual SIM (Nano-SIM, dual stand-by);IP68/IP69K dust/water resistant (up to 1.5m for 30 min)Drop-to-concrete resistance from up to 1.5mMIL-STD-810H compliant;IPS LCD;6.1 inches, 91.3 cm(~72.6% screen-to-body ratio);720 x 1560 pixels, 19.5:9 ratio (~282 ppi density);Android 12, Doke-OS 3.0;Mediatek MT6765 Helio G35 (12 nm);Octa-core (4x2.3 GHz Cortex-A53 & 4x1.8 GHz Cortex-A53);PowerVR GE8320;microSDXC (dedicated slot);64GB 4GB RAM;;"13 MP, (wide), 1/3.06"", PDAFSecondary unspecified camera";LED flash, HDR, panorama;1080p@30fps;8 MP;Yes;Wi-Fi 802.11 a/b/g/n/ac, dual-band;5.0, A2DP, LE;GPS, GLONASS, GALILEO, BDS;Yes;FM radio;USB Type-C, OTG;Unspecified;Li-Ion 5180 mAh, non-removable;Black, Orange, Green;About 100 EUR;;;;;;;;
https://www.gsmarena.com/blackview_oscal_pad_10-12057.php;https://fdn2.gsmarena.com/vv/bigpic/blackview-oscal-pad-10.jpg;Blackview Oscal Pad 10;Released Exp. release 2023, January 09;536g, 8.9mm thickness;Android 12, Doke-OS 3.0;128GB storage, microSDXC;3;0.2%;7,206 hits;"10.1""";1200x1920 pixels;8 GB RAM;Unisoc T606;6580 mAh Li-Ion;GSM 850 / 900 / 1800 / 1900 - SIM 1 & SIM 2;HSDPA 900 / 2100;1, 3, 7, 8, 19, 20, 28, 40;HSPA, LTE;2022, December 29;Available. Released Exp. release 2023, January 09;241.3 x 160 x 8.9 mm (9.50 x 6.30 x 0.35 in);536 g (1.18 lb);Hybrid Dual SIM (Nano-SIM, dual stand-by);;IPS LCD;10.1 inches, 295.8 cm(~76.6% screen-to-body ratio);1200 x 1920 pixels, 16:10 ratio (~224 ppi density);Android 12, Doke-OS 3.0;Unisoc T606 (12 nm);Octa-core (2x1.6 GHz Cortex-A75 & 6x1.6 GHz Cortex-A55);Mali-G57 MP1;microSDXC (uses shared SIM slot);128GB 8GB RAM;;13 MP;LED flash;1080p@30fps;"8 MP, 1/4"", 1.12µm";Yes;Wi-Fi 802.11 a/b/g/n/ac, dual-band;5.0, A2DP, LE;GPS, GLONASS, GALILEO, BDS;No;FM radio;USB Type-C, OTG;Unspecified;Li-Ion 6580 mAh, non-removable;Mint Green, Moonlight Silver, Diamond Grey;About 130 EUR;;;;;;;;
https://www.gsmarena.com/blackview_a85-12000.php;https://fdn2.gsmarena.com/vv/bigpic/blackview-a85.jpg;Blackview A85;Released 2022, November 25;193g, 8.7mm thickness;Android 12, Doke OS 3.0;128GB storage, microSDXC;13;0.4%;30,895 hits;"6.5""";720x1612 pixels;8 GB RAM;Unisoc T606;4480 mAh Li-Ion;GSM 850 / 900 / 1800 / 1900 - SIM 1 & SIM 2;HSDPA 900 / 2100;1, 3, 7, 8, 20, 40;HSPA, LTE;2022, November 22;Available. Released 2022, November 25;164.3 x 76.1 x 8.7 mm (6.47 x 3.00 x 0.34 in);193 g (6.81 oz);Dual SIM (Nano-SIM, dual stand-by);;IPS LCD, 90Hz;6.5 inches, 101.5 cm(~81.2% screen-to-body ratio);720 x 1612 pixels, 20:9 ratio (~272 ppi density);Android 12, Doke OS 3.0;Unisoc T606 (12 nm);Octa-core (2x1.6 GHz Cortex-A75 & 6x1.6 GHz Cortex-A55);Mali-G57 MP1;microSDXC (dedicated slot);128GB 8GB RAM;UFS 2.1;"50 MP, (wide), 1/2.76"", 0.64µm, PDAF8 MP, 120˚ (ultrawide)";Dual-LED dual-tone flash, HDR, panorama;1080p@30fps;"8 MP, (wide), 1/4"", 1.12µm";Yes;Yes;Yes;GPS, GLONASS, GALILEO, BDS;Yes;FM radio;Yes, OTG;Fingerprint (side-mounted), accelerometer, proximity;Li-Ion 4480 mAh, non-removable;Black, Blue, Sky;About 160 EUR;;Glass front, aluminum frame, glass back;;;;;;
https://www.gsmarena.com/blackview_a52-11999.php;https://fdn2.gsmarena.com/vv/bigpic/blackview-a52.jpg;Blackview A52;Released 2022, November 25;183.6g, 9.1mm thickness;Android 12, Doke OS G0 3.0;32GB storage, microSDXC;3;0.2%;15,600 hits;"6.5""";720x1600 pixels;2 GB RAM;Unisoc SC9863A1;5180 mAh Li-Ion;GSM 850 / 900 / 1800 / 1900 - SIM 1 & SIM 2;HSDPA 900 / 2100;1, 3, 7, 8, 20;HSPA, LTE;2022, November 22;Available. Released 2022, November 25;164.2 x 62 x 9.1 mm (6.46 x 2.44 x 0.36 in);183.6 g (6.49 oz);Hybrid Dual SIM (Nano-SIM, dual stand-by);;IPS LCD;6.5 inches, 102.0 cm(~100.2% screen-to-body ratio);720 x 1600 pixels, 20:9 ratio (~270 ppi density);Android 12, Doke OS G0 3.0;Unisoc SC9863A1 (28nm);Octa-core (4x1.6 GHz Cortex-A55 & 4x1.2 GHz Cortex-A55);PowerVR GE8322;microSDXC (uses shared SIM slot);32GB 2GB RAM;eMMC;13 MPother unspecified camera;LED flash;1080p@30fps;5 MP;Yes;Wi-Fi 802.11 b/g/n;4.2, A2DP;GPS, GLONASS, GALILEO;No;Unspecified;microUSB 2.0;Unspecified;Li-Ion 5180 mAh, non-removable;Polar Night, Vitality Green, Ice Blue;About 100 EUR;;;;;;;;
https://www.gsmarena.com/blackview_bv7200-11963.php;https://fdn2.gsmarena.com/vv/bigpic/blackview-bv7200.jpg;Blackview BV7200;Released 2022, November 01;288g, 16mm thickness;Android 12, Doke-OS 3.0;128GB storage, microSDXC;3;0.2%;17,509 hits;"6.1""";720x1560 pixels;6 GB RAM;Helio G85;5180 mAh Li-Po;GSM 850 / 900 / 1800 / 1900 - SIM 1 & SIM 2;HSDPA 900 / 2100;1, 3, 7, 8, 20, 40;HSPA, LTE;2022, October 26;Available. Released 2022, November 01;165.3 x 81.6 x 16 mm (6.51 x 3.21 x 0.63 in);288 g (10.16 oz);Hybrid Dual SIM (Nano-SIM, dual stand-by);IP68/IP69K dust/water resistant (up to 1.5m for 30 min)Drop-to-concrete resistance from up to 1.8mMIL-STD-810H compliant;IPS LCD;6.1 inches, 91.3 cm(~67.7% screen-to-body ratio);720 x 1560 pixels, 19.5:9 ratio (~282 ppi density);Android 12, Doke-OS 3.0;Mediatek MT6769Z Helio G85 (12nm);Octa-core (2x2.0 GHz Cortex-A75 & 6x1.8 GHz Cortex-A55);Mali-G52 MC2;microSDXC (uses shared SIM slot);128GB 6GB RAM;eMMC 5.1;"50 MP, f/1.8, (wide), 1/2.76"", 0.64µm, PDAF8 MP, 117˚ (ultrawide)";Dual-LED flash, HDR, panorama;1080p@30fps;"8 MP, f/2.2, (wide), 1/4"", 1.12µm";1080p@30fps;Wi-Fi 802.11 a/b/g/n/ac, dual-band;5.0, A2DP, LE;GPS, GLONASS, GALILEO, BDS;Yes;FM radio;USB Type-C, OTG;Fingerprint (side-mounted), gyro, accelerometer, compass, barometer;Li-Po 5180 mAh, non-removable;Black, Orange, Green;About 250 EUR;Corning Gorilla Glass 3;;;;;;;
https://www.gsmarena.com/blackview_tab_15-11964.php;https://fdn2.gsmarena.com/vv/bigpic/blackview-tab15.jpg;Blackview Tab 15;Released 2022, October 26;525g, 7.3mm thickness;Android 12, Doke OS_P 3.0;128GB storage, microSDXC;5;0.4%;21,822 hits;"10.5""";1200x1920 pixels;8 GB RAM;Unisoc T610;8280 mAh Li-Ion;GSM 850 / 900 / 1800 / 1900 - SIM 1 & SIM 2;HSDPA 900 / 2100;1, 3, 7, 8, 20, 40;HSPA, LTE;2022, October 26;Available. Released 2022, October 26;246.4 x 161.5 x 7.3 mm (9.70 x 6.36 x 0.29 in);525 g (1.16 lb);Hybrid Dual SIM (Nano-SIM, dual stand-by);;IPS LCD;10.5 inches, 319.7 cm(~80.3% screen-to-body ratio);1200 x 1920 pixels, 16:10 ratio (~216 ppi density);Android 12, Doke OS_P 3.0;Unisoc T610 (12 nm);Octa-core (2x1.8 GHz Cortex-A75 & 6x1.8 GHz Cortex-A55);Mali-G52 MP2;microSDXC (uses shared SIM slot);128GB 8GB RAM;eMMC 5.1;13 MP;LED flash;1080p@30fps;8 MP;Yes;Wi-Fi 802.11 a/b/g/n/ac, dual-band;5.0, A2DP;GPS, GLONASS, GALILEO;No;FM Radio;USB Type-C, OTG;Accelerometer;Li-Ion 8280 mAh, non-removable;Lunar Silver, Twilight Blue, Space Gray;About 230 EUR;;;;;;;;
https://www.gsmarena.com/blackview_oscal_c80-11872.php;https://fdn2.gsmarena.com/vv/bigpic/blackview-oscal-c80.jpg;Blackview Oscal C80;Released 2022, September 14;188g, 8.6mm thickness;Android 12, Doke-OS 3.0;128GB storage, microSDXC;4;0.3%;38,825 hits;"6.5""";720x1600 pixels;8 GB RAM;Unisoc T606;5180 mAh Li-Ion;GSM 850 / 900 / 1800 / 1900 - SIM 1 & SIM 2;HSDPA 900 / 2100;1, 3, 7, 8, 20, 40;HSPA, LTE;2022, September 07;Available. Released 2022, September 14;164.2 x 76 x 8.6 mm (6.46 x 2.99 x 0.34 in);188 g (6.63 oz);Hybrid Dual SIM (Nano-SIM, dual stand-by);;IPS LCD, 90Hz;6.5 inches, 102.0 cm(~81.7% screen-to-body ratio);720 x 1600 pixels, 20:9 ratio (~270 ppi density);Android 12, Doke-OS 3.0;Unisoc T606 (12 nm);Octa-core (2x1.6 GHz Cortex-A75 & 6x1.6 GHz Cortex-A55);Mali-G57 MP1;microSDXC (uses shared SIM slot);128GB 8GB RAM;UFS 2.1;50 MP, (wide), 1.2µm, PDAF0.3 MP, (depth);LED flash, HDR, panorama;1080p@30fps;8 MP;1080p@30fps;Wi-Fi 802.11 a/b/g/n/ac, dual-band;5.0, A2DP, LE;GPS, GLONASS, GALILEO, BDS;No;FM radio;USB Type-C, OTG;Fingerprint (side-mounted), accelerometer, gyro, compass;Li-Ion 5180 mAh, non-removable;Early Sunny Snow, Midnight Black, Navy Blue;About 130 EUR;;;;;;;;
https://www.gsmarena.com/blackview_bv5200-11871.php;https://fdn2.gsmarena.com/vv/bigpic/blackview-BV5200.jpg;Blackview BV5200;Released 2022, September 14;268g, 13.7mm thickness;Android 12, Doke-OS 3.0;32GB storage, microSDXC;4;0.2%;18,250 hits;"6.1""";720x1560 pixels;4 GB RAM;Helio A22;5180 mAh Li-Ion;GSM 850 / 900 / 1800 / 1900 - SIM 1 & SIM 2;HSDPA 900 / 2100;1, 3, 7, 8, 20, 40;HSPA, LTE;2022, September 07;Available. Released 2022, September 14;161.6 x 77.9 x 13.7 mm (6.36 x 3.07 x 0.54 in);268 g (9.45 oz);Hybrid Dual SIM (Nano-SIM, dual stand-by);IP68/IP69K dust/water resistant (up to 1.5m for 30 min)MIL-STD-810H compliant;IPS LCD, 450 nits;6.1 inches, 91.3 cm(~72.6% screen-to-body ratio);720 x 1560 pixels, 19.5:9 ratio (~282 ppi density);Android 12, Doke-OS 3.0;Mediatek MT6761 Helio A22 (12 nm);Quad-core 2.0 GHz Cortex-A53;PowerVR GE8320;microSDXC (uses shared SIM slot);32GB 4GB RAM;;13 MP, (wide), AFSecondary unspecified camera;LED flash, HDR, panorama;1080p@30fps;5 MP;Yes;Wi-Fi 802.11 a/b/g/n/ac, dual-band;5.0, A2DP, LE;GPS, GLONASS, GALILEO, BDS;Yes;FM radio;USB Type-C, OTG;Accelerometer, gyro, compass;Li-Ion 5180 mAh, non-removable;Black, Orange, Green;About 120 EUR;;;;;;;;
https://www.gsmarena.com/blackview_bv7100-11870.php;https://fdn2.gsmarena.com/vv/bigpic/blackview-BV7100.jpg;Blackview BV7100;Released 2022, September 14;460g, 18.9mm thickness;Android 12, Doke-OS 3.0;128GB storage, microSDXC;8;0.2%;26,023 hits;"6.58""";1080x2408 pixels;6 GB RAM;Helio G85;13000 mAh Li-Ion;GSM 850 / 900 / 1800 / 1900 - SIM 1 & SIM 2;HSDPA 900 / 2100;1, 3, 7, 8, 20, 40;HSPA, LTE;2022, September 07;Available. Released 2022, September 14;174 x 81.4 x 18.9 mm (6.85 x 3.20 x 0.74 in);460 g (1.01 lb);Hybrid Dual SIM (Nano-SIM, dual stand-by);IP68/IP69K dust/water resistant (up to 1.5m for 30 min)MIL-STD-810H compliant;IPS LCD, 90Hz, 480 nits;6.58 inches, 104.3 cm(~73.6% screen-to-body ratio);1080 x 2408 pixels, 20:9 ratio (~401 ppi density);Android 12, Doke-OS 3.0;Mediatek MT6769Z Helio G85 (12nm);Octa-core (2x2.0 GHz Cortex-A75 & 6x1.8 GHz Cortex-A55);Mali-G52 MC2;microSDXC (uses shared SIM slot);128GB 6GB RAM;eMMC 5.1;"12 MP, f/2.0, (wide), 1/2.55"", 1.4µm, Dual Pixel AF8 MP, 117˚ (ultrawide)2 MP, (depth)";LED flash, HDR, panorama;1080p@30fps;8 MP;1080p@30fps;Wi-Fi 802.11 a/b/g/n/ac, dual-band;5.0, A2DP, LE;GPS, GLONASS, GALILEO, BDS;Yes;FM radio;USB Type-C, OTG;Fingerprint (side-mounted), accelerometer, gyro, compass;Li-Ion 13000 mAh, non-removable;Black, Orange, Green;About 220 EUR;;;;;;;;
https://www.gsmarena.com/blackview_tab_13-11761.php;https://fdn2.gsmarena.com/vv/bigpic/blackview-tab13.jpg;Blackview Tab 13;Released 2022, August 20;450g, 7.7mm thickness;Android 12, Doke OS_P 3.0;128GB storage, microSDXC;5;0.4%;32,101 hits;"10.1""";1200x1920 pixels;6 GB RAM;Helio G85;7280 mAh Li-Ion;GSM 850 / 900 / 1800 / 1900 - SIM 1 & SIM 2;HSDPA 900 / 2100;1, 3, 7, 8, 20, 40;HSPA, LTE;2022, August 20;Available. Released 2022, August 20;238.8 x 157.6 x 7.7 mm (9.40 x 6.20 x 0.30 in);450 g (0.99 lb);Hybrid Dual SIM (Nano-SIM, dual stand-by);;IPS LCD;10.1 inches, 295.8 cm(~78.6% screen-to-body ratio);1200 x 1920 pixels, 16:10 ratio (~224 ppi density);Android 12, Doke OS_P 3.0;Mediatek MT6769Z Helio G85 (12nm);Octa-core (2x2.0 GHz Cortex-A75 & 6x1.8 GHz Cortex-A55);Mali-G52 MC2;microSDXC (uses shared SIM slot);128GB 6GB RAM;eMMC 5.1;13 MP2 MP;;1080p@30fps;8 MP;Yes;Wi-Fi 802.11 a/b/g/n/ac, dual-band;5.0, A2DP;GPS, GLONASS, GALILEO, BDS;No;FM Radio;USB Type-C, OTG;Accelerometer;Li-Ion 7280 mAh, non-removable;Twilight Blue, Space Gray, Silver;;;;;;;;;
https://www.gsmarena.com/blackview_tab_7-11873.php;https://fdn2.gsmarena.com/vv/bigpic/blackview-tab7.jpg;Blackview Tab 7;Released 2022, July 05;536g, 8.9mm thickness;Android 11;32GB storage, microSDXC;1;0.2%;14,246 hits;"10.1""";800x1280 pixels;3 GB RAM;Unisoc Tiger T310;6580 mAh Li-Ion;GSM 850 / 900 / 1800 / 1900 - SIM 1 & SIM 2;HSDPA 900 / 2100;1, 3, 7, 8, 20, 40;HSPA, LTE;2022, July 05;Available. Released 2022, July 05;241.3 x 160 x 8.9 mm (9.50 x 6.30 x 0.35 in);536 g (1.18 lb);Hybrid Dual SIM (Nano-SIM, dual stand-by);;IPS LCD;10.1 inches, 295.8 cm(~76.6% screen-to-body ratio);800 x 1280 pixels, 16:10 ratio (~149 ppi density);Android 11;Unisoc Tiger T310 (12nm);Quad-core (1x2.0 GHz Cortex-A75 & 3x1.8 GHz Cortex-A55);PowerVR GE8300;microSDXC (uses shared SIM slot);32GB 3GB RAM;eMMC 5.1;5 MP, f/2.0;LED flash;1080p@30fps;2 MP, f/2.8;Yes;Wi-Fi 802.11 a/b/g/n/ac, dual-band;5.0, A2DP;GPS, GLONASS, GALILEO, BDS;No;FM Radio;USB Type-C, OTG;Accelerometer;Li-Ion 6580 mAh, non-removable;Grey, Blue, Silver;About 140 EUR;Asahi Glass;;;;;;;
https://www.gsmarena.com/blackview_tab_12-11589.php;https://fdn2.gsmarena.com/vv/bigpic/blackview-Tab12.jpg;Blackview Tab 12;Released 2022, May 31;430g, 7.4mm thickness;Android 11;64GB storage, microSDXC;2;0.2%;35,460 hits;"10.1""";1200x1920 pixels;4 GB RAM;Unisoc SC9863A;6580 mAh Li-Ion;GSM 850 / 900 / 1800 / 1900 - SIM 1 & SIM 2;HSDPA 900 / 2100;1, 3, 7, 8, 20, 40;HSPA, LTE;2022, May 15;Available. Released 2022, May 31;238.5 x 157.5 x 7.4 mm (9.39 x 6.20 x 0.29 in);430 g (15.17 oz);Dual SIM (Nano-SIM, dual stand-by);;IPS LCD;10.1 inches, 295.8 cm(~78.7% screen-to-body ratio);1200 x 1920 pixels, 16:10 ratio (~224 ppi density);Android 11;Unisoc SC9863A (28nm);Octa-core (4x1.6 GHz Cortex-A55 & 4x1.2 GHz Cortex-A55);IMG8322;microSDXC;64GB 4GB RAM;eMMC 5.1;13 MP, f/2.2, (wide);LED flash, HDR;1440p@30fps;5 MP, f/2.2, (wide);Yes;Wi-Fi 802.11 a/b/g/n/ac, dual-band;5.0, A2DP, LE;GPS, GLONASS, BDS;No;FM radio;USB Type-C, OTG;Accelerometer;Li-Ion 6580 mAh, non-removable;Gray, Blue, Silver;About 160 EUR;Asahi Glass;;;;;;;
https://www.gsmarena.com/blackview_bl8800_pro-11534.php;https://fdn2.gsmarena.com/vv/bigpic/blackview-bl8800-pro.jpg;Blackview BL8800 Pro;Released 2022, May 09;367g, 17.7mm thickness;Android 11, Doke-OS 3.0;128GB storage, no card slot;14;0.4%;86,183 hits;"6.58""";1080x2408 pixels;8 GB RAM;Dimensity 700;8380 mAh Li-Po;GSM 850 / 900 / 1800 / 1900 - SIM 1 & SIM 2;HSDPA 800 / 850 / 900 / 1700(AWS) / 1900 / 2100;1, 2, 3, 4, 5, 7, 8, 12, 13, 17, 18, 19, 20, 25, 26, 28, 30, 66;HSPA, LTE, 5G;2022, May 09;Available. Released 2022, May 09;176.2 x 83.5 x 17.7 mm (6.94 x 3.29 x 0.70 in);367 g (12.95 oz);Dual SIM (Nano-SIM, dual stand-by);IP68/IP69K dust/water resistant (up to 1.5m for 30 min)Drop-to-concrete resistance from up to 1.5mMIL-STD-810H compliant;IPS LCD, 480 nits;6.58 inches, 104.3 cm(~70.9% screen-to-body ratio);1080 x 2408 pixels, 20:9 ratio (~401 ppi density);Android 11, Doke-OS 3.0;Mediatek MT6833 Dimensity 700 (7 nm);Octa-core (2x2.2 GHz Cortex-A76 & 6x2.0 GHz Cortex-A55);Mali-G57 MC2;No;128GB 8GB RAM;UFS 2.1;50 MP, f/1.8, (wide), PDAF5 MP, thermal assisted cameraFLIR thermal camera (Lepton module)2x 2 MP, (depth);Thermal imaging, Dual-LED flash, HDR, panorama;1440p@30fps;16 MP, f/2.0, (wide);1080p@30fps;Wi-Fi 802.11 a/b/g/n/ac;5.1, A2DP, LE;GPS, GLONASS, GALILEO, BDS;Yes;FM radio;USB Type-C 2.0, OTG;Fingerprint (side-mounted), accelerometer, gyro, proximity, compass, barometer;Li-Po 8380 mAh, non-removable;Black, Orange, Green;About 300 EUR;;;1, 3, 5, 7, 8, 20, 28, 38, 40, 41, 77, 78, 79 SA/NSA;;;;;
https://www.gsmarena.com/blackview_bl8800-11533.php;https://fdn2.gsmarena.com/vv/bigpic/blackview-bl8800.jpg;Blackview BL8800;Released 2022, May 09;367g, 17.7mm thickness;Android 11, Doke-OS 3.0;128GB storage, no card slot;1;0.1%;29,158 hits;"6.58""";1080x2408 pixels;8 GB RAM;Dimensity 700;8380 mAh Li-Po;GSM 850 / 900 / 1800 / 1900 - SIM 1 & SIM 2;HSDPA 800 / 850 / 900 / 1700(AWS) / 1900 / 2100;1, 2, 3, 4, 5, 7, 8, 12, 13, 17, 18, 19, 20, 25, 26, 28, 30, 66;HSPA, LTE, 5G;2022, May 09;Available. Released 2022, May 09;176.2 x 83.5 x 17.7 mm (6.94 x 3.29 x 0.70 in);367 g (12.95 oz);Dual SIM (Nano-SIM, dual stand-by);IP68/IP69K dust/water resistant (up to 1.5m for 30 min)Drop-to-concrete resistance from up to 1.5mMIL-STD-810H compliant;IPS LCD, 480 nits;6.58 inches, 104.3 cm(~70.9% screen-to-body ratio);1080 x 2408 pixels, 20:9 ratio (~401 ppi density);Android 11, Doke-OS 3.0;Mediatek MT6833 Dimensity 700 (7 nm);Octa-core (2x2.2 GHz Cortex-A76 & 6x2.0 GHz Cortex-A55);Mali-G57 MC2;No;128GB 8GB RAM;UFS 2.1;50 MP, f/1.8, (wide), PDAF8 MP, f/2.2, 117˚ (ultrawide)20 MP, f/1.8, (IR camera), 2 IR emitters2 MP, (depth);Dual-LED flash, HDR, panorama;1440p@30fps;16 MP, f/2.0, (wide);1080p@30fps;Wi-Fi 802.11 a/b/g/n/ac;5.1, A2DP, LE;GPS, GLONASS, GALILEO, BDS;Yes;FM radio;USB Type-C 2.0, OTG;Fingerprint (side-mounted), accelerometer, gyro, proximity, compass, barometer;Li-Po 8380 mAh, non-removable;Black, Orange, Green;About 480 EUR;;;1, 3, 5, 7, 8, 20, 28, 38, 40, 41, 77, 78, 79 SA/NSA;;;;;
https://www.gsmarena.com/blackview_a55_pro-11586.php;https://fdn2.gsmarena.com/vv/bigpic/blackview-A55pro.jpg;Blackview A55 Pro;Released 2022, March;197g, 9.2mm thickness;Android 11;64GB storage, microSDXC;2;0.3%;34,671 hits;"6.53""";720x1600 pixels;4 GB RAM;Helio P22;4780 mAh Li-Ion;GSM 850 / 900 / 1800 / 1900 - SIM 1 & SIM 2;HSDPA 900 / 2100;1, 3, 7, 8, 20, 40;HSPA, LTE;2022, March 07;Available. Released 2022, March;164.8 x 76.7 x 9.2 mm (6.49 x 3.02 x 0.36 in);197 g (6.95 oz);Dual SIM (Nano-SIM, dual stand-by);;IPS LCD;6.53 inches, 102.9 cm(~81.4% screen-to-body ratio);720 x 1600 pixels, 20:9 ratio (~269 ppi density);Android 11;Mediatek MT6762V Helio P22 (12 nm);Octa-core (4x2.0 GHz Cortex-A53 & 4x1.5 GHz Cortex-A53);PowerVR GE8320;microSDXC;64GB 4GB RAM;eMMC;13 MP, f/1.9, (wide), AFother unspecified cameras;LED flash;1080p@30fps;5 MP, f/2.2, (wide);Yes;Wi-Fi 802.11 b/g/n/ac, dual-band;4.1, A2DP;GPS, GLONASS, GALILEO, BDS;No;FM radio;microUSB 2.0, OTG;Fingerprint (rear-mounted), accelerometer, proximity;Li-Ion 4780 mAh, non-removable;Black, Blue, White, Green;About 130 EUR;;;;;;;;
https://www.gsmarena.com/blackview_a50-11588.php;https://fdn2.gsmarena.com/vv/bigpic/blackview-A50.jpg;Blackview A50;Released 2022, March;156g, 8.9mm thickness;Android 11;64GB storage, microSDXC;0;0.1%;15,568 hits;"6.01""";720x1560 pixels;3 GB RAM;Unisoc Tiger T310;4280 mAh Li-Ion;GSM 850 / 900 / 1800 / 1900 - SIM 1 & SIM 2;HSDPA 900 / 2100;1, 3, 7, 8, 20, 40;HSPA, LTE;2022, March 04;Available. Released 2022, March;156.4 x 72.9 x 8.9 mm (6.16 x 2.87 x 0.35 in);156 g (5.50 oz);Dual SIM (Nano-SIM, dual stand-by);;IPS LCD;6.01 inches, 88.7 cm(~77.8% screen-to-body ratio);720 x 1560 pixels, 19.5:9 ratio (~286 ppi density);Android 11;Unisoc Tiger T310 (12nm);Quad-core (1x2.0 GHz Cortex-A75 & 3x1.8 GHz Cortex-A55);PowerVR GE8300;microSDXC;64GB 3GB RAM;eMMC;13 MP, f/2.0, (wide), AFother unspecified cameras;LED flash;1080p@30fps;5 MP, f/2.2, (wide);Yes;Wi-Fi 802.11 b/g/n/ac;5.0, A2DP, LE;GPS, GLONASS;No;FM radio;microUSB 2.0, OTG;Fingerprint (rear-mounted), accelerometer, proximity;Li-Ion 4280 mAh, non-removable;Black, Green, Blue, Gradient;About 120 EUR;;;;;;;;
https://www.gsmarena.com/blackview_a95-11572.php;https://fdn2.gsmarena.com/vv/bigpic/blackview-A95.jpg;Blackview A95;Released 2022, February;195g, 8.6mm thickness;Android 11;128GB storage, microSDXC;3;0.4%;61,776 hits;"6.53""";720x1600 pixels;8 GB RAM;MT6771V;4380 mAh Li-Ion;GSM 850 / 900 / 1800 / 1900 - SIM 1 & SIM 2;HSDPA 900 / 2100 - EU;1, 3, 7, 8, 20, 40 - EU;HSPA, LTE;2022, January 22;Available. Released 2022, February;163.7 x 75.5 x 8.6 mm (6.44 x 2.97 x 0.34 in);195 g (6.88 oz);Dual SIM (Nano-SIM, dual stand-by);;IPS LCD;6.53 inches, 102.9 cm(~83.3% screen-to-body ratio);720 x 1600 pixels, 20:9 ratio (~269 ppi density);Android 11;Mediatek MT6771V/CT Helio P70 (12nm);Octa-core (4x2.1 GHz Cortex-A73 & 4x2.0 GHz Cortex-A53);Mali-G72 MP3;microSDXC;128GB 8GB RAM;UFS 2.1;20 MP, f/1.8, (wide), PDAFother unspecified cameras;LED flash, HDR;1080p@30fps, HDR;8 MP, f/2.2, (wide);1080p@30fps;Wi-Fi 802.11 b/g/n/ac, dual-band;4.2, A2DP, LE;GPS, GLONASS, GALILEO, BDS;No;FM radio;USB Type-C 2.0, OTG;Fingerprint (side-mounted), accelerometer, proximity;Li-Ion 4380 mAh, non-removable;Black, Gold, Blue;About 190 EUR;;;;;;;;
https://www.gsmarena.com/blackview_bv6600_pro-11560.php;https://fdn2.gsmarena.com/vv/bigpic/blackview-BV6600pro-b.jpg;Blackview BV6600 Pro;Released 2021, October;325g, 18mm thickness;Android 11;64GB storage, microSDXC;0;0.2%;24,752 hits;"5.7""";720x1440 pixels;4 GB RAM;MT6765V;8580 mAh Li-Po;GSM 850 / 900 / 1800 / 1900 - SIM 1 & SIM 2;HSDPA 850 / 900 / 1700(AWS) / 1900 / 2100;1, 2, 3, 4, 5, 7, 8, 12, 13, 17, 19, 18, 20, 28, 25, 26, 38, 40, 41, 66;HSPA, LTE;2021, September 28;Available. Released 2021, October;159 x 79.4 x 18 mm (6.26 x 3.13 x 0.71 in);325 g (11.46 oz);Dual SIM (Nano-SIM, dual stand-by);IP68/IP69K dust/water resistant (up to 1.5m for 30 min)Drop-to-concrete resistance from up to 1.5mMIL-STD-810G compliant;IPS LCD;5.7 inches, 83.8 cm(~66.4% screen-to-body ratio);720 x 1440 pixels, 18:9 ratio (~282 ppi density);Android 11;Mediatek MT6765V/CA Helio P35 (12nm);Octa-core (4x2.35 GHz Cortex-A53 & 4x1.8 GHz Cortex-A53);PowerVR GE8320;microSDXC;64GB 4GB RAM;eMMC;16 MP, f/2.0, (wide), PDAF5 MP, thermal assisted cameraFLIR thermal camera (Lepton module);Thermal imaging, LED flash;1080p@30fps;8 MP, f/2.0, (wide);1080p@30fps;Wi-Fi 802.11 a/b/g/n/ac;5.0, A2DP, LE;GPS, GLONASS, GALILEO, BDS;Yes;FM radio;USB Type-C 2.0, OTG;Fingerprint (side-mounted), accelerometer, gyro, proximity, compass;Li-Po 8580 mAh, non-removable;Black, Orange, Green;About 260 EUR;Dragontrail Glass;;;;;;;
https://www.gsmarena.com/blackview_bv6600e-11561.php;https://fdn2.gsmarena.com/vv/bigpic/blackview-BV6600E-b.jpg;Blackview BV6600E;Released 2021, October;325g, 18mm thickness;Android 11;32GB storage, microSDXC;0;0.1%;14,107 hits;"5.7""";720x1440 pixels;4 GB RAM;Unisoc SC9863A;8580 mAh Li-Po;GSM 850 / 900 / 1800 / 1900 - SIM 1 & SIM 2;HSDPA 900 / 2100;1, 3, 7, 8, 20, 40;HSPA, LTE;2021, September;Available. Released 2021, October;159 x 79.4 x 18 mm (6.26 x 3.13 x 0.71 in);325 g (11.46 oz);Dual SIM (Nano-SIM, dual stand-by);IP68/IP69K dust/water resistant (up to 1.5m for 30 min)Drop-to-concrete resistance from up to 1.2mMIL-STD-810G compliant;IPS LCD;5.7 inches, 83.8 cm(~66.4% screen-to-body ratio);720 x 1440 pixels, 18:9 ratio (~282 ppi density);Android 11;Unisoc SC9863A (28nm);Octa-core (4x1.6 GHz Cortex-A55 & 4x1.2 GHz Cortex-A55);IMG8322;microSDXC;32GB 4GB RAM;eMMC;13 MP, f/2.2, (wide), AF;LED flash, HDR;1080p@30fps;5 MP, f/2.2, (wide);Yes;Wi-Fi 802.11 b/g/n;4.2, A2DP, LE;GPS, GLONASS, BDS;No;FM radio;USB Type-C 2.0, OTG;Fingerprint (side-mounted), accelerometer, gyro, proximity, compass;Li-Po 8580 mAh, non-removable;Black, Orange, Green;About 150 EUR;Dragontrail Glass;;;;;;;
https://www.gsmarena.com/blackview_bv4900s-11568.php;https://fdn2.gsmarena.com/vv/bigpic/blackview-BV4900s-b.jpg;Blackview BV4900s;Released 2021, October;261g, 13.7mm thickness;Android 11;32GB storage, microSDXC;1;0.1%;12,737 hits;"5.7""";720x1440 pixels;2 GB RAM;Unisoc SC9863A;5580 mAh Li-Po;GSM 850 / 900 / 1800 / 1900 - SIM 1 & SIM 2;HSDPA 900 / 2100;1, 3, 7, 8, 20, 40;HSPA, LTE;2021, October 02;Available. Released 2021, October;157.5 x 78.1 x 13.7 mm (6.20 x 3.07 x 0.54 in);261 g (9.21 oz);Dual SIM (Nano-SIM, dual stand-by);IP68/IP69K dust/water resistant (up to 1.5m for 30 min)Drop-to-concrete resistance from up to 1.5mMIL-STD-810G compliant;IPS LCD;5.7 inches, 83.8 cm(~68.2% screen-to-body ratio);720 x 1440 pixels, 18:9 ratio (~282 ppi density);Android 11 (Go edition);Unisoc SC9863A (28nm);Octa-core (4x1.6 GHz Cortex-A55 & 4x1.2 GHz Cortex-A55);IMG8322;microSDXC;32GB 2GB RAM;eMMC;8 MP, f/2.4, (wide), AF;LED flash;1080p@30fps;5 MP, f/2.2, (wide);Yes;Wi-Fi 802.11 b/g/n;4.2, A2DP, LE;GPS, GLONASS, BDS;No;FM radio;microUSB 2.0, OTG;Fingerprint (side-mounted), accelerometer, gyro, proximity, compass;Li-Po 5580 mAh, non-removable;Black, Orange, Green, Yellow;About 120 EUR;Dragontrail Glass;;;;;;;
https://www.gsmarena.com/blackview_tab_11-11590.php;https://fdn2.gsmarena.com/vv/bigpic/blackview-TAB11.jpg;Blackview Tab 11;Released 2021, November;460g, 8.1mm thickness;Android 11;128GB storage, microSDXC;2;0.2%;30,112 hits;"10.36""";1200x2000 pixels;8 GB RAM;Unisoc Tiger T618;6580 mAh Li-Ion;GSM 850 / 900 / 1800 / 1900 - SIM 1 & SIM 2;HSDPA 900 / 2100;1, 3, 7, 8, 20;HSPA, LTE;2021, November 15;Available. Released 2021, November;247 x 156.7 x 8.1 mm (9.72 x 6.17 x 0.32 in);460 g (1.01 lb);Dual SIM (Nano-SIM, dual stand-by);;IPS LCD;10.36 inches, 305.5 cm(~78.9% screen-to-body ratio);1200 x 2000 pixels, 5:3 ratio (~225 ppi density);Android 11;Unisoc Tiger T618 (12 nm);Octa-core (2x2.0 GHz Cortex-A75 & 6x1.8 GHz Cortex-A55);Mali G52 MP2;microSDXC;128GB 8GB RAM;eMMC 5.1;13 MP, f/2.0, (wide)other unspecified camera;LED flash;1080p@30fps;8 MP, f/2.2, (wide);1080p@30fps;Wi-Fi 802.11 a/b/g/n/ac;5.0, A2DP, LE;GPS, GLONASS, BDS;No;FM radio;USB Type-C, OTG;Accelerometer, proximity;Li-Ion 6580 mAh, non-removable;Gray, Green, Silver;About 210 EUR;Asahi Glass;;;;;;;
https://www.gsmarena.com/blackview_tab_6-11596.php;https://fdn2.gsmarena.com/vv/bigpic/blackview-TAB6.jpg;Blackview Tab 6;Released 2021, November;365g, 9.5mm thickness;Android 11;32GB storage, microSDXC;0;0.1%;20,499 hits;"8.0""";800x1280 pixels;3 GB RAM;Unisoc Tiger T310;5580 mAh Li-Ion;GSM 850 / 900 / 1800 / 1900 - SIM 1 & SIM 2;HSDPA 900 / 2100;1, 3, 7, 8, 20;HSPA, LTE;2021, November 15;Available. Released 2021, November;207.6 x 124 x 9.5 mm (8.17 x 4.88 x 0.37 in);365 g (12.87 oz);Dual SIM (Nano-SIM, dual stand-by);;IPS LCD;8.0 inches, 185.6 cm(~72.1% screen-to-body ratio);800 x 1280 pixels, 16:10 ratio (~189 ppi density);Android 11;Unisoc Tiger T310 (12nm);Quad-core (1x2.0 GHz Cortex-A75 & 3x1.8 GHz Cortex-A55);PowerVR GE8300;microSDXC;32GB 3GB RAM;eMMC;5 MP, f/2.2, (wide);LED flash;Yes;2 MP, f/2.2, (wide);Yes;Wi-Fi 802.11 a/b/g/n/ac, dual-band;5.0, A2DP, LE;GPS, GLONASS, GALILEO, BDS;No;FM radio;USB Type-C, OTG;Accelerometer;Li-Ion 5580 mAh, non-removable;Gray, Gold, Blue;About 120 EUR;Innolux Glass;;;;;;;
https://www.gsmarena.com/blackview_a90-11581.php;https://fdn2.gsmarena.com/vv/bigpic/blackview-A90.jpg;Blackview A90;Released 2021, May;185g, 8.8mm thickness;Android 11;64GB storage, microSDXC;1;0.1%;16,196 hits;"6.39""";720x1560 pixels;4 GB RAM;Helio P60;4280 mAh Li-Ion;GSM 850 / 900 / 1800 / 1900 - SIM 1 & SIM 2;HSDPA 850 / 900 / 2100;1, 3, 7, 8, 20, 40;HSPA, LTE;2021, May 04;Available. Released 2021, May;166.3 x 77.6 x 8.8 mm (6.55 x 3.06 x 0.35 in);185 g (6.53 oz);Dual SIM (Nano-SIM, dual stand-by);;IPS LCD;6.39 inches, 100.2 cm(~77.7% screen-to-body ratio);720 x 1560 pixels, 19.5:9 ratio (~269 ppi density);Android 11;Mediatek MT6771 Helio P60 (12 nm);Octa-core (4x2.0 GHz Cortex-A73 & 4x2.0 GHz Cortex-A53);Mali-G72 MP3;microSDXC;64GB 4GB RAM;eMMC 5.1;12 MP, f/1.8, (wide), AFother unspecified cameras;LED flash, HDR;1080p@30fps, HDR;8 MP, f/2.2, (wide);1080p@30fps;Wi-Fi 802.11 a/b/g/n/ac, dual-band;4.2, A2DP, LE;GPS, GLONASS, BDS;Yes;FM radio;USB Type-C 2.0, OTG;Fingerprint (side-mounted), accelerometer, gyro, proximity, compass;Li-Ion 4280 mAh, non-removable;Black, Blue, Orange, Purple;About 150 EUR;;;;;;;;
https://www.gsmarena.com/blackview_tab_9-11593.php;https://fdn2.gsmarena.com/vv/bigpic/blackview-TAB9.jpg;Blackview Tab 9;Released 2021, April;570g, 8.5mm thickness;Android 10;64GB storage, microSDXC;0;0.1%;10,705 hits;"10.1""";1200x1920 pixels;4 GB RAM;Unisoc T610;7480 mAh Li-Ion;GSM 850 / 900 / 1800 / 1900 - SIM 1 & SIM 2;HSDPA 900 / 2100;1, 3, 7, 8, 20;HSPA, LTE;2021, March 24;Available. Released 2021, April;243.7 x 162.5 x 8.5 mm (9.59 x 6.40 x 0.33 in);570 g (1.26 lb);Dual SIM (Nano-SIM, dual stand-by);;IPS LCD;10.1 inches, 295.8 cm(~74.7% screen-to-body ratio);1200 x 1920 pixels, 16:10 ratio (~224 ppi density);Android 10;Unisoc T610 (12 nm);Octa-core (2x1.8 GHz Cortex-A75 & 6x1.8 GHz Cortex-A55);Mali-G52 MP2;microSDXC;64GB 4GB RAM;eMMC;13 MP, f/2.2, (wide);LED flash;1080p@30fps;5 MP, f/2.4, (wide);Yes;Wi-Fi 802.11 a/b/g/n/ac, dual-band;5.0, A2DP, LE;GPS, GLONASS, BDS;No;FM radio;USB Type-C, OTG;No;Li-Ion 7480 mAh, non-removable;Gray, Gold;About 170 EUR;Asahi Glass;;;;;;;
https://www.gsmarena.com/blackview_bv6600-11562.php;https://fdn2.gsmarena.com/vv/bigpic/blackview-BV6600-b.jpg;Blackview BV6600;Released 2021, March;325g, 18mm thickness;Android 10;64GB storage, microSDXC;0;0.1%;19,783 hits;"5.7""";720x1440 pixels;4 GB RAM;MT6762V;8580 mAh Li-Po;GSM 850 / 900 / 1800 / 1900 - SIM 1 & SIM 2;HSDPA 850 / 900 / 1900 / 2100;1, 3, 7, 8, 20, 40;HSPA, LTE;2021, March 05;Available. Released 2021, March;159 x 79.4 x 18 mm (6.26 x 3.13 x 0.71 in);325 g (11.46 oz);Dual SIM (Nano-SIM, dual stand-by);IP68/IP69K dust/water resistant (up to 1.5m for 30 min)Drop-to-concrete resistance from up to 1.5mMIL-STD-810G compliant;IPS LCD;5.7 inches, 83.8 cm(~66.4% screen-to-body ratio);720 x 1440 pixels, 18:9 ratio (~282 ppi density);Android 10;Mediatek MT6762V/WD Helio A25 (12 nm);Octa-core (4x1.8 GHz Cortex-A53 & 4x1.5 GHz Cortex-A53);PowerVR GE8320;microSDXC;64GB 4GB RAM;eMMC;16 MP, f/2.0, (wide), PDAF;LED flash, HDR;1080p@30fps;8 MP, f/2.0, (wide);1080p@30fps;Wi-Fi 802.11 a/b/g/n/ac;5.0, A2DP, LE;GPS, GLONASS, GALILEO, BDS;Yes;FM radio;USB Type-C 2.0, OTG;Fingerprint (side-mounted), accelerometer, gyro, proximity, compass;Li-Po 8580 mAh, non-removable;Black, Orange, Green;About 160 EUR;Corning Gorilla Glass 3;;;;;;;
https://www.gsmarena.com/blackview_a100-11571.php;https://fdn2.gsmarena.com/vv/bigpic/blackview-A100.jpg;Blackview A100;Released 2021, June;195g, 8.8mm thickness;Android 11;128GB storage, microSDXC;1;0.3%;29,052 hits;"6.67""";1080x2400 pixels;6 GB RAM;Helio P70;4680 mAh Li-Ion;GSM 850 / 900 / 1800 / 1900 - SIM 1 & SIM 2;HSDPA 850 / 900 / 1700(AWS) / 1900 / 2100;1, 2, 3, 4, 5, 7, 8, 12, 13, 17, 18, 19, 20, 25, 26, 28, 34, 38, 39, 40, 41, 66;HSPA, LTE;2021, June 21;Available. Released 2021, June;166.3 x 77.6 x 8.8 mm (6.55 x 3.06 x 0.35 in);195 g (6.88 oz);Dual SIM (Nano-SIM, dual stand-by);;IPS LCD;6.67 inches, 107.4 cm(~83.2% screen-to-body ratio);1080 x 2400 pixels, 20:9 ratio (~395 ppi density);Android 11;Mediatek MT6771T Helio P70 (12nm);Octa-core (4x2.1 GHz Cortex-A73 & 4x2.0 GHz Cortex-A53);Mali-G72 MP3;microSDXC;128GB 6GB RAM;UFS 2.1;12 MP, f/1.8, (wide), Dual Pixel PDAF8 MP, (ultrawide)0.3 MP, (depth);LED flash;1080p@30fps;8 MP, (wide);1080p@30fps;Wi-Fi 802.11 a/b/g/n/ac, dual-band;4.2, A2DP, LE;GPS, GLONASS, GALILEO, BDS;Yes;FM radio;USB Type-C 2.0, OTG;Fingerprint (side-mounted), accelerometer, gyro, proximity, compass;Li-Ion 4680 mAh, non-removable;Gray, Blue, Green, Pink;About 180 EUR;;;;;;;;
https://www.gsmarena.com/blackview_tab_10-11592.php;https://fdn2.gsmarena.com/vv/bigpic/blackview-TAB10.jpg;Blackview Tab 10;Released 2021, June;523g, 8.4mm thickness;Android 11;64GB storage, microSDXC;0;0.1%;14,550 hits;"10.1""";1200x1920 pixels;4 GB RAM;MTK8768;7480 mAh Li-Ion;GSM 850 / 900 / 1800 / 1900 - SIM 1 & SIM 2;HSDPA 900 / 2100;1, 3, 7, 8, 20, 40;HSPA, LTE;2021, June 08;Available. Released 2021, June;243 x 162 x 8.4 mm (9.57 x 6.38 x 0.33 in);523 g (1.15 lb);Dual SIM (Nano-SIM, dual stand-by);;IPS LCD;10.1 inches, 295.8 cm(~75.1% screen-to-body ratio);1200 x 1920 pixels, 16:10 ratio (~224 ppi density);Android 11;Mediatek MTK8768;Octa-core 2.0 GHz Cortex-A53;PowerVR GE8320;microSDXC;64GB 4GB RAM;eMMC;13 MP, f/2.2, (wide);LED flash;1080p@30fps;8 MP, f/2.2, (wide);1080p@30fps;Wi-Fi 802.11 a/b/g/n/ac, dual-band;5.0, A2DP, LE;GPS, GLONASS, GALILEO, BDS;No;FM radio;USB Type-C, OTG;Accelerometer, gyro, proximity;Li-Ion 7480 mAh, non-removable;Gray, Gold, Silver;About 180 EUR;Rainbow Glass;;;;;;;
https://www.gsmarena.com/blackview_bl5000-11557.php;https://fdn2.gsmarena.com/vv/bigpic/blackview-BL5000-b.jpg;Blackview BL5000;Released 2021, August;273g, 12.8mm thickness;Android 11;128GB storage, no card slot;5;0.1%;18,617 hits;"6.36""";1080x2300 pixels;8 GB RAM;Dimensity 700;4980 mAh Li-Po;GSM 850 / 900 / 1800 / 1900 - SIM 1 & SIM 2;HSDPA 800 / 850 / 900 / 1700(AWS) / 1900 / 2100;1, 2, 3, 4, 5, 7, 8, 12, 13, 17, 18, 19, 20, 25, 26, 28, 34, 38, 39, 40, 41, 66;HSPA, LTE, 5G;2021, July 29;Available. Released 2021, August;164 x 80.4 x 12.8 mm (6.46 x 3.17 x 0.50 in);273 g (9.63 oz);Dual SIM (Nano-SIM, dual stand-by);IP68/IP69K dust/water resistant (up to 1.5m for 30 min)Drop-to-concrete resistance from up to 1.5mMIL-STD-810G compliant;IPS LCD;6.36 inches, 100.4 cm(~76.1% screen-to-body ratio);1080 x 2300 pixels (~400 ppi density);Android 11;Mediatek MT6833 Dimensity 700 (7 nm);Octa-core (2x2.2 GHz Cortex-A76 & 6x2.0 GHz Cortex-A55);Mali-G57 MC2;No;128GB 8GB RAM;UFS 2.2;12 MP, f/1.8, (wide), PDAF16 MP, 125˚ (ultrawide);LED flash, HDR, panorama;1440p@30fps;16 MP, f/2.0, (wide);1080p@30fps;Wi-Fi 802.11 a/b/g/n/ac;5.2, A2DP, LE;GPS, GLONASS, GALILEO, BDS;Yes;FM radio;USB Type-C 2.0, OTG;Fingerprint (side-mounted), accelerometer, gyro, proximity, compass, barometer;Li-Po 4980 mAh, non-removable;Black, Orange, Green;About 260 EUR;Corning Gorilla Glass 5;;1, 3, 5, 7, 8, 20, 28, 38, 40, 41, 77, 78, 79 SA/NSA;;;;;
https://www.gsmarena.com/blackview_a70-11585.php;https://fdn2.gsmarena.com/vv/bigpic/blackview-A70.jpg;Blackview A70;Released 2021, February;205g, 8.3mm thickness;Android 11;32GB storage, microSDXC;1;0.1%;15,618 hits;"6.52""";720x1600 pixels;3 GB RAM;Unisoc SC9863A;5380 mAh Li-Ion;GSM 850 / 900 / 1800 / 1900 - SIM 1 & SIM 2;HSDPA 850 / 900 / 2100;1, 3, 7, 8, 20, 40, 41;HSPA, LTE;2021, January 26;Available. Released 2021, February;165.3 x 77.5 x 8.3 mm (6.51 x 3.05 x 0.33 in);205 g (7.23 oz);Dual SIM (Nano-SIM, dual stand-by);;IPS LCD;6.52 inches, 102.6 cm(~80.1% screen-to-body ratio);720 x 1600 pixels, 20:9 ratio (~269 ppi density);Android 11;Unisoc SC9863A (28nm);Octa-core (4x1.6 GHz Cortex-A55 & 4x1.2 GHz Cortex-A55);IMG8322;microSDXC;32GB 3GB RAM;eMMC;13 MP, f/2.2, (wide), AFother unspecified cameras;LED flash;1080p@30fps;5 MP, f/2.2, (wide);Yes;Wi-Fi 802.11 b/g/n;4.2, A2DP, LE;GPS, GLONASS, BDS;No;FM radio;microUSB 2.0, OTG;Fingerprint (rear-mounted), accelerometer, proximity;Li-Ion 5380 mAh, non-removable;Black, Blue, Red, Green;About 120 EUR;;;;;;;;
https://www.gsmarena.com/blackview_a80s-11582.php;https://fdn2.gsmarena.com/vv/bigpic/blackview-A80s.jpg;Blackview A80s;Released 2021, January;180g, 8.8mm thickness;Android 10;64GB storage, microSDXC;0;0.1%;15,808 hits;"6.22""";720x1520 pixels;4 GB RAM;MT6762V;4200 mAh Li-Ion;GSM 850 / 900 / 1800 / 1900 - SIM 1 & SIM 2;HSDPA 850 / 900 / 1900 / 2100;1, 3, 7, 8, 20, 40;HSPA, LTE;2021, January 12;Available. Released 2021, January;157.6 x 76.3 x 8.8 mm (6.20 x 3.00 x 0.35 in);180 g (6.35 oz);Dual SIM (Nano-SIM, dual stand-by);;IPS LCD;6.22 inches, 96.6 cm(~80.3% screen-to-body ratio);720 x 1520 pixels, 19:9 ratio (~270 ppi density);Android 10;Mediatek MT6762V/WD Helio A25 (12 nm);Octa-core (4x1.8 GHz Cortex-A53 & 4x1.5 GHz Cortex-A53);PowerVR GE8320;microSDXC;64GB 4GB RAM;eMMC 5.1;13 MP, f/2.2, (wide), AFother unspecified cameras;LED flash, HDR;1080p@30fps;5 MP, (wide);Yes;Wi-Fi 802.11 a/b/g/n/ac, dual-band;4.2, A2DP, LE;GPS, GLONASS, BDS;Yes;FM radio;microUSB 2.0, OTG;Fingerprint (rear-mounted), accelerometer, proximity;Li-Ion 4200 mAh, non-removable;Black, Blue, Red;About 130 EUR;;;;;;;;
https://www.gsmarena.com/blackview_tab_8e-11594.php;https://fdn2.gsmarena.com/vv/bigpic/blackview-TAB8E.jpg;Blackview Tab 8E;Released 2021, January;600g, 8.9mm thickness;Android 10;32GB storage, microSDXC;0;N/A;8,080 hits;"10.1""";1200x1920 pixels;3 GB RAM;Unisoc SC9863A;6580 mAh Li-Ion;N/A;N/A;N/A;N/A;2021, January 06;Available. Released 2021, January;243.6 x 162.4 x 8.9 mm (9.59 x 6.39 x 0.35 in);600 g (1.32 lb);No;;IPS LCD;10.1 inches, 295.8 cm(~74.8% screen-to-body ratio);1200 x 1920 pixels, 16:10 ratio (~224 ppi density);Android 10;Unisoc SC9863A (28nm);Octa-core (4x1.6 GHz Cortex-A55 & 4x1.2 GHz Cortex-A55);IMG8322;microSDXC;32GB 3GB RAM;eMMC;13 MP, f/2.2, (wide);LED flash;1080p@30fps;5 MP, f/2.2, (wide);Yes;Wi-Fi 802.11 b/g/n/ac;5.0, A2DP, LE;GPS, GLONASS, GALILEO, BDS;No;FM radio;USB Type-C, OTG;Accelerometer;Li-Ion 6580 mAh, non-removable;Gray, Gold;About 140 EUR;Asahi Glass;;;N/A;N/A;;;
https://www.gsmarena.com/blackview_bv8800-11405.php;https://fdn2.gsmarena.com/vv/bigpic/blackview-bv8800.jpg;Blackview BV8800;Released 2022, January 10;367g, 17.7mm thickness;Android 11, Doke-OS 3.0;128GB storage, no card slot;17;0.4%;84,774 hits;"6.58""";1080x2408 pixels;8 GB RAM;Helio G96;8380 mAh Li-Po;GSM 850 / 900 / 1800 / 1900 - SIM 1 & SIM 2;HSDPA 800 / 850 / 900 / 1700(AWS) / 1900 / 2100;1, 2, 3, 4, 5, 7, 8, 12, 13, 17, 18, 19, 20, 25, 26, 28, 30, 34, 38, 39, 40, 41, 66;HSPA, LTE;2021, December 24;Available. Released 2022, January 10;176.2 x 83.5 x 17.7 mm (6.94 x 3.29 x 0.70 in);367 g (12.95 oz);Dual SIM (Nano-SIM, dual stand-by);IP68/IP69K dust/water resistant (up to 1.5m for 30 min)Drop-to-concrete resistance from up to 1.5mMIL-STD-810H compliant;IPS LCD, 90Hz, 480 nits;6.58 inches, 104.3 cm(~70.9% screen-to-body ratio);1080 x 2408 pixels, 20:9 ratio (~401 ppi density);Android 11, Doke-OS 3.0;Mediatek MT6781 Helio G96 (12 nm);Octa-core (2x2.05 GHz Cortex-A76 & 6x2.0 GHz Cortex-A55);Mali-G57 MC2;No;128GB 8GB RAM;UFS 2.1;50 MP, f/1.8, (wide), PDAF8 MP, f/2.2, 117˚ (ultrawide)20 MP, f/1.8, (IR camera), 2 IR emitters2 MP, (depth);Dual-LED flash, HDR, panorama;1440p@30fps;16 MP, f/2.0, (wide);1080p@30fps;Wi-Fi 802.11 a/b/g/n/ac;5.2, A2DP, LE;GPS, GLONASS, GALILEO, BDS;Yes;FM radio;USB Type-C 2.0, OTG;Fingerprint (side-mounted), accelerometer, gyro, proximity, compass, barometer;Li-Po 8380 mAh, non-removable;Black, Orange, Green;About 350 EUR;;;;;;AnTuTu: 254849 (v8), 288964 (v9)GeekBench: 1752 (v5.1)GFXBench: 10fps (ES 3.1 onscreen);;
https://www.gsmarena.com/blackview_a70_pro-11584.php;https://fdn2.gsmarena.com/vv/bigpic/blackview-A70pro.jpg;Blackview A70 Pro;Released 2021, December;205g, 9.6mm thickness;Android 11;32GB storage, microSDXC;1;0.1%;15,382 hits;"6.52""";720x1600 pixels;4 GB RAM;Unisoc Tiger T310;5380 mAh Li-Ion;GSM 850 / 900 / 1800 / 1900 - SIM 1 & SIM 2;HSDPA 900 / 2100;1, 3, 7, 8, 20, 40;HSPA, LTE;2021, December 24;Available. Released 2021, December;165.2 x 77 x 9.6 mm (6.50 x 3.03 x 0.38 in);205 g (7.23 oz);Dual SIM (Nano-SIM, dual stand-by);;IPS LCD;6.52 inches, 102.6 cm(~80.7% screen-to-body ratio);720 x 1600 pixels, 20:9 ratio (~269 ppi density);Android 11;Unisoc Tiger T310 (12nm);Quad-core (1x2.0 GHz Cortex-A75 & 3x1.8 GHz Cortex-A55);PowerVR GE8300;microSDXC;32GB 4GB RAM;eMMC;13 MP, f/2.2, (wide), AFother unspecified cameras;LED flash;1080p@30fps;5 MP, f/2.2, (wide);Yes;Wi-Fi 802.11 a/b/g/n/ac, dual-band;5.0, A2DP, LE;GPS, GLONASS, BDS;No;FM radio;microUSB 2.0, OTG;Fingerprint (rear-mounted), accelerometer, proximity;Li-Ion 5380 mAh, non-removable;Black, Blue, Red, Green;About 120 EUR;Panda Glass;;;;;;;
https://www.gsmarena.com/blackview_tab_10_pro-11591.php;https://fdn2.gsmarena.com/vv/bigpic/blackview-TAB10pro.jpg;Blackview Tab 10 Pro;Released 2021, December;588g, 8.8mm thickness;Android 11;128GB storage, microSDXC;0;0.1%;14,378 hits;"10.1""";1200x1920 pixels;8 GB RAM;MT8788V;6580 mAh Li-Ion;GSM 850 / 900 / 1800 / 1900 - SIM 1 & SIM 2;HSDPA 900 / 2100;1, 3, 7, 8, 20, 40;HSPA, LTE;2021, December 16;Available. Released 2021, December;243 x 162 x 8.8 mm (9.57 x 6.38 x 0.35 in);588 g (1.30 lb);Dual SIM (Nano-SIM, dual stand-by);Stylus support;IPS LCD;10.1 inches, 295.8 cm(~75.1% screen-to-body ratio);1200 x 1920 pixels, 16:10 ratio (~224 ppi density);Android 11;Mediatek MT8788V;Octa-core (4x2.0 GHz Cortex-A73 & 4x2.0 GHz Cortex-A53);Mali-G72 MP3;microSDXC;128GB 8GB RAM;UFS;13 MP, f/2.2, (wide);LED flash;1080p@30fps;8 MP, f/2.2, (wide);1080p@30fps;Wi-Fi 802.11 a/b/g/n/ac, dual-band;5.0, A2DP, LE;GPS, GLONASS, BDS;No;FM radio;USB Type-C, OTG;Accelerometer, gyro, proximity, compass;Li-Ion 6580 mAh, non-removable;Gray, Gold, Silver;About 220 EUR;Asahi Glass;;;;;;;
https://www.gsmarena.com/blackview_a55-11587.php;https://fdn2.gsmarena.com/vv/bigpic/blackview-A55.jpg;Blackview A55;Released 2021, December;196g, 9.1mm thickness;Android 11;16GB storage, microSDXC;2;0.2%;29,459 hits;"6.53""";720x1600 pixels;3 GB RAM;Helio A22;4780 mAh Li-Ion;GSM 850 / 900 / 1800 / 1900 - SIM 1 & SIM 2;HSDPA 900 / 2100;1, 3, 7, 8, 20, 40;HSPA, LTE;2021, December 06;Available. Released 2021, December;164.5 x 76.7 x 9.1 mm (6.48 x 3.02 x 0.36 in);196 g (6.91 oz);Dual SIM (Nano-SIM, dual stand-by);;IPS LCD;6.53 inches, 102.9 cm(~81.6% screen-to-body ratio);720 x 1600 pixels, 20:9 ratio (~269 ppi density);Android 11;Mediatek MT6761V Helio A22 (12 nm);Quad-core 2.0 GHz Cortex-A53;PowerVR GE8300;microSDXC;16GB 3GB RAM;eMMC;8 MP, f/2.2, (wide), AFother unspecified cameras;LED flash;1080p@30fps;5 MP, f/2.2, (wide);Yes;Wi-Fi 802.11 a/b/g/n/ac, dual-band;4.1, A2DP;GPS, GLONASS, BDS;No;FM radio;microUSB 2.0, OTG;Fingerprint (rear-mounted), accelerometer, proximity;Li-Ion 4780 mAh, non-removable;Gray, Green, Blue, Gradient;About 100 EUR;;;;;;;;
https://www.gsmarena.com/blackview_bv9900e-11558.php;https://fdn2.gsmarena.com/vv/bigpic/blackview-BV9900E-b.jpg;Blackview BV9900E;Released 2020, September;273g, 14.2mm thickness;Android 10;128GB storage, microSDXC;1;0.1%;18,528 hits;"5.84""";1080x2280 pixels;6 GB RAM;MT6779V;4380 mAh Li-Po;GSM 850 / 900 / 1800 / 1900 - SIM 1 & SIM 2;HSDPA 800 / 850 / 900 / 1700(AWS) / 1900 / 2100;1, 2, 3, 4, 5, 7, 8, 12, 13, 17, 18, 19, 20, 25, 26, 28, 34, 38, 39, 40, 41, 66;HSPA, LTE;2020, September 10;Available. Released 2020, September;156.5 x 78.3 x 14.2 mm (6.16 x 3.08 x 0.56 in);273 g (9.63 oz);Dual SIM (Nano-SIM, dual stand-by);IP68/IP69K dust/water resistant (up to 1.5m for 30 min)Drop-to-concrete resistance from up to 1.5mMIL-STD-810G compliant;IPS LCD;5.84 inches, 85.1 cm(~69.5% screen-to-body ratio);1080 x 2280 pixels, 19:9 ratio (~432 ppi density);Android 10;Mediatek MT6779V/CE Helio P90 (12 nm);Octa-core (2x2.2 GHz Cortex-A75 & 6x2.0 GHz Cortex-A55);PowerVR GM9446;microSDXC;128GB 6GB RAM;UFS 2.1;48 MP, f/1.8, (wide), PDAF16 MP, 120˚ (ultrawide)2 MP, (macro)0.3 MP, (depth);LED flash, HDR, panorama;4K@30fps, 1080p@60fps;16 MP, f/2.0, (wide);1080p@30fps;Wi-Fi 802.11 a/b/g/n/ac;5.0, A2DP, LE;GPS, GLONASS, GALILEO, BDS;Yes;FM radio;USB Type-C 2.0, OTG;Fingerprint (side-mounted), accelerometer, gyro, proximity, compass, barometer;Li-Po 4380 mAh, non-removable;Black, Silver;About 260 EUR;Corning Gorilla Glass 5;;;;;;;
https://www.gsmarena.com/blackview_bv4900_pro-11570.php;https://fdn2.gsmarena.com/vv/bigpic/blackview-BV4900Pro-b.jpg;Blackview BV4900 Pro;Released 2020, November;261g, 13.7mm thickness;Android 10;64GB storage, microSDXC;0;0.1%;21,990 hits;"5.7""";720x1440 pixels;4 GB RAM;MT6762V;5580 mAh Li-Po;GSM 850 / 900 / 1800 / 1900 - SIM 1 & SIM 2;HSDPA 850 / 900 / 1700(AWS) / 1900 / 2100;1, 3, 7, 8, 20, 40;HSPA, LTE;2020, October 18;Available. Released 2020, November;157.5 x 78.1 x 13.7 mm (6.20 x 3.07 x 0.54 in);261 g (9.21 oz);Dual SIM (Nano-SIM, dual stand-by);IP68/IP69K dust/water resistant (up to 1.5m for 30 min)Drop-to-concrete resistance from up to 1.5mMIL-STD-810G compliant;IPS LCD;5.7 inches, 83.8 cm(~68.2% screen-to-body ratio);720 x 1440 pixels, 18:9 ratio (~282 ppi density);Android 10;Mediatek MT6762V/WD Helio P22 (12 nm);Octa-core 2.0 GHz Cortex-A53;PowerVR GE8320;microSDXC;64GB 4GB RAM;eMMC;13 MP, f/2.2, (wide), AF;LED flash;1080p@30fps;5 MP, f/2.2, (wide);Yes;Wi-Fi 802.11 a/b/g/n/ac, dual-band;5.0, A2DP, LE;GPS, GLONASS, GALILEO, BDS;Yes;FM radio;microUSB 2.0, OTG;Fingerprint (side-mounted), accelerometer, gyro, proximity, compass;Li-Po 5580 mAh, non-removable;Black, Orange, Green, Yellow;About 140 EUR;Dragontrail Glass;;;;;;;
https://www.gsmarena.com/blackview_bl6000_pro-11556.php;https://fdn2.gsmarena.com/vv/bigpic/blackview-BL6000Pro-b.jpg;Blackview BL6000 Pro;Released 2020, November;273g, 12.8mm thickness;Android 10, up to Android 11;256GB storage, no card slot;2;0.1%;18,056 hits;"6.36""";1080x2300 pixels;8 GB RAM;Dimensity 800;5280 mAh Li-Po;GSM 850 / 900 / 1800 / 1900 - SIM 1 & SIM 2;HSDPA 800 / 850 / 900 / 1700(AWS) / 1900 / 2100;1, 2, 3, 4, 5, 7, 8, 12, 13, 17, 18, 19, 20, 25, 26, 28, 34, 38, 39, 40, 41, 66;HSPA, LTE, 5G;2020, November 17;Available. Released 2020, November;166.7 x 81.3 x 12.8 mm (6.56 x 3.20 x 0.50 in);273 g (9.63 oz);Dual SIM (Nano-SIM, dual stand-by);IP68/IP69K dust/water resistant (up to 1.5m for 30 min)Drop-to-concrete resistance from up to 1.5mMIL-STD-810G compliant;IPS LCD;6.36 inches, 100.4 cm(~74.1% screen-to-body ratio);1080 x 2300 pixels (~400 ppi density);Android 10, upgradable to Android 11;Mediatek MT6873 Dimensity 800 (7 nm);Octa-core (4x2.0 GHz Cortex-A76 & 4x2.0 GHz Cortex-A55);Mali-G57 MP4;No;258GB 8GB RAM;UFS 2.1;48 MP, (wide), PDAF13 MP, 125˚ (ultrawide)0.3 MP;LED flash, HDR, panorama;4K@30fps;16 MP, f/2.0, (wide);1080p@30fps;Wi-Fi 802.11 a/b/g/n/ac;5.1, A2DP, LE;GPS, GLONASS, GALILEO, BDS, QZSS;Yes;FM radio;USB Type-C 2.0, OTG;Fingerprint (side-mounted), accelerometer, gyro, proximity, compass, barometer;Li-Po 5280 mAh, non-removable;Black, Gray, Silver;About 380 EUR;Corning Gorilla Glass 3;;1, 3, 5, 8, 20, 28, 38, 41, 77, 78, 79 SA/NSA;;;;;
https://www.gsmarena.com/blackview_bv5100-11567.php;https://fdn2.gsmarena.com/vv/bigpic/blackview-BV5100-b.jpg;Blackview BV5100;Released 2020, November;275g, 13.7mm thickness;Android 10;64GB storage, microSDXC;0;N/A;10,280 hits;"5.7""";720x1440 pixels;4 GB RAM;MT6762V;5580 mAh Li-Po;GSM 850 / 900 / 1800 / 1900 - SIM 1 & SIM 2;HSDPA 850 / 900 / 1700(AWS) / 1900 / 2100;1, 2, 3, 4, 5, 7, 8, 12, 13, 17, 18, 19, 20, 25, 26, 28, 38, 40, 41, 66;HSPA, LTE;2020, November 13;Available. Released 2020, November;159.4 x 77.7 x 13.7 mm (6.28 x 3.06 x 0.54 in);275 g (9.70 oz);Dual SIM (Nano-SIM, dual stand-by);IP68/IP69K dust/water resistant (up to 1.5m for 30 min)Drop-to-concrete resistance from up to 1.5mMIL-STD-810G compliant;IPS LCD;5.7 inches, 83.8 cm(~67.7% screen-to-body ratio);720 x 1440 pixels, 18:9 ratio (~282 ppi density);Android 10;Mediatek MT6762V/WD Helio P22 (12 nm);Octa-core (4x1.8 GHz Cortex-A53 & 4x1.5 GHz Cortex-A53);PowerVR GE8320;microSDXC;64GB 4GB RAM;eMMC;16 MP, f/2.0, (wide), AF8 MP, f/2.2, 117˚ (ultrawide)0.3 MP;LED flash, HDR;1080p@30fps;13 MP, f/2.2, (wide);1080p@30fps;Wi-Fi 802.11 a/b/g/n;5.0, A2DP, LE;GPS, GLONASS, GALILEO, BDS;Yes;FM radio;USB Type-C 2.0, OTG;Fingerprint (side-mounted), accelerometer, gyro, proximity, compass;Li-Po 5580 mAh, non-removable;Black, Orange, Green, Yellow;About 180 EUR;Corning Gorilla Glass 3;;;;;;;
https://www.gsmarena.com/blackview_tab_8-11595.php;https://fdn2.gsmarena.com/vv/bigpic/blackview-TAB8.jpg;Blackview Tab 8;Released 2020, July;600g, 8.9mm thickness;Android 10;64GB storage, microSDXC;0;0.1%;17,451 hits;"10.1""";1200x1920 pixels;4 GB RAM;Unisoc SC9863A;6580 mAh Li-Ion;GSM 850 / 900 / 1800 / 1900 - SIM 1 & SIM 2;HSDPA 900 / 2100;1, 3, 7, 8, 20;HSPA, LTE;2020, July 21;Available. Released 2020, July;243.6 x 162.4 x 8.9 mm (9.59 x 6.39 x 0.35 in);600 g (1.32 lb);Dual SIM (Nano-SIM, dual stand-by);;IPS LCD;10.1 inches, 295.8 cm(~74.8% screen-to-body ratio);1200 x 1920 pixels, 16:10 ratio (~224 ppi density);Android 10;Unisoc SC9863A (28nm);Octa-core (4x1.6 GHz Cortex-A55 & 4x1.2 GHz Cortex-A55);IMG8322;microSDXC;64GB 4GB RAM;eMMC;13 MP, f/2.2, (wide);LED flash;1080p@30fps;5 MP, f/2.2, (wide);Yes;Wi-Fi 802.11 b/g/n/ac;5.0, A2DP, LE;GPS, GLONASS, BDS;No;FM radio;USB Type-C, OTG;Accelerometer;Li-Ion 6580 mAh, non-removable;Gray, Gold;About 150 EUR;Asahi Glass;;;;;;;
https://www.gsmarena.com/blackview_bv6300_pro-11563.php;https://fdn2.gsmarena.com/vv/bigpic/blackview-BV6300pro-b.jpg;Blackview BV6300 Pro;Released 2020, May;230g, 12.8mm thickness;Android 10;128GB storage, microSDXC;1;0.1%;20,124 hits;"5.7""";720x1440 pixels;6 GB RAM;Helio P70;4380 mAh Li-Po;GSM 850 / 900 / 1800 / 1900 - SIM 1 & SIM 2;HSDPA 850 / 900 / 1700(AWS) / 1900 / 2100;1, 2, 3, 4, 5, 7, 8, 12, 13, 17, 18, 19, 20, 25, 26, 28, 38, 40, 41, 66;HSPA, LTE;2020, February 24;Available. Released 2020, May;159.6 x 78.2 x 12.8 mm (6.28 x 3.08 x 0.50 in);230 g (8.11 oz);Dual SIM (Nano-SIM, dual stand-by);IP68/IP69K dust/water resistant (up to 1.5m for 30 min)Drop-to-concrete resistance from up to 1.5mMIL-STD-810G compliant;IPS LCD;5.7 inches, 83.8 cm(~67.2% screen-to-body ratio);720 x 1440 pixels, 18:9 ratio (~282 ppi density);Android 10;Mediatek MT6771T Helio P70 (12nm);Octa-core (4x2.1 GHz Cortex-A73 & 4x2.0 GHz Cortex-A53);Mali-G72 MP3;microSDXC;128GB 6GB RAM;eMMC;16 MP, f/2.0, (wide), PDAF8 MP, f/2.2, 120˚ (ultrawide)2 MP, f/2.0, (macro)0.3 MP, f/1.8, (depth);Dual-LED flash, HDR;1080p@30fps;13 MP, f/2.2, (wide);1080p@30fps;Wi-Fi 802.11 a/b/g/n;4.2, A2DP, LE;GPS, GLONASS, BDS;Yes;FM radio;USB Type-C 2.0, OTG;Fingerprint (rear-mounted), accelerometer, gyro, proximity, compass;Li-Po 4380 mAh, non-removable;Black, Orange, Green, Yellow;About 200 EUR;Corning Gorilla Glass 3;;;;;;;
https://www.gsmarena.com/blackview_a80_plus-11583.php;https://fdn2.gsmarena.com/vv/bigpic/blackview-A80plus.jpg;Blackview A80 Plus;Released 2020, December;180g, 8.8mm thickness;Android 10;64GB storage, microSDXC;0;0.2%;21,648 hits;"6.49""";720x1560 pixels;4 GB RAM;MT6762V;4680 mAh Li-Ion;GSM 850 / 900 / 1800 / 1900 - SIM 1 & SIM 2;HSDPA 850 / 900 / 1900 / 2100;1, 3, 7, 8, 20, 40;HSPA, LTE;2020, December 10;Available. Released 2020, December;162.8 x 77.8 x 8.8 mm (6.41 x 3.06 x 0.35 in);180 g (6.35 oz);Dual SIM (Nano-SIM, dual stand-by);;IPS LCD;6.49 inches, 103.4 cm(~81.6% screen-to-body ratio);720 x 1560 pixels, 19.5:9 ratio (~265 ppi density);Android 10;Mediatek MT6762V/WD Helio A25 (12 nm);Octa-core (4x1.8 GHz Cortex-A53 & 4x1.5 GHz Cortex-A53);PowerVR GE8320;microSDXC;64GB 4GB RAM;eMMC;13 MP, f/2.0, (wide), AFother unspecified cameras;LED flash, HDR;1080p@30fps;8 MP, (wide);1080p@30fps;Wi-Fi 802.11 b/g/n/ac;4.2, A2DP, LE;GPS, GLONASS, BDS;Yes;FM radio;USB Type-C 2.0, OTG;Fingerprint (rear-mounted), accelerometer, proximity;Li-Ion 4680 mAh, non-removable;Black, Blue, Red;About 130 EUR;;;;;;;;
https://www.gsmarena.com/blackview_bv4900-11569.php;https://fdn2.gsmarena.com/vv/bigpic/blackview-BV4900-b.jpg;Blackview BV4900;Released 2020, August;261g, 13.7mm thickness;Android 10;32GB storage, microSDXC;0;0.1%;14,792 hits;"5.7""";720x1440 pixels;3 GB RAM;MT6761V;5580 mAh Li-Po;GSM 850 / 900 / 1800 / 1900 - SIM 1 & SIM 2;HSDPA 850 / 900 / 1700(AWS) / 1900 / 2100;1, 3, 7, 8, 20, 40;HSPA, LTE;2020, August 18;Available. Released 2020, August;157.5 x 78.1 x 13.7 mm (6.20 x 3.07 x 0.54 in);261 g (9.21 oz);Dual SIM (Nano-SIM, dual stand-by);IP68/IP69K dust/water resistant (up to 1.5m for 30 min)Drop-to-concrete resistance from up to 1.5mMIL-STD-810G compliant;IPS LCD;5.7 inches, 83.8 cm(~68.2% screen-to-body ratio);720 x 1440 pixels, 18:9 ratio (~282 ppi density);Android 10;Mediatek MT6761V/WE Helio A22 (12 nm);Quad-core 2.0 GHz Cortex-A53;PowerVR GE8320;microSDXC;32GB 3GB RAM;eMMC;8 MP, f/2.4, (wide), AF;LED flash;1080p@30fps;5 MP, f/2.2, (wide);Yes;Wi-Fi 802.11 a/b/g/n/ac, dual-band;5.0, A2DP, LE;GPS, GLONASS, GALILEO, BDS;Yes;FM radio;microUSB 2.0, OTG;Fingerprint (side-mounted), accelerometer, gyro, proximity, compass;Li-Po 5580 mAh, non-removable;Black, Orange, Green, Yellow;About 130 EUR;Dragontrail Glass;;;;;;;
https://www.gsmarena.com/blackview_bv9800_pro-11559.php;https://fdn2.gsmarena.com/vv/bigpic/blackview-BV9800pro-b.jpg;Blackview BV9800 Pro;Released 2019, November;322g, 14.8mm thickness;Android 9.0;128GB storage, microSDXC;2;0.1%;20,056 hits;"6.3""";1080x2340 pixels;6 GB RAM;MT6771V;6580 mAh Li-Po;GSM 850 / 900 / 1800 / 1900 - SIM 1 & SIM 2;HSDPA 800 / 850 / 900 / 1700(AWS) / 1900 / 2100;1, 2, 3, 4, 5, 6, 7, 8, 12, 13, 17, 18, 19, 20, 25, 26, 28, 34, 38, 39, 40, 41, 66;HSPA, LTE;2019, October 28;Available. Released 2019, November;168.5 x 81 x 14.8 mm (6.63 x 3.19 x 0.58 in);322 g (11.36 oz);Dual SIM (Nano-SIM, dual stand-by);IP68/IP69K dust/water resistant (up to 1.5m for 30 min)Drop-to-concrete resistance from up to 1.5mMIL-STD-810H compliant;IPS LCD;6.3 inches, 97.4 cm(~71.4% screen-to-body ratio);1080 x 2340 pixels, 19.5:9 ratio (~409 ppi density);Android 9.0 (Pie);Mediatek MT6771V/CT Helio P70 (12nm);Octa-core (4x2.1 GHz Cortex-A73 & 4x2.0 GHz Cortex-A53);Mali-G72 MP3;microSDXC;128GB 6GB RAM;eMMC;48 MP, (wide), PDAF5 MP, thermal assisted cameraFLIR thermal camera (Lepton module);Thermal imaging, LED flash;1080p@30fps;16 MP, f/2.0, (wide);1080p@30fps;Wi-Fi 802.11 a/b/g/n/ac;4.1, A2DP;GPS, GLONASS, GALILEO;Yes;FM radio;USB Type-C 2.0, OTG;Fingerprint (side-mounted), accelerometer, gyro, proximity, compass, barometer;Li-Po 6580 mAh, non-removable;Black, Orange;About 340 EUR;;;;;;;;
https://www.gsmarena.com/blackview_bv5900-11566.php;https://fdn2.gsmarena.com/vv/bigpic/blackview-BV5900-b.jpg;Blackview BV5900;Released 2019, August;268g, 15mm thickness;Android 9.0;32GB storage, microSD;0;0.1%;12,821 hits;"5.7""";720x1520 pixels;3 GB RAM;Helio A22;5580 mAh Li-Po;GSM 850 / 900 / 1800 / 1900 - SIM 1 & SIM 2;HSDPA 850 / 1900  / 900 / 1800;1, 3, 7, 8, 20, 40;HSPA, LTE;2019, August 14;Available. Released 2019, August;159 x 80 x 15 mm (6.26 x 3.15 x 0.59 in);268 g (9.45 oz);Dual SIM (Nano-SIM, dual stand-by);IP68/IP69K dust/water resistant (up to 1.5m for 30 min)Drop-to-concrete resistance from up to 1.5mMIL-STD-810G compliant;IPS LCD;5.7 inches, 81.1 cm(~63.8% screen-to-body ratio);720 x 1520 pixels, 19:9 ratio (~295 ppi density);Android 9.0 (Pie);Mediatek MT6761 Helio A22 (12 nm);Quad-core 2.0 GHz Cortex-A53;PowerVR GE8320;microSD;32GB 3GB RAM;eMMC;13 MP, f/2.2, (wide), AF0.3 MP, f/2.8;LED flash;1080p@30fps;5 MP, f/2.2, (wide);Yes;Wi-Fi 802.11 a/b/g/n;4.2, A2DP;GPS, GLONASS, GALILEO, BDS;Yes;FM radio;USB Type-C 2.0, OTG;Fingerprint (side-mounted), accelerometer, gyro, proximity, compass;Li-Po 5580 mAh, non-removable;Black, Orange, Green;About 80 EUR;;;;;;;;
https://www.gsmarena.com/blackview_s6-9040.php;https://fdn2.gsmarena.com/vv/bigpic/blackview-s6.jpg;Blackview S6;Released 2018, January;9.7mm thickness;Android 7.0;16GB storage, microSDXC;7;N/A;190,927 hits;"5.7""";720x1440 pixels;2 GB RAM;MT6737VWH;4180 mAh Li-Ion;GSM 850 / 900 / 1800 / 1900 - SIM 1 & SIM 2;HSDPA 900 / 2100;1, 3, 7, 8, 20;HSPA, LTE;2018, January;Available. Released 2018, January;155 x 73.4 x 9.7 mm (6.10 x 2.89 x 0.38 in);-;Dual SIM (Nano-SIM, dual stand-by);;IPS LCD;5.7 inches, 83.8 cm(~73.7% screen-to-body ratio);720 x 1440 pixels, 18:9 ratio (~282 ppi density);Android 7.0 (Nougat);Mediatek MT6737VWH;Quad-core 1.3 GHz Cortex-A53;Mali-T720MP1;microSDXC (dedicated slot);16GB 2GB RAM;eMMC 5.0;8 MP, AF0.3 MP, (depth);Dual-LED dual-tone flash;1080p@30fps;5 MP;;Wi-Fi 802.11 b/g/n;4.1, A2DP;GPS;No;No;USB Type-C 2.0, OTG;Fingerprint (rear-mounted), accelerometer, gyro, proximity;Li-Ion 4180 mAh, non-removable;Black, Gold, Silver;About 100 EUR;;;;;;;;
https://www.gsmarena.com/blackview_s8-9039.php;https://fdn2.gsmarena.com/vv/bigpic/blackview-s8.jpg;Blackview S8;Released 2017, October;190g, 8.5mm thickness;Android 7.0;64GB storage, microSDXC;10;N/A;279,567 hits;"5.7""";720x1440 pixels;4 GB RAM;MT6750T;3180 mAh Li-Ion;GSM 850 / 900 / 1800 / 1900 - SIM 1 & SIM 2;HSDPA 900 / 2100;1, 3, 7, 8, 20;HSPA, LTE;2017, September;Available. Released 2017, October;154 x 71.9 x 8.5 mm (6.06 x 2.83 x 0.33 in);190 g (6.70 oz);Dual SIM (Micro-SIM/Nano-SIM, dual stand-by);;IPS LCD;5.7 inches, 83.8 cm(~75.7% screen-to-body ratio);720 x 1440 pixels, 18:9 ratio (~282 ppi density);Android 7.0 (Nougat);Mediatek MT6750T (28 nm);Octa-core (4x1.5 GHz Cortex-A53 & 4x1.0 GHz Cortex-A53);Mali-T860MP2;microSDXC;64GB 4GB RAM;eMMC 5.1;13 MP, f/2.0, AF0.3 MP, (depth);Dual-LED dual-tone flash, HDR, panorama;1080p@30fps;13 MP, AF, f/2.0VGA, depth sensor;;Wi-Fi 802.11 b/g/n;4.0, A2DP;GPS;No;No;USB Type-C 2.0, OTG;Fingerprint (rear-mounted), accelerometer, gyro, proximity, compass;Li-Ion 3180 mAh, non-removable;Black, Gold, Blue;About 170 EUR;;Glass front, aluminum back, aluminum frame;;;;;;LED flash
https://www.gsmarena.com/blackview_p6000-9042.php;https://fdn2.gsmarena.com/vv/bigpic/blackview-p6000.jpg;Blackview P6000;Released 2017;230g, 10.2mm thickness;Android 7.1.1;64GB storage, microSDXC;17;N/A;207,574 hits;"5.5""";1080x1920 pixels;6 GB RAM;Helio P25;6180 mAh Li-Ion;GSM 850 / 900 / 1800 / 1900 - SIM 1 & SIM 2;HSDPA 900 / 2100;1, 3, 7, 8, 20;HSPA, LTE;2017;Available. Released 2017;154.5 x 76.5 x 10.2 mm (6.08 x 3.01 x 0.40 in);230 g (8.11 oz);Dual SIM (Nano-SIM, dual stand-by);;IPS LCD;5.5 inches, 83.4 cm(~70.6% screen-to-body ratio);1080 x 1920 pixels, 16:9 ratio (~401 ppi density);Android 7.1.1 (Nougat);Mediatek MT6757CD Helio P25 (16 nm);Octa-core (4x2.5 GHz Cortex-A53 & 4x1.4 GHz Cortex-A53);Mali-T880MP2;microSDXC;64GB 6GB RAM;;21 MP, f/2.0, AF0.3 MP, (depth);Dual-LED flash, HDR, panorama;1080p@30fps;8 MP;;Wi-Fi 802.11 b/g/n;4.1, A2DP, LE;GPS, GLONASS;No;No;USB Type-C 2.0, OTG;Fingerprint (rear-mounted), accelerometer, proximity, compass;Li-Ion 6180 mAh, non-removable;Black, Blue;About 250 EUR;;;;;;;;
https://www.gsmarena.com/blackview_a10-9043.php;https://fdn2.gsmarena.com/vv/bigpic/blackview-a10.jpg;Blackview A10;Released 2017;169g, 8.8mm thickness;Android 7.0;16GB storage, microSDHC;0;N/A;101,370 hits;"5.0""";720x1280 pixels;2 GB RAM;MT6580A;2800 mAh Li-Po;GSM 850 / 900 / 1800 / 1900 - SIM 1 & SIM 2;HSDPA 900 / 2100;;HSPA;2017;Available. Released 2017;143.2 x 70.3 x 8.8 mm (5.64 x 2.77 x 0.35 in);169 g (5.96 oz);Hybrid Dual SIM (Micro-SIM/Nano-SIM, dual stand-by);;IPS LCD;5.0 inches, 68.9 cm(~68.5% screen-to-body ratio);720 x 1280 pixels, 16:9 ratio (~294 ppi density);Android 7.0 (Nougat);Mediatek MT6580A (28 nm);Quad-core 1.3 GHz Cortex-A7;Mali-400MP2;microSDHC (uses shared SIM slot);16GB 2GB RAM;;8 MP, AF5 MP, f/2.4, (depth);LED flash;1080p@30fps;5 MP;;Wi-Fi 802.11 b/g/n;4.0, A2DP;GPS;No;No;microUSB 2.0;Fingerprint (rear-mounted), accelerometer;Li-Po 2800 mAh, non-removable;Olive Black, Lily White, Barley Golden, Coral Blue;About 70 EUR;;;;;;;;
https://www.gsmarena.com/blackview_a7_pro-9044.php;https://fdn2.gsmarena.com/vv/bigpic/blackview-a7-pro.jpg;Blackview A7 Pro;Released 2017;176g, 9.5mm thickness;Android 7.0;16GB storage, microSDHC;0;N/A;117,960 hits;"5.0""";720x1280 pixels;2 GB RAM;MT6737;2800 mAh Li-Po;GSM 850 / 900 / 1800 / 1900 - SIM 1 & SIM 2;HSDPA 900 / 2100;1, 3, 7, 8, 20;HSPA;2017;Available. Released 2017;143 x 71 x 9.5 mm (5.63 x 2.80 x 0.37 in);176 g (6.21 oz);Dual SIM;;IPS LCD;5.0 inches, 68.9 cm(~67.9% screen-to-body ratio);720 x 1280 pixels, 16:9 ratio (~294 ppi density);Android 7.0 (Nougat);Mediatek MT6737 (28 nm);Quad-core 1.3 GHz Cortex-A53;Mali-T720;microSDHC;16GB 2GB RAM;eMMC 5.0;8 MP, AF0.3 MP, (depth);LED flash;1080p@30fps;5 MP;;Wi-Fi 802.11 b/g/n;4.0, A2DP;GPS;No;No;microUSB 2.0;Fingerprint (rear-mounted), accelerometer;Li-Po 2800 mAh, removable;Champagne Gold, Chocolate Black, Cream White, Jelly Blue;About 80 EUR;;;;;;;;
https://www.gsmarena.com/blackview_a7-9045.php;https://fdn2.gsmarena.com/vv/bigpic/blackview-a7.jpg;Blackview A7;Released 2017;176g, 9.5mm thickness;Android 7.0;8GB storage, microSDHC;1;N/A;145,303 hits;"5.0""";720x1280 pixels;1 GB RAM;MT6580A;2800 mAh Li-Po;GSM 850 / 900 / 1800 / 1900 - SIM 1 & SIM 2;HSDPA 900 / 2100;;HSPA;2017;Available. Released 2017;143 x 71 x 9.5 mm (5.63 x 2.80 x 0.37 in);176 g (6.21 oz);Dual SIM;;IPS LCD;5.0 inches, 68.9 cm(~67.9% screen-to-body ratio);720 x 1280 pixels, 16:9 ratio (~294 ppi density);Android 7.0 (Nougat);Mediatek MT6580A (28 nm);Quad-core 1.3 GHz Cortex-A7;Mali-400MP2;microSDHC;8GB 1GB RAM;;5 MP, AF0.3 MP, (depth);LED flash;1080p@30fps;2 MP;;Wi-Fi 802.11 b/g/n;4.0, A2DP;GPS;No;No;microUSB 2.0;Accelerometer;Li-Po 2800 mAh, removable;Champagne Gold, Chocolate Black, Cream White, Jelly Blue;About 60 EUR;;;;;;;;
