Link;Image;Name;Release date;Weight;OS;Storage;Fans;Popularity;Hits;Screen_size;Screen_resolution;RAM;SOC;Battery;net2g;net3g;net4g;speed;gprstext;edge;year;status;dimensions;weight;sim;displaytype;displaysize;displayresolution;chipset;cpu;memoryslot;internalmemory;cam1modules;cam1video;cam2modules;wlan;bluetooth;gps;nfc;radio;usb;sensors;featuresother;batdescription1;colors;price;os;gpu;memoryother;cam1features;cam2video;bodyother;net5g;displayprotection;displayother;cam2features;batstandby1;battalktime1;sar-us;build
https://www.gsmarena.com/energizer_e4-11646.php;https://fdn2.gsmarena.com/vv/bigpic/energizer-e4.jpg;Energizer E4;Released 2022, August;65g, 13.5mm thickness;Feature phone;4MB storage, microSDHC slot;0;0.2%;25,593 hits;"1.77""";128x160 pixels;512 MB RAM;Unisoc SC6531DA;1000 mAh Li-Ion;GSM 850 / 900 / 1800 / 1900 - SIM 1 & SIM 2;N/A;N/A;No;Yes;No;2022, June;Available. Released 2022, August;115 x 46 x 13.5 mm (4.53 x 1.81 x 0.53 in);65 g (2.29 oz);Dual SIM (Mini-SIM, dual stand-by);TFT;1.77 inches, 9.9 cm(~18.6% screen-to-body ratio);128 x 160 pixels (~116 ppi density);Unisoc SC6531DA;312 MHz;microSDHC;4MB;QVGA;Yes;;No;2.0;No;No;FM radio;microUSB;No;SOS feature;Li-Ion 1000 mAh battery, removable;Black, Blue, Red, Gold, Silver;About 10 EUR;;;;;;;;;;;;;;
https://www.gsmarena.com/energizer_ultimate_u608s-11634.php;https://fdn2.gsmarena.com/vv/bigpic/energizer-u608s.jpg;Energizer Ultimate U608s;Released 2022, July;156.8g, 9.8mm thickness;Android 12;32GB storage, microSDXC;0;0.4%;41,909 hits;"6.08""";720x1520 pixels;2 GB RAM;Helio A22;3000 mAh Li-Ion;GSM 850 / 900 / 1800 / 1900 - SIM 1 & SIM 2;HSDPA 850 / 900 / 2100;LTE;HSPA, LTE;;;2022, June;Available. Released 2022, July;155.4 x 73.3 x 9.8 mm (6.12 x 2.89 x 0.39 in);156.8 g (5.54 oz);Dual SIM (Nano-SIM, dual stand-by);LCD;6.08 inches, 92.3 cm(~81.0% screen-to-body ratio);720 x 1520 pixels, 19:9 ratio (~277 ppi density);Mediatek MT6761 Helio A22 (12 nm);Quad-core 2.0 GHz Cortex-A53;microSDXC;32GB 2GB RAM;5 MP;1080p@30/60fps;5 MP;Wi-Fi 802.11 b/g/n;4.2, A2DP;GPS;No;FM radio;microUSB;;;Li-Ion 3000 mAh;Black;About 90 EUR;Android 12 (Go edition);PowerVR GE8320;eMMC 5.1;LED flash;720p;;;;;;;;;
https://www.gsmarena.com/energizer_e242s-11535.php;https://fdn2.gsmarena.com/vv/bigpic/energizer-e242s.jpg;Energizer E242s;Released 2022, April 10;116g, 13mm thickness;KaiOS 2.5.3;4GB 512MB RAM storage, microSDHC slot;2;0.2%;22,365 hits;"2.4""";240x320 pixels;512 MB RAM;MT6739;1700 mAh Li-Ion;GSM 850 / 900 / 1800 / 1900 - SIM 1 & SIM 2;HSDPA 850 / 900 / 2100;1, 3, 7, 8, 20, 28, 38, 40, 41;HSPA, LTE;;;2022, April 10;Available. Released 2022, April 10;130.8 x 53.6 x 13 mm (5.15 x 2.11 x 0.51 in);116 g (4.09 oz);Dual SIM (Micro-SIM, dual stand-by);TFT LCD, 256K colors;2.4 inches, 17.8 cm(~25.4% screen-to-body ratio);240 x 320 pixels, 4:3 ratio (~167 ppi density);Mediatek MT6739;Quad-core 1.5 GHz;microSDHC;4GB 512MB RAM;0.3 MP;Yes;0.3 MP;Yes;4.2, A2DP, LE;GPS;No;FM radio;microUSB;No;Downloadable applications Facebook, Gmail, Whatsapp, etc.;Li-Ion 1700 mAh battery, removable;Black, Blue, Pink, Gold, Silver;About 40 EUR;KaiOS 2.5.3;PowerVR GE8100;;LED flash;Yes;;;;;;;;;
https://www.gsmarena.com/energizer_e284s-10068.php;https://fdn2.gsmarena.com/vv/bigpic/energizer-e284s.jpg;Energizer E284S;Released 2022, Q2;131g, 15.6mm thickness;Feature phone;128MB storage, microSDHC slot;4;0.1%;27,661 hits;"2.8""";240x320 pixels;64 MB RAM;Unisoc T117;2000 mAh Li-Ion;GSM 850 / 900 / 1800 / 1900 - SIM 1 & SIM 2;HSDPA 850 / 900 / 2100;1, 3, 7, 8, 20, 28, 38, 40, 41;HSPA, LTE;;;2021, December;Available. Released 2022, Q2;137.6 x 62.5 x 15.6 mm (5.42 x 2.46 x 0.61 in);131 g (4.62 oz);Dual SIM (Nano-SIM, dual stand-by);TFT LCD;2.8 inches, 24.3 cm(~28.2% screen-to-body ratio);240 x 320 pixels, 4:3 ratio (~143 ppi density);Unisoc T117;1 GHz;microSDHC;128MB, 64MB RAM;2 MP;Yes;VGA;Yes;2.1;No;No;FM radio;microUSB;No;;Li-Ion 2000 mAh, removable;Black, Blue, Red, Green;About 50 EUR;;;eMMC;LED flash;Yes;;;;;;;;;
https://www.gsmarena.com/energizer_ultimate_u505s-10061.php;https://fdn2.gsmarena.com/vv/bigpic/energizer-u505s.jpg;Energizer Ultimate U505s;Released 2022, March;10.6mm thickness;Android 11;16GB storage, microSDHC;6;0.2%;39,736 hits;"5.0""";480x854 pixels;1 GB RAM;MT6739;3000 mAh Li-Po;GSM 850 / 900 / 1800 / 1900 - SIM 1 & SIM 2;HSDPA 850 / 900 / 2100;1, 3, 7, 8, 20, 28, 38, 40, 41;HSPA, LTE;;;2022, March;Available. Released 2022, March;138.5 x 73.5 x 10.6 mm (5.45 x 2.89 x 0.42 in);-;Dual SIM (Nano-SIM, dual stand-by);TFT LCD;5.0 inches, 68.9 cm(~67.7% screen-to-body ratio);480 x 854 pixels, 16:9 ratio (~196 ppi density);Mediatek MT6739;Quad-core 1.5 GHz;microSDHC;16GB 1GB RAM;5 MPVGA;1080p@30fps;2 MP;Yes;4.0, A2DP;GPS;No;FM radio;microUSB 2.0;Accelerometer, proximity;;Li-Po 3000 mAh, removable;Black;About 80 EUR;Android 11 (Go edition);;eMMC 5.1;LED flash;720p;;;;;;;;;
https://www.gsmarena.com/energizer_e282sc-11370.php;https://fdn2.gsmarena.com/vv/bigpic/energizer-e282sc.jpg;Energizer E282SC;Released 2021, December;101g, 18.5mm thickness;KaiOS 2.5.3;4GB 512MB RAM storage, microSDHC slot;5;0.1%;27,753 hits;"2.8""";240x320 pixels;512 MB RAM;MT6731;1400 mAh Li-Ion;GSM 850 / 900 / 1800 / 1900 - SIM 1 & SIM 2;HSDPA 850 / 900 / 2100;1, 3, 7, 8, 20, 28, 38, 40, 41;HSPA;;;2021, December;Available. Released 2021, December;108.5 x 58 x 18.5 mm (4.27 x 2.28 x 0.73 in);101 g (3.56 oz);Dual SIM (Micro-SIM, dual stand-by);TFT LCD;2.8 inches, 24.3 cm(~38.6% screen-to-body ratio);240 x 320 pixels, 4:3 ratio (~143 ppi density);Mediatek MT6731 (28 nm);Quad-core 1.1 GHz;microSDHC;4GB 512MB RAM;2 MP;No;No;Yes;4.2, A2DP;GPS;No;FM radio;microUSB 2.0;;;Li-Ion 1400 mAh, removable;Black, Silver/Diamond, Gold/Diamond, Pink/Diamond;About 60 EUR;KaiOS 2.5.3;PowerVR GE8100;;;;Flashlight;;;;;;;;
https://www.gsmarena.com/energizer_hard_case_g5-10998.php;https://fdn2.gsmarena.com/vv/bigpic/energizer-g5.jpg;Energizer Hard Case G5;Released 2021, Q4;13.7mm thickness;Android 11;128GB storage, microSDXC;15;0.1%;113,217 hits;"6.3""";1080x2340 pixels;6 GB RAM;Dimensity 800U;5000 mAh Li-Po;GSM 850 / 900 / 1800 / 1900 - SIM 1 & SIM 2;HSDPA 850 / 900 / 1900 / 2100;1, 2, 3, 5, 7, 8, 20, 28, 34, 38, 39, 40, 41;HSPA, LTE, 5G;;;2021, June 29;Available. Released 2021, Q4;167.7 x 78.2 x 13.7 mm (6.60 x 3.08 x 0.54 in);-;Dual SIM (Nano-SIM, dual stand-by);IPS LCD;6.3 inches, 97.4 cm(~74.3% screen-to-body ratio);1080 x 2340 pixels, 19.5:9 ratio (~409 ppi density);Mediatek MT6853 Dimensity 800U (7 nm);Octa-core (2x2.0 GHz Cortex-A76 & 6x2.0 GHz Cortex-A55);microSDXC;128GB 6GB RAM;48 MP, (wide), AF20 MP, f/1.813 MP, f/2.4, (ultrawide);1080p@30fps;8 MP;Wi-Fi 802.11 a/b/g/n/ac, dual-band;5.1, A2DP, LE;GPS;Yes;FM radio;USB Type-C 2.0, OTG;Fingerprint (rear-mounted), accelerometer, proximity, compass;;Li-Po 5000 mAh, non-removable;Black;About 500 EUR;Android 11;Mali-G57 MC3;eMMC 5.1;LED flash;1080p@30fps;IP69 dust/water resistant (up to 1.2m for 30 min)Drop-to-concrete resistance from up to 1.2m;1, 3, 8, 28, 38, 41, 77, 78, 79 SA/NSA;Corning Gorilla Glass 5;;;;;;
https://www.gsmarena.com/energizer_u680s-10060.php;https://fdn2.gsmarena.com/vv/bigpic/energizer-u680s.jpg;Energizer U680S;Released 2021, Q3;;Android 11;32GB storage, microSDHC;12;0.1%;80,642 hits;"6.8""";720x1640 pixels;2 GB RAM;Unisoc SC9863A;7000 mAh Li-Po;GSM 850 / 900 / 1800 / 1900 - SIM 1 & SIM 2;HSDPA 850 / 900 / 1900 / 2100;1, 2, 3, 5, 7, 8, 20, 28, 40, 41;HSPA, LTE;;;2021, June 29;Available. Released 2021, Q3;-;-;Dual SIM (Micro-SIM/Nano-SIM, dual stand-by);IPS LCD;6.8 inches, 109.8 cm;720 x 1640 pixels (~263 ppi density);Unisoc SC9863A (28nm);Octa-core (4x1.6 GHz Cortex-A55 & 4x1.2 GHz Cortex-A55);microSDHC;32GB 2GB RAM;13 MP, AF2 MPVGA;1080p@30fps;5 MP;Wi-Fi 802.11 b/g/n;4.0;GPS;No;FM radio;USB Type-C 2.0;Accelerometer, proximity;;Li-Po 7000 mAh, non-removable;Green, Black;About 120 EUR;Android 11;IMG8322;eMMC 5.1;LED flash;;;;;;;;;;
https://www.gsmarena.com/energizer_e28-10953.php;https://fdn2.gsmarena.com/vv/bigpic/energizer-e28.jpg;Energizer E28;Released 2021, April;113g, 16.9mm thickness;Feature phone;microSD slot;1;0.1%;37,626 hits;"2.8""";240x320 pixels; ;Spreadtrum SC6531E;3000 mAh Li-Ion;GSM 850 / 900 / 1800 / 1900 - SIM 1 & SIM 2;;;;Yes;No;2021, April;Available. Released 2021, April;134.5 x 56 x 16.9 mm (5.30 x 2.20 x 0.67 in);113 g (3.99 oz);Dual SIM (Mini-SIM, Micro-SIM);TFT LCD, 256K colors;2.8 inches, 24.3 cm(~32.2% screen-to-body ratio);240 x 320 pixels, 4:3 ratio (~143 ppi density);Spreadtrum SC6531E;;microSD;;QVGA;Yes;;No;2.1;No;No;FM radio;microUSB;;;Li-Ion 3000 mAh battery;Black, Gray, Blue, White, Green, Brown, Yellow;About 20 EUR;;;;LED flash;;Flashlight;;;;;;;;
https://www.gsmarena.com/energizer_e24-10952.php;https://fdn2.gsmarena.com/vv/bigpic/energizer-e24.jpg;Energizer E24;Released 2021, April;105g, 14.5mm thickness;Feature phone;microSD slot;1;N/A;26,505 hits;"2.4""";240x320 pixels; ;Spreadtrum SC6531E;1900 mAh Li-Ion;GSM 850 / 900 / 1800 / 1900 - SIM 1 & SIM 2;;;;Yes;No;2021, April;Available. Released 2021, April;125.3 x 54 x 14.5 mm (4.93 x 2.13 x 0.57 in);105 g (3.70 oz);Dual SIM (Mini-SIM, Micro-SIM);TFT LCD, 256K colors;2.4 inches, 17.8 cm(~26.4% screen-to-body ratio);240 x 320 pixels, 4:3 ratio (~167 ppi density);Spreadtrum SC6531E;;microSD;;QVGA;Yes;QVGA;No;2.1;No;No;FM radio;microUSB;;;Li-Ion 1900 mAh battery;Black, Gray, Blue, White, Green, Brown, Yellow;About 20 EUR;;;;LED flash;;Flashlight;;;;;;;;
https://www.gsmarena.com/energizer_e3-10951.php;https://fdn2.gsmarena.com/vv/bigpic/energizer-e3.jpg;Energizer E3;Released 2021, April;70g, 14mm thickness;Feature phone;microSD slot;0;N/A;21,910 hits;"1.77""";128x160 pixels; ;Spreadtrum SC6531E;1000 mAh Li-Ion;GSM 850 / 900 / 1800 / 1900 - SIM 1 & SIM 2;;;;Yes;No;2021, April;Available. Released 2021, April;113.9 x 48 x 14 mm (4.48 x 1.89 x 0.55 in);70 g (2.47 oz);Dual SIM (Mini-SIM);TFT LCD, 256K colors;1.77 inches, 9.9 cm(~18.0% screen-to-body ratio);128 x 160 pixels (~116 ppi density);Spreadtrum SC6531E;;microSD;;QVGA;Yes;QVGA;No;2.1;No;No;FM radio;microUSB;;;Li-Ion 1000 mAh battery;Black, Gray, Blue, White, Green, Brown, Yellow;About 10 EUR;;;;;;Flashlight;;;;;;;;
https://www.gsmarena.com/energizer_e2-10950.php;https://fdn2.gsmarena.com/vv/bigpic/energizer-e2.jpg;Energizer E2;Released 2021, April;74.3g, 13.9mm thickness;Feature phone;microSD slot;0;N/A;20,930 hits;"1.77""";128x160 pixels; ;Spreadtrum SC6531E;800 mAh Li-Ion;GSM 850 / 900 / 1800 / 1900 - SIM 1 & SIM 2;;;;Yes;No;2021, April;Available. Released 2021, April;116 x 50 x 13.9 mm (4.57 x 1.97 x 0.55 in);74.3 g (2.61 oz);Dual SIM (Mini-SIM);TFT LCD, 256K colors;1.77 inches, 9.9 cm(~17.0% screen-to-body ratio);128 x 160 pixels (~116 ppi density);Spreadtrum SC6531E;;microSD;;QVGA;Yes;;No;2.1;No;No;FM radio;microUSB;;;Li-Ion 800 mAh battery;Black, Gray, Blue, White, Green, Brown, Yellow;About 10 EUR;;;;;;Flashlight;;;;;;;;
https://www.gsmarena.com/energizer_e280s-10066.php;https://fdn2.gsmarena.com/vv/bigpic/energizer-282s.jpg;Energizer E280s;Released 2021, May 31;113g, 16.8mm thickness;KaiOS 2.5.3;4GB 512MB RAM storage, microSDHC slot;14;0.1%;59,768 hits;"2.8""";240x320 pixels;512 MB RAM;Spreadtrum SC9820E;3000 mAh Li-Ion;GSM 850 / 900 / 1800 / 1900 - SIM 1 & SIM 2;HSDPA 900 / 2100;1, 3, 7, 8, 20, 28, 40;HSPA, LTE;;;2021, April 07;Available. Released 2021, May 31;134.5 x 56 x 16.8 mm (5.30 x 2.20 x 0.66 in);113 g (3.99 oz);Dual SIM (Micro-SIM, dual stand-by);TFT LCD, 256K colors;2.8 inches, 24.3 cm(~32.2% screen-to-body ratio);240 x 320 pixels, 4:3 ratio (~143 ppi density);Spreadtrum SC9820E;Dual-core (2x1.2 GHz);microSDHC;4GB 512MB RAM;2 MP;Yes;VGA;Wi-Fi 802.11 b/g/n, hotspot;2.1, EDR;GPS;No;FM radio;microUSB;;Downloadable applications Facebook, Gmail, Whatsapp, etc.;Li-Ion 3000 mAh battery;Black, White, Gray, Blue, Green, Yellow, Brown;About 40 EUR;KaiOS 2.5.3;Mali-T820;eMMC;LED flash;;;;;;;;;;
https://www.gsmarena.com/energizer_hardcase_h620s-10726.php;https://fdn2.gsmarena.com/vv/bigpic/energizer-hardcase-h620s.jpg;Energizer Hardcase H620S;Released 2021, February 09;250g, 12mm thickness;Android 10;64GB storage, microSDHC;10;0.1%;64,545 hits;"6.2""";720x1440 pixels;4 GB RAM;Helio P22;5000 mAh Li-Ion;GSM 850 / 900 / 1800 / 1900 - SIM 1 & SIM 2;HSDPA 850 / 900 / 1900 / 2100;1, 3, 5, 7, 8, 20, 28, 34, 38, 39, 40, 41;HSPA, LTE;;;2020, December;Available. Released 2021, February 09;163 x 78.2 x 12 mm (6.42 x 3.08 x 0.47 in);250 g (8.82 oz);Hybrid Dual SIM (Nano-SIM, dual stand-by);IPS LCD;6.2 inches, 99.2 cm(~77.8% screen-to-body ratio);720 x 1440 pixels, 18:9 ratio (~260 ppi density);Mediatek MT6762 Helio P22 (12 nm);Octa-core 2.0 GHz Cortex-A53;microSDHC (uses shared SIM slot);64GB 4GB RAM;48 MP, PDAF;1080p@30fps;8 MP;Wi-Fi 802.11 b/g/n, Wi-Fi Direct;5.0, A2DP, LE;GPS;Yes;FM radio;USB Type-C 2.0;Fingerprint (rear-mounted), accelerometer, proximity;;Li-Ion 5000 mAh, non-removable;Black;About 300 EUR;Android 10;PowerVR GE8320;eMMC 5.1;Dual-LED flash;1080p@30fps;IP69 dust/water resistant (up to 1.2m for 30 min)Drop-to-concrete resistance from up to 1.2m;;;;;;;;
https://www.gsmarena.com/energizer_ultimate_u710s-10059.php;https://fdn2.gsmarena.com/vv/bigpic/energizer-u710s.jpg;Energizer Ultimate U710S;Cancelled;9.2mm thickness;Android 9.0;32GB storage, microSDXC;19;0.1%;186,641 hits;"7.12""";1080x2244 pixels;3 GB RAM;Helio P23;6000 mAh Li-Po;GSM 850 / 900 / 1800 / 1900 - SIM 1 & SIM 2;HSDPA 850 / 900 / 1900 / 2100;1, 3, 7, 8, 20, 28, 38, 40;HSPA, LTE-A;;;2020, February 17;Cancelled;180.3 x 86.8 x 9.2 mm (7.10 x 3.42 x 0.36 in);-;Dual SIM (Nano-SIM, dual stand-by);IPS LCD;7.12 inches, 127.8 cm(~81.7% screen-to-body ratio);1080 x 2244 pixels, 18.7:9 ratio (~350 ppi density);Mediatek MT6763 Helio P23 (16 nm);Octa-core (4x2.0 GHz Cortex-A53 & 4x1.5 GHz Cortex-A53);microSDXC;32GB 3GB RAM;13 MP, PDAFVGA;1080p@30fps;5 MP;Wi-Fi 802.11 b/g/n, Wi-Fi Direct;4.2, A2DP, LE;GPS, GLONASS;No;FM radio;USB Type-C 2.0;Fingerprint (rear-mounted), accelerometer, proximity;;Li-Po 6000 mAh, non-removable;Gray;;Android 9.0 (Pie);Mali-G71 MP2;eMMC 5.1;LED flash, HDR, panorama;;;;AGC glass;;;;;;
https://www.gsmarena.com/energizer_energy_e12-9684.php;https://fdn2.gsmarena.com/vv/bigpic/energizer-energy-e12.jpg;Energizer Energy E12;Released 2019, June;91g, 15mm thickness;Feature phone;4MB 4MB RAM storage, microSDHC slot;7;N/A;119,198 hits;"1.8""";128x160 pixels;4 MB RAM;Spreadtrum SC6531E;1000 mAh Li-Ion;GSM 850 / 900 / 1800 / 1900 - SIM 1 & SIM 2;;;;Yes;Yes;2019, April;Available. Released 2019, June;117 x 51 x 15 mm (4.61 x 2.01 x 0.59 in);91 g (3.21 oz);Dual SIM (Mini-SIM);TFT LCD, 256K colors;1.8 inches, 10.2 cm(~17.1% screen-to-body ratio);128 x 160 pixels (~114 ppi density);Spreadtrum SC6531E;;microSDHC;4MB 4MB RAM;VGA;Yes;VGA;No;2.1;No;No;FM radio;microUSB 2.0;;;Li-Ion 1000 mAh battery;Black;About 10 EUR;;;;;;- Flashlight;;;;;;;;
https://www.gsmarena.com/energizer_hardcase_h10-9683.php;https://fdn2.gsmarena.com/vv/bigpic/energizer-hardcase-h10.jpg;Energizer Hardcase H10;Released 2019, April;80g, 15mm thickness;Feature phone;64MB 32MB RAM storage, microSDHC slot;5;N/A;105,712 hits;"1.8""";128x160 pixels;32 MB RAM;MT6261A;1000 mAh Li-Ion;GSM 850 / 900 / 1800 / 1900 - SIM 1 & SIM 2;;;;Yes;Yes;2019, April;Available. Released 2019, April;109 x 49 x 15 mm (4.29 x 1.93 x 0.59 in);80 g (2.82 oz);Dual SIM (Mini-SIM);TFT LCD, 256K colors;1.8 inches, 10.2 cm(~19.1% screen-to-body ratio);128 x 160 pixels (~114 ppi density);Mediatek MT6261A;;microSDHC;64MB 32MB RAM;VGA;Yes;VGA;No;3.0;No;No;FM radio;microUSB;;;Li-Ion 1000 mAh battery;Black;About 30 EUR;;;;;;IP54, dust and water resistantFlashlight;;;;;;;;
https://www.gsmarena.com/energizer_power_max_p8100s-9590.php;https://fdn2.gsmarena.com/vv/bigpic/energizer-power-max-p8100s-.jpg;Energizer Power Max P8100S;Cancelled;;Android 9.0;256GB storage, microSDXC;99;0.2%;512,793 hits;"8.1""";1536x2048 pixels;8 GB RAM;Snapdragon 855;10000 mAh Li-Po;GSM 850 / 900 / 1800 / 1900 - SIM 1 & SIM 2;HSDPA 850 / 900 / 2100;LTE (unspecified);HSPA 42.2/5.76 Mbps, LTE-A (2CA) Cat13 600/50 Mbps, 5G (2+ Gbps DL);;;2019, February;Cancelled;-;-;Dual SIM (Nano-SIM, dual stand-by);Foldable IPS LCD;8.1 inches, 203.2 cm;1536 x 2048 pixels, 4:3 ratio (~316 ppi density);Qualcomm SM8150 Snapdragon 855 (7 nm);Octa-core (1x2.84 GHz Kryo 485 & 3x2.42 GHz Kryo 485 & 4x1.78 GHz Kryo 485);microSDXC;256GB 8GB RAM;"48 MP, f/1.8, (wide), 1/2.0"", 0.8µm, PDAF12 MP";4K@30fps;"24 MP, f/2.0, 26mm (wide), 1/2.8"", 0.9µm";Wi-Fi 802.11 a/b/g/n, Wi-Fi Direct;5.0, A2DP, LE;GPS;No;FM radio;USB Type-C;Accelerometer, gyro, proximity, compass;;Li-Po 10000 mAh, non-removable;Dark red;About 900 EUR;Android 9.0 (Pie);Adreno 640;;Dual-LED flash, HDR, panorama;1080p@30fps;;NSA;;Cover display:6 inches, 1080 x 2160 pixels;;;;;
https://www.gsmarena.com/energizer_power_max_p18k_pop-9573.php;https://fdn2.gsmarena.com/vv/bigpic/energizer-power-max-p18k-pop-100.jpg;Energizer Power Max P18K Pop;Cancelled;30mm thickness;Android 9.0;128GB storage, microSDXC;97;0.4%;839,519 hits;"6.2""";1080x2280 pixels;6 GB RAM;Helio P70;;GSM 850 / 900 / 1800 / 1900 - SIM 1 & SIM 2;HSDPA 850 / 900 / 1900 / 2100;1, 3, 5, 7, 8, 20;HSPA, LTE-A;;;2019, February;Cancelled;⁓ 30-40 mm thickness;-;Hybrid Dual SIM (Nano-SIM, dual stand-by);IPS LCD;6.2 inches, 95.9 cm(~83.8% screen-to-body ratio);1080 x 2280 pixels, 19:9 ratio (~407 ppi density);Mediatek MT6771 Helio P70 (12nm);Octa-core (4x2.0 GHz Cortex-A73 & 4x2.0 GHz Cortex-A53);microSDXC (uses shared SIM slot);128GB 6GB RAM;12 MP, PDAF5 MP2 MP, (depth);1080p@30fps;"16 MP, f/2.2, 26mm (wide), 1/3.06"", 1.0µm2 MP, depth sensor";Wi-Fi 802.11 a/b/g/n/ac, dual-band;5.0, A2DP, LE;GPS, GLONASS;No;FM radio;USB Type-C 2.0, OTG;Fingerprint (side-mounted), accelerometer, gyro, proximity, compass;;Li-Po 18000 mAh, non-removable;Black, Blue;;Android 9.0 (Pie);Mali-G72 MP3;eMMC 5.1;Dual-LED dual-tone flash, panorama, HDR;1080p@30fps;;;;;;;;;
https://www.gsmarena.com/energizer_ultimate_u620s_pop-9548.php;https://fdn2.gsmarena.com/vv/bigpic/energizer-ultimate-u620s-pop.jpg;Energizer Ultimate U620S Pop;Cancelled;10.3mm thickness;Android 9.0;128GB storage, microSDXC;22;0.1%;319,681 hits;"6.2""";1080x2280 pixels;6 GB RAM;Helio P70;3200 mAh Li-Ion;GSM 850 / 900 / 1800 / 1900 - SIM 1 & SIM 2;HSDPA 850 / 900 / 2100;1, 3, 5, 7, 8, 20, 28, 38, 39, 40, 41;HSPA, LTE-A;;;2019, January;Cancelled;153.2 x 74.9 x 10.3 mm (6.03 x 2.95 x 0.41 in);-;Hybrid Dual SIM (Nano-SIM, dual stand-by);IPS LCD;6.2 inches, 95.9 cm(~83.6% screen-to-body ratio);1080 x 2280 pixels, 19:9 ratio (~407 ppi density);Mediatek MT6771 Helio P70 (12nm);Octa-core (4x2.1 GHz Cortex-A73 & 4x2.0 GHz Cortex-A53);microSDXC (uses shared SIM slot);128GB 6GB RAM;12 MP, PDAF5 MP2 MP, (depth);1080p@30fps;"Motorized pop-up 16 MP, f/2.2, 26mm (wide), 1/3.06"", 1.0µmMotorized pop-up 2 MP, depth sensor";Wi-Fi 802.11 a/b/g/n/ac, dual-band, Wi-Fi Direct;5.0, A2DP, LE;GPS, GLONASS;No;FM radio;USB Type-C 2.0, OTG;Fingerprint (side-mounted), accelerometer, gyro, proximity, compass;;Li-Ion 3200 mAh, non-removable;Black, Red, Green;;Android 9.0 (Pie);Mali-G72 MP3;eMMC 5.1;Dual-LED dual-tone flash, panorama, HDR;1080p;;;;;;;;;
https://www.gsmarena.com/energizer_hardcase_h570s-9557.php;https://fdn2.gsmarena.com/vv/bigpic/energizer-hardcase-h570s-not-scan.jpg;Energizer Hardcase H570S;Released 2019, Q3;;Android 9.0;16GB storage, microSDHC;3;N/A;95,349 hits;"5.7""";720x1440 pixels;2 GB RAM;MT6739;6500 mAh Li-Ion;GSM 850 / 900 / 1800 / 1900 - SIM 1 & SIM 2;HSDPA 850 / 900 / 1700(AWS) / 1900 / 2100;1, 2, 3, 4, 5, 7, 8, 12, 17, 20, 28, 38, 40, 41;HSPA 42.2/11.5 Mbps, LTE Cat4 150/50 Mbps;;;2019, February;Available. Released 2019, Q3;;-;Hybrid Dual SIM (Nano-SIM, dual stand-by);IPS LCD;5.7 inches, 83.8 cm;720 x 1440 pixels, 18:9 ratio (~282 ppi density);Mediatek MT6739 (28 nm);Quad-core 1.5 GHz Cortex-A53;microSDHC (uses shared SIM slot);16GB 2GB RAM;13 MP, AF0.3 MP, (depth);1080p@30fps;8 MP;Wi-Fi 802.11 b/g/n, Wi-Fi Direct;4.2, A2DP, LE;GPS, GLONASS;No;No;USB Type-C 2.0;Fingerprint (rear-mounted), accelerometer, proximity;;Li-Ion 6500 mAh, non-removable;Black;;Android 9.0 (Pie);PowerVR GE8100;eMMC 5.1;LED flash;;IP68 dust/water resistant (up to 1.5m for 30 min);;Corning Gorilla Glass 3;;;;;;
https://www.gsmarena.com/energizer_hardcase_h501s-9559.php;https://fdn2.gsmarena.com/vv/bigpic/energizer-hardcase-h501s.jpg;Energizer Hardcase H501S;Released 2019, Q3;12mm thickness;Android 9.0;16GB storage, microSDXC;3;N/A;84,922 hits;"5.0""";480x960 pixels;2 GB RAM;MT6739;2500 mAh Li-Ion;GSM 850 / 900 / 1800 / 1900 - SIM 1 & SIM 2;HSDPA 900 / 2100;1, 3, 7, 20;HSPA 7.2/5.76 Mbps, LTE Cat4 150/50 Mbps;;;2019, February;Available. Released 2019, Q3;149.4 x 69.9 x 12 mm (5.88 x 2.75 x 0.47 in);-;Hybrid Dual SIM (Nano-SIM, dual stand-by);IPS LCD;5.0 inches, 64.5 cm(~61.8% screen-to-body ratio);480 x 960 pixels, 18:9 ratio (~215 ppi density);Mediatek MT6739 (28 nm);Quad-core 1.5 GHz Cortex-A53;microSDXC (uses shared SIM slot);16GB 2GB RAM;16 MP, AF2 MP, (depth);480p@30fps;5 MP;Wi-Fi 802.11 a/b/g/n;4.0, A2DP, LE;GPS, GLONASS;No;No;microUSB 2.0;Fingerprint (rear-mounted), accelerometer, gyro, proximity;;Li-Ion 2500 mAh, non-removable;Black;;Android 9.0 (Pie);PowerVR GE8100;eMMC 5.1;LED flash;;IP68 dust/water resistant (up to 1.5m for 30 min);;Panda Glass;;;;;;
https://www.gsmarena.com/energizer_hardcase_h280s-9560.php;https://fdn2.gsmarena.com/vv/bigpic/energizer-hardcase-h280s1.jpg;Energizer Hardcase H280S;Released 2020, January;256g, 16.5mm thickness;KaiOS 2.5.3;4GB 512MB RAM storage, microSDXC slot;10;0.1%;114,077 hits;"2.8""";240x320 pixels;512 MB RAM;Spreadtrum SC9820E;2000 mAh Li-Ion;GSM 850 / 900 / 1800 / 1900 - SIM 1 & SIM 2;HSDPA 900 / 2100;1, 3, 7, 8, 20, 28, 40;HSPA, LTE;;;2019, February;Available. Released 2020, January;142 x 64 x 16.5 mm (5.59 x 2.52 x 0.65 in);256 g (9.03 oz);Dual SIM (Micro-SIM, dual stand-by);TFT LCD, 256K colors;2.8 inches, 24.3 cm(~26.7% screen-to-body ratio);240 x 320 pixels, 4:3 ratio (~143 ppi density);Spreadtrum SC9820E;Dual-core (2x1.2 GHz);microSDXC;4GB 512MB RAM;2 MP;Yes;0.3 MP;Wi-Fi 802.11 b/g/n, hotspot;3.0;GPS;No;FM radio;microUSB 2.0;;Downloadable applications Facebook, Gmail, Whatsapp, etc.;Li-Ion 2000 mAh battery;Black;About 80 EUR;KaiOS 2.5.3;;;LED flash;;IP68 dust/water resistant (up to 1.2m for 30 min)Drop-to-concrete resistance from up to 1.2m;;;;;;;;
https://www.gsmarena.com/energizer_hardcase_h241-9561.php;https://fdn2.gsmarena.com/vv/bigpic/energizer-hardcase-h241s.jpg;Energizer Hardcase H241;Cancelled;16.5mm thickness;KaiOS 2.5.1;128MB 64MB RAM storage, microSDXC slot;2;N/A;61,271 hits;"2.4""";240x320 pixels;64 MB RAM;MT6276А;2500 mAh Li-Ion;GSM 850 / 900 / 1800 / 1900 - SIM 1 & SIM 2;HSDPA 900 / 2100;;HSPA;;;2019, February;Cancelled;128.5 x 56.5 x 16.5 mm (5.06 x 2.22 x 0.65 in);-;Dual SIM (Mini-SIM);TFT LCD, 256K colors;2.4 inches, 17.8 cm(~24.6% screen-to-body ratio);240 x 320 pixels, 4:3 ratio (~167 ppi density);Mediatek MT6276А;;microSDXC;128MB 64MB RAM;2 MP;Yes;0.3 MP;Wi-Fi 802.11 b/g/n, hotspot;Yes;No;No;FM radio;microUSB 2.0;;Downloadable applications Facebook, Gmail, Whatsapp, etc.;Li-Ion 2500 mAh battery;Black;;KaiOS 2.5.1;;;LED flash;;IP68 dust/water resistant (up to 1.2m for 30 min);;;;;;;;
https://www.gsmarena.com/energizer_hardcase_h242-9562.php;https://fdn2.gsmarena.com/vv/bigpic/energizer-hardcase-h242.jpg;Energizer Hardcase H242;Released 2019, Q3;14.5mm thickness;KaiOS 2.5.1;512MB 256MB RAM storage, microSDHC slot;4;N/A;71,065 hits;"2.4""";240x320 pixels;256 MB RAM;Spreadtrum SC7731E;1500 mAh Li-Ion;GSM 850 / 900 / 1800 / 1900 - SIM 1 & SIM 2;HSDPA 850 / 900 / 1900 / 2100;;HSPA;;;2019, February;Available. Released 2019, Q3;125.3 x 54 x 14.5 mm (4.93 x 2.13 x 0.57 in);-;Dual SIM (Mini-SIM);TFT LCD, 16M colors;2.4 inches, 17.8 cm(~26.4% screen-to-body ratio);240 x 320 pixels, 4:3 ratio (~167 ppi density);Spreadtrum SC7731E;Quad-core 1.3 GHz Cortex-A53;microSDHC;512MB 256MB RAM;0.3 MP;Yes;0.3 MP;Wi-Fi 802.11 b/g/n, hotspot;2.1;GPS;No;FM radio;microUSB 2.0;;Downloadable applications Facebook, Gmail, Whatsapp, etc.;Li-Ion 1500 mAh battery;Black;;KaiOS 2.5.1;Mali-820;;LED flash;;IP68 dust/water resistant (up to 1.2m for 30 min);;;Secondary external display;;;;;
https://www.gsmarena.com/energizer_energy_e241s-9569.php;https://fdn2.gsmarena.com/vv/bigpic/energizer-energy-e241-1.jpg;Energizer Energy E241s;Released 2019, September;95g, 14.5mm thickness;KaiOS 2.5.1, up to 2.5.3;512MB 512MB RAM storage, microSDHC slot;10;0.3%;168,046 hits;"2.4""";240x320 pixels;512 MB RAM;Spreadtrum SC9820E;1900 mAh Li-Ion;GSM 850 / 900 / 1800 / 1900 - SIM 1 & SIM 2;HSDPA 900 / 2100;3, 7, 20;HSPA 42.2/5.76 Mbps, LTE Cat4 150/50 Mbps;;;2019, February;Available. Released 2019, September;125.3 x 54 x 14.5 mm (4.93 x 2.13 x 0.57 in);95 g (3.35 oz);Dual SIM (Mini-SIM);TFT LCD, 256K colors;2.4 inches, 17.8 cm(~26.4% screen-to-body ratio);240 x 320 pixels, 4:3 ratio (~167 ppi density);Spreadtrum SC9820E;Dual-core (2x1.3 GHz Cortex-A7);microSDHC;512MB 512MB RAM;0.3 MP;Yes;0.3 MP;Wi-Fi 802.11 b/g/n, hotspot;2.1, EDR;GPS;No;FM radio;microUSB 2.0;;Downloadable applications Facebook, Gmail, Whatsapp, etc.;Li-Ion 1900 mAh battery;Black, Carbon black, Gray, White, Orange, Bordo Red;;KaiOS 2.5.1, up to 2.5.3;;;LED flash;;;;;;;;;;
https://www.gsmarena.com/energizer_energy_e241-9570.php;https://fdn2.gsmarena.com/vv/bigpic/energizer-energy-e241s-1.jpg;Energizer Energy E241;Released 2019, September;72g, 14.5mm thickness;KaiOS 2.5.1;512MB 512MB RAM storage, microSDHC slot;1;N/A;82,769 hits;"2.4""";240x320 pixels;512 MB RAM;Spreadtrum SC7731E;1900 mAh Li-Ion;GSM 850 / 900 / 1800 / 1900 - SIM 1 & SIM 2;HSDPA 900 / 2100;;HSPA;;;2019, February;Available. Released 2019, September;125.3 x 54 x 14.5 mm (4.93 x 2.13 x 0.57 in);72 g (2.54 oz);Dual SIM (Mini-SIM);TFT LCD, 256K colors;2.4 inches, 17.8 cm(~26.4% screen-to-body ratio);240 x 320 pixels, 4:3 ratio (~167 ppi density);Spreadtrum SC7731E;Quad-core 1.3 GHz Cortex-A53;microSDHC;512MB 512MB RAM;0.3 MP;Yes;0.3 MP;Wi-Fi 802.11 b/g/n, hotspot;2.1, EDR;GPS;No;FM radio;microUSB 2.0;;Downloadable applications Facebook, Gmail, Whatsapp, etc.;Li-Ion 1900 mAh battery;Black, Carbon black, Gray, White, Orange, Carbon Red;;KaiOS 2.5.1;Mali-820;;LED flash;;;;;;;;;;
https://www.gsmarena.com/energizer_energy_e220s-9571.php;https://fdn2.gsmarena.com/vv/bigpic/energizer-energy-e220s.jpg;Energizer Energy E220s;Released 2019, July;112g, 16.5mm thickness;KaiOS 2.5.1;512MB 256MB RAM storage, microSDHC slot;4;N/A;70,528 hits;"2.2""";240x320 pixels;256 MB RAM;Spreadtrum SC9820E;1000 mAh Li-Ion;GSM 850 / 900 / 1800 / 1900 - SIM 1 & SIM 2;HSDPA 900 / 2100;1, 3, 7, 8, 20;HSPA;;;2019, February;Available. Released 2019, July;119 x 59 x 16.5 mm (4.69 x 2.32 x 0.65 in);112 g (3.95 oz);Dual SIM (Micro-SIM, dual stand-by);TFT LCD, 16M colors;2.2 inches, 15.0 cm(~21.3% screen-to-body ratio);240 x 320 pixels, 4:3 ratio (~182 ppi density);Spreadtrum SC9820E;Dual-core (2x1.3 GHz Cortex-A7);microSDHC;512MB 256MB RAM;0.3 MP;Yes;No;Wi-Fi 802.11 b/g/n, hotspot;2.1;No;No;FM radio;microUSB 2.0;;;Li-Ion 1000 mAh battery;Black, Dark blue;;KaiOS 2.5.1;;;;;;;;;;;;;
https://www.gsmarena.com/energizer_energy_e220-9572.php;https://fdn2.gsmarena.com/vv/bigpic/energizer-energy-e220.jpg;Energizer Energy E220;Released 2019, July;112g, 16.5mm thickness;KaiOS 2.5.1;512MB 256MB RAM storage, microSDHC slot;3;N/A;57,248 hits;"2.2""";240x320 pixels;256 MB RAM;MT6572;1000 mAh Li-Ion;GSM 850 / 900 / 1800 / 1900 - SIM 1 & SIM 2;HSDPA 900 / 2100;;HSPA;;;2019, February;Available. Released 2019, July;119 x 59 x 16.5 mm (4.69 x 2.32 x 0.65 in);112 g (3.95 oz);Dual SIM (Micro-SIM, dual stand-by);TFT LCD, 16M colors;2.2 inches, 15.0 cm(~21.3% screen-to-body ratio);240 x 320 pixels, 4:3 ratio (~182 ppi density);Mediatek MT6572 (28 nm);Dual-core 1.3 GHz Cortex-A7;microSDHC;512MB 256MB RAM;0.3 MP;Yes;No;Wi-Fi 802.11 b/g/n, hotspot;2.1;No;No;FM radio;microUSB 2.0;;;Li-Ion 1000 mAh battery;Black, Dark blue;;KaiOS 2.5.1;Mali-400;;;;;;;;;;;;
https://www.gsmarena.com/energizer_power_max_p490s-9244.php;https://fdn2.gsmarena.com/vv/bigpic/energizer-power-max-p490s.jpg;Energizer Power Max P490S;Released 2018, August;139g, 12mm thickness;Android 8.1;16GB storage, microSDHC;6;N/A;206,595 hits;"4.95""";480x960 pixels;2 GB RAM;MT6739WA;4000 mAh Li-Ion;GSM 850 / 900 / 1800 / 1900 - SIM 1 & SIM 2;HSDPA 900 / 2100;1, 3, 7, 8, 20, 28, 38, 40;HSPA 42.2/5.76 Mbps, LTE Cat4 150/50 Mbps;;;2018, June;Available. Released 2018, August;139 x 65.8 x 12 mm (5.47 x 2.59 x 0.47 in);139 g (4.90 oz);Dual SIM (Nano-SIM, dual stand-by);TFT;4.95 inches, 63.2 cm(~69.1% screen-to-body ratio);480 x 960 pixels, 18:9 ratio (~217 ppi density);Mediatek MT6739WA (28 nm);Quad-core 1.3 GHz Cortex-A53;microSDHC (dedicated slot);16GB 2GB RAM;8 MP, AF0.3 MP, (depth);1080p@30fps;5 MPVGA, depth sensor;Wi-Fi 802.11 b/g/n;4.0, A2DP, LE;GPS;No;FM radio;microUSB 2.0;Fingerprint (rear-mounted), accelerometer, proximity;;Li-Ion 4000 mAh, non-removable;Black;About 130 EUR;Android 8.1 (Oreo);Mali-T720MP2;eMMC 5.1;Dual-LED dual-tone flash, panorama;;;;;;LED flash;Up to 400 h (3G);Up to 16 h (3G);;
https://www.gsmarena.com/energizer_power_max_p490-9243.php;https://fdn2.gsmarena.com/vv/bigpic/energizer-power-max-p490.jpg;Energizer Power Max P490;Released 2018, August;139g, 12mm thickness;Android 8.0;8GB storage, microSDHC;2;N/A;107,357 hits;"4.95""";480x960 pixels;1 GB RAM;MT6580M;4000 mAh Li-Ion;GSM 850 / 900 / 1800 / 1900 - SIM 1 & SIM 2;HSDPA 850 / 900 / 1900 / 2100;;HSPA 42.2/5.76 Mbps;;;2018, June;Available. Released 2018, August;139 x 65.8 x 12 mm (5.47 x 2.59 x 0.47 in);139 g (4.90 oz);Dual SIM (Nano-SIM, dual stand-by);TFT;4.95 inches, 63.2 cm(~69.1% screen-to-body ratio);480 x 960 pixels, 18:9 ratio (~217 ppi density);Mediatek MT6580M (28 nm);Quad-core 1.3 GHz Cortex-A7;microSDHC (dedicated slot);8GB 1GB RAM;8 MP, AF0.3 MP, (depth);720p@30fps;5 MPVGA, depth sensor;Wi-Fi 802.11 b/g/n;4.0, A2DP, LE;GPS;No;FM radio;microUSB 2.0;Fingerprint (rear-mounted), accelerometer, proximity;;Li-Ion 4000 mAh, non-removable;Black;About 90 EUR;Android 8.0 (Oreo Go);Mali-400 MP2;;Dual-LED dual-tone flash;;;;;;LED flash;Up to 400 h (3G);Up to 10 h (3G);;
https://www.gsmarena.com/energizer_hardcase_h500s-9242.php;https://fdn2.gsmarena.com/vv/bigpic/energizer-hardcase-h500s.jpg;Energizer Hardcase H500S;Released 2018, February;142.5g, 10.3mm thickness;Android 7.0;16GB storage, microSDXC;0;N/A;78,160 hits;"5.0""";720x1280 pixels;2 GB RAM;MT6737;3000 mAh Li-Ion;GSM 850 / 900 / 1800 / 1900 - SIM 1 & SIM 2;HSDPA 900 / 2100;1, 3, 7, 8, 20, 40;HSPA 42.2/11.5 Mbps, LTE Cat4 150/50 Mbps;;;2018, February;Available. Released 2018, February;145.4 x 75 x 10.3 mm (5.72 x 2.95 x 0.41 in);142.5 g (5.04 oz);Hybrid Dual SIM (Nano-SIM, dual stand-by);TFT;5.0 inches, 68.9 cm(~63.2% screen-to-body ratio);720 x 1280 pixels, 16:9 ratio (~294 ppi density);Mediatek MT6737 (28 nm);Quad-core 1.3 GHz Cortex-A53;microSDXC (uses shared SIM slot);16GB 2GB RAM;13 MP, AF;720p@30fps;5 MP;Wi-Fi 802.11 b/g/n;4.0, A2DP, LE;GPS;No;FM radio;microUSB 2.0;Accelerometer, proximity;;Li-Ion 3000 mAh, non-removable;Black;About 230 EUR;Android 7.0 (Nougat);Mali-T720;eMMC 5.0;LED flash;;IP68 dust/water resistant (up to 1.5m for 30 min);;Corning Gorilla Glass 3;;;Up to 300 h (3G);Up to 13 h (3G);0.44 W/kg (head)     1.65 W/kg (body);
https://www.gsmarena.com/energizer_energy_e500s-9241.php;https://fdn2.gsmarena.com/vv/bigpic/energizer-energy-e500s.jpg;Energizer Energy E500S;Released 2018, August;127g, 8.6mm thickness;Android 8.0;8GB storage, microSDXC;1;N/A;89,153 hits;"5.0""";480x854 pixels;1 GB RAM;MT6737M;2000 mAh Li-Ion;GSM 850 / 900 / 1800 / 1900 - SIM 1 & SIM 2;HSDPA 850 / 900 / 1900 / 2100;1, 3, 7, 8, 20, 28;HSPA 42.2/11.5 Mbps, LTE Cat4 150/50 Mbps;;;2018, August;Available. Released 2018, August;139.8 x 71.5 x 8.6 mm (5.50 x 2.81 x 0.34 in);127 g (4.48 oz);Hybrid Dual SIM (Micro-SIM/Nano-SIM, dual stand-by);TFT;5.0 inches, 68.9 cm(~68.9% screen-to-body ratio);480 x 854 pixels, 16:9 ratio (~196 ppi density);Mediatek MT6737M (28 nm);Quad-core 1.1 GHz Cortex-A53;microSDXC (uses shared SIM slot);8GB 1GB RAM;8 MP;720p@30fps;5 MP;Wi-Fi 802.11 b/g/n;4.0, A2DP, LE;GPS;No;FM radio;microUSB 2.0;Accelerometer;;Li-Ion 2000 mAh, removable;Black;About 100 EUR;Android 8.0 (Oreo);Mali-T720MP2;eMMC 5.0;LED flash;;;;;;;Up to 200 h (3G);Up to 12 h (3G);;
https://www.gsmarena.com/energizer_energy_e500-9240.php;https://fdn2.gsmarena.com/vv/bigpic/energizer-energy-e500.jpg;Energizer Energy E500;Released 2018, August;127g, 8.6mm thickness;Android Go;8GB storage, microSDHC;0;N/A;76,029 hits;"5.0""";480x854 pixels;1 GB RAM;MT6580M;2000 mAh Li-Ion;GSM 850 / 900 / 1800 / 1900 - SIM 1 & SIM 2;HSDPA 850 / 900 / 1900 / 2100;;HSPA 42.2/11.5 Mbps;;;2018, August;Available. Released 2018, August;139.8 x 71.5 x 8.6 mm (5.50 x 2.81 x 0.34 in);127 g (4.48 oz);Hybrid Dual SIM (Micro-SIM/Nano-SIM, dual stand-by);TFT;5.0 inches, 68.9 cm(~68.9% screen-to-body ratio);480 x 854 pixels, 16:9 ratio (~196 ppi density);Mediatek MT6580M (28 nm);Quad-core 1.3 GHz Cortex-A7;microSDHC (uses shared SIM slot);8GB 1GB RAM;5 MP;480p@30fps;2 MP;Wi-Fi 802.11 b/g/n, hotspot;4.0, A2DP, LE;GPS;No;FM radio;microUSB 2.0;Accelerometer;;Li-Ion 2000 mAh, removable;Black;About 70 EUR;Android Go;Mali-400MP2;;LED flash;;;;;;;Up to 200 h (3G);Up to 12 h (3G);;
https://www.gsmarena.com/energizer_energy_e11-9239.php;https://fdn2.gsmarena.com/vv/bigpic/energizer-energy-e10-.jpg;Energizer Energy E11;Released 2018, July;90g, 25.9mm thickness;Feature phone;4MB 4MB RAM storage, microSDHC slot;3;N/A;77,382 hits;"1.8""";128x160 pixels;4 MB RAM;MT6261D;1800 mAh Li-Ion;GSM 850 / 900 / 1800 / 1900 - SIM 1 & SIM 2;;;;Class 12;No;2018, July;Available. Released 2018, July;114 x 48 x 25.9 mm (4.49 x 1.89 x 1.02 in);90 g (3.17 oz);Hybrid Dual SIM (Mini-SIM, dual stand-by);TFT, 256K colors;1.8 inches, 10.2 cm(~18.6% screen-to-body ratio);128 x 160 pixels (~114 ppi density);Mediatek MT6261D;;microSDHC;4MB 4MB RAM;VGA;No;VGA;No;2.0;No;No;FM radio;microUSB 2.0;;;Li-Ion 1800 mAh, removable;Black;About 20 EUR;;;;;;Flashlight;;;;;Up to 216 h (3G);Up to 12.5 h (3G);1.03 W/kg (head)     1.26 W/kg (body);
https://www.gsmarena.com/energizer_energy_e10+-9238.php;https://fdn2.gsmarena.com/vv/bigpic/energizer-energy-e10-.jpg;Energizer Energy E10+;Released 2018, July;69g, 14.3mm thickness;Feature phone;4MB 4MB RAM storage, microSDHC slot;1;N/A;67,148 hits;"1.8""";128x160 pixels;4 MB RAM;MT6261D;1000 mAh Li-Ion;GSM 850 / 900 / 1800 / 1900 - SIM 1 & SIM 2;;;;Class 12;No;2018, July;Available. Released 2018, July;110 x 47 x 14.3 mm (4.33 x 1.85 x 0.56 in);69 g (2.43 oz);Dual SIM (Mini-SIM, dual stand-by);TFT, 256K colors;1.8 inches, 10.2 cm(~19.7% screen-to-body ratio);128 x 160 pixels (~114 ppi density);Mediatek MT6261D;;microSDHC;4MB 4MB RAM;VGA;No;VGA;No;3.0;No;No;FM radio;microUSB 2.0;;;Li-Ion 1000 mAh, removable;Black;About 10 EUR;;;;;;Flashlight;;;;;Up to 125 h (3G);Up to 7 h (3G);0.60 W/kg (head)     0.95 W/kg (body);
https://www.gsmarena.com/energizer_power_max_p20-9195.php;https://fdn2.gsmarena.com/vv/bigpic/energizer-power-max-p20.jpg;Energizer Power Max P20;Released 2018, August;130g, 17.5mm thickness;Feature phone;32MB 32MB RAM storage, microSDHC slot;13;N/A;129,881 hits;"2.8""";240x320 pixels;32 MB RAM;Spreadtrum SC6531E;4000 mAh Li-Ion;GSM 850 / 900 / 1800 / 1900 - SIM 1 & SIM 2;;;;Yes;No;2018, May;Available. Released 2018, August;136.5 x 55 x 17.5 mm (5.37 x 2.17 x 0.69 in);130 g (4.59 oz);Hybrid Dual SIM (Nano-SIM, dual stand-by);TFT, 256K colors;2.8 inches, 24.3 cm(~32.3% screen-to-body ratio);240 x 320 pixels, 4:3 ratio (~143 ppi density);Spreadtrum SC6531E;;microSDHC (uses shared SIM slot);32MB 32MB RAM;VGA;480p;No;No;4.0, A2DP, LE;No;No;FM radio;microUSB 2.0, USB (Reverse charging out);;;Li-Ion 4000 mAh battery;Black;About 40 EUR;;;;;;Flashlight;;;;;Up to 750 h (3G);Up to 40 h (3G);0.61 W/kg (head)     0.89 W/kg (body);
https://www.gsmarena.com/energizer_power_max_p16k_pro-9079.php;https://fdn2.gsmarena.com/vv/bigpic/energizer-p600s.jpg;Energizer Power Max P16K Pro;Cancelled;350 g;Android 8.0;128GB storage, no card slot;113;0.1%;510,821 hits;"5.99""";1080x2160 pixels;6 GB RAM;Helio P23;;GSM 850 / 900 / 1800 / 1900 - SIM 1 & SIM 2;HSDPA 850 / 900 / 1900 / 2100;LTE (unspecified);HSPA 42.2/5.76 Mbps, LTE-A (2CA) Cat6 300/50 Mbps;;;2018, February;Cancelled;-;350 g (12.35 oz);Nano-SIM;IPS LCD;5.99 inches, 92.6 cm;1080 x 2160 pixels, 18:9 ratio (~403 ppi density);Mediatek MT6763T Helio P23 (16 nm);Octa-core 2.5 GHz Cortex-A53;No;128GB 6GB RAM;16 MP, PDAF13 MP;4K@30fps;13 MP5 MP, depth sensor;Wi-Fi 802.11 a/b/g/n, Wi-Fi Direct;4.2, A2DP, LE;GPS;No;FM radio;USB Type-C 2.0;Fingerprint (rear-mounted), accelerometer, gyro, proximity, compass;;Li-Ion 16,000 mAh, non-removable;Black;;Android 8.0 (Oreo);Mali-G71 MP2;eMMC 5.1;Dual-LED dual-tone flash, panorama, HDR;1080p@30fps;;;;;;;;;
https://www.gsmarena.com/energizer_hardcase_h240s-8981.php;https://fdn2.gsmarena.com/vv/bigpic/energizer-h240s.jpg;Energizer Hardcase H240S;Released 2018, January;256g, 18.5mm thickness;Android 6.0;8GB storage, microSDHC;11;N/A;136,063 hits;"2.4""";240x320 pixels;1 GB RAM;MT6737M;2000 mAh Li-Ion;GSM 850 / 900 / 1800 / 1900 - SIM 1 & SIM 2;HSDPA 850 / 900 / 1900 / 2100;1, 3, 7, 20, 28;HSPA 42.2/11.5 Mbps, LTE Cat4 150/50 Mbps;;;2018, January;Available. Released 2018, January;132 x 56 x 18.5 mm (5.20 x 2.20 x 0.73 in);256 g (9.03 oz);Hybrid Dual SIM (Mini-SIM, dual stand-by);TFT, 256K colors;2.4 inches, 17.8 cm(~24.1% screen-to-body ratio);240 x 320 pixels, 4:3 ratio (~167 ppi density);Mediatek MT6737M (28 nm);Quad-core 1.1 GHz Cortex-A53;microSDHC (uses shared SIM slot);8GB 1GB RAM;5 MP;Yes;No;Wi-Fi 802.11 b/g/n;4.0, A2DP, LE;GPS, GLONASS;No;FM radio;microUSB 2.0;Accelerometer;;Li-Ion 2000 mAh, removable;Black;About 120 EUR;Android 6.0 (Marshmallow);Mali-T720MP2;eMMC 5.0;LED flash;;IP68 dust/water resistant (up to 1.5m for 30 min);;;;;Up to 230 h (3G);Up to 5 h (3G);0.61 W/kg (head)     1.08 W/kg (body);
https://www.gsmarena.com/energizer_hardcase_h550s-8979.php;https://fdn2.gsmarena.com/vv/bigpic/energizer-h550s.jpg;Energizer Hardcase H550S;Released 2018, January;203g, 11.1mm thickness;Android 7.0;32GB storage, microSDHC;7;N/A;146,853 hits;"5.5""";1080x1920 pixels;3 GB RAM;MT6750;4000 mAh Li-Ion;GSM 850 / 900 / 1800 / 1900 - SIM 1 & SIM 2;HSDPA 900 / 2100;1, 3, 7, 8, 20, 28;HSPA 42.2/11.5 Mbps, LTE-A (2CA) Cat6 300/50 Mbps;;;2018, January;Available. Released 2018, January;158.8 x 80.7 x 11.1 mm (6.25 x 3.18 x 0.44 in);203 g (7.16 oz);Hybrid Dual SIM (Nano-SIM, dual stand-by);IPS LCD;5.5 inches, 83.4 cm(~65.1% screen-to-body ratio);1080 x 1920 pixels, 16:9 ratio (~401 ppi density);Mediatek MT6750 (28 nm);Octa-core (4x1.5 GHz Cortex-A53 & 4x1.0 GHz Cortex-A53);microSDHC (uses shared SIM slot);32GB 3GB RAM;16 MP, PDAF;1080p@30fps;8 MP;Wi-Fi 802.11 b/g/n;4.0, A2DP, LE;GPS, GLONASS;Yes;FM radio;USB Type-C;Fingerprint (rear-mounted), accelerometer, gyro, proximity, compass;;Li-Ion 4000 mAh, non-removable;Black;About 450 EUR;Android 7.0 (Nougat);Mali-T860MP2;eMMC 5.1;LED flash, HDR, panorama;;IP68 dust/water resistant (up to 1.5m for 30 min)MIL-STD-810G compliant;;Corning Gorilla Glass 3;;;Up to 400 h (3G);Up to 10 h (3G);0.24 W/kg (head)     1.79 W/kg (body);
https://www.gsmarena.com/energizer_power_max_p600s-8974.php;https://fdn2.gsmarena.com/vv/bigpic/energizer-p600s.jpg;Energizer Power Max P600S;Released 2018, January;190g, 9.8mm thickness;Android 7.0;32GB/64GB storage, microSDXC;24;N/A;294,417 hits;"5.9""";1080x2160 pixels;3/6 GB RAM;Helio P25;4500 mAh Li-Ion;GSM 850 / 900 / 1800 / 1900 - SIM 1 & SIM 2;HSDPA 900 / 2100;1, 3, 7, 8, 20, 28, 38, 40;HSPA 42.2/11.5 Mbps, LTE-A (2CA) Cat6 300/50 Mbps;;;2018, January;Available. Released 2018, January;152.5 x 82 x 9.8 mm (6.00 x 3.23 x 0.39 in);190 g (6.70 oz);Hybrid Dual SIM (Nano-SIM, dual stand-by);IPS LCD;5.9 inches, 89.8 cm(~71.8% screen-to-body ratio);1080 x 2160 pixels, 18:9 ratio (~409 ppi density);Mediatek MT6757CD Helio P25 (16 nm);Octa-core (4x2.5 GHz Cortex-A53 & 4x1.4 GHz Cortex-A53);microSDXC (uses shared SIM slot);32GB 3GB RAM, 64GB 6GB RAM;13 MP, PDAF5 MP, f/2.4, (depth);4K@30fps;8 MP;Wi-Fi 802.11 a/b/g/n, Wi-Fi Direct;4.1, A2DP, LE;GPS;No;FM radio;USB Type-C;Fingerprint (rear-mounted), accelerometer, gyro, proximity, compass;;Li-Ion 4500 mAh, non-removable;Black (32/3GB), Blue (64/6GB);About 360 EUR;Android 7.0 (Nougat);Mali-T880MP2;;Dual-LED dual-tone flash, panorama, HDR;1080p@30fps;;;;;;Up to 400 h (3G);Up to 12 h (3G);;Glass front, plastic back, aluminum frame
https://www.gsmarena.com/energizer_power_max_p550s-8975.php;https://fdn2.gsmarena.com/vv/bigpic/energizer-p550s.jpg;Energizer Power Max P550S;Released 2017, December;203g, 9.4mm thickness;Android 7.0;16GB storage, microSDXC;5;N/A;96,030 hits;"5.5""";720x1280 pixels;2 GB RAM;MT6737;5000 mAh Li-Ion;GSM 850 / 900 / 1800 / 1900 - SIM 1 & SIM 2;HSDPA 900 / 2100;3, 7, 20;HSPA 21.1/5.76 Mbps, LTE Cat4 150/50 Mbps;;;2017, December;Available. Released 2017, December;154.3 x 78.3 x 9.4 mm (6.07 x 3.08 x 0.37 in);203 g (7.16 oz);Hybrid Dual SIM (Nano-SIM, dual stand-by);IPS LCD;5.5 inches, 83.4 cm(~69.0% screen-to-body ratio);720 x 1280 pixels, 16:9 ratio (~267 ppi density);Mediatek MT6737 (28 nm);Quad-core 1.3 GHz Cortex-A53;microSDXC (uses shared SIM slot);16GB 2GB RAM;13 MP, AF;720p@30fps;5 MP;Wi-Fi 802.11 b/g/n, Wi-Fi Direct;4.0, A2DP, LE;GPS;No;FM radio;USB Type-C 2.0;Fingerprint (rear-mounted), accelerometer, gyro, proximity, compass;;Li-Ion 5000 mAh, non-removable;Black;About 190 EUR;Android 7.0 (Nougat);Mali-T720;eMMC 5.0;LED flash, panorama, HDR;;;;;;;Up to 500 h (3G);Up to 5 h (3G);0.16 W/kg (head)     1.74 W/kg (body);Glass front, aluminum back, aluminum frame
https://www.gsmarena.com/energizer_energy_s550-8976.php;https://fdn2.gsmarena.com/vv/bigpic/energizer-energy-s550.jpg;Energizer Energy S550;Released 2017, December;180g, 8.8mm thickness;Android 6.0;8GB storage, microSDXC;2;N/A;73,047 hits;"5.5""";720x1280 pixels;1 GB RAM;MT6737;3000 mAh Li-Ion;GSM 850 / 900 / 1800 / 1900 - SIM 1 & SIM 2;HSDPA 900 / 2100;1, 3, 7, 20;HSPA 42.2/11.5 Mbps, LTE Cat4 150/50 Mbps;;;2017, December;Available. Released 2017, December;154.8 x 78.2 x 8.8 mm (6.09 x 3.08 x 0.35 in);180 g (6.35 oz);Hybrid Dual SIM (Micro-SIM/Nano-SIM, dual stand-by);IPS LCD;5.5 inches, 83.4 cm(~68.9% screen-to-body ratio);720 x 1280 pixels, 16:9 ratio (~267 ppi density);Mediatek MT6737 (28 nm);Quad-core 1.3 GHz Cortex-A53;microSDXC (uses shared SIM slot);8GB 1GB RAM;13 MP, AF;720p@30fps;5 MP;Wi-Fi 802.11 b/g/n, Wi-Fi Direct;4.0, A2DP, LE;GPS;No;FM radio;microUSB 2.0;Accelerometer, proximity;;Li-Ion 3000 mAh, non-removable;Black;About 120 EUR;Android 6.0 (Marshmallow);Mali-T720;eMMC 5.0;LED flash;;;;;;;Up to 400 h (3G);Up to 10 h (3G);0.28 W/kg (head)     1.23 W/kg (body);
https://www.gsmarena.com/energizer_energy_s500e-8977.php;https://fdn2.gsmarena.com/vv/bigpic/energizer-energy-s500e.jpg;Energizer Energy S500E;Released 2017, December;167g, 8.9mm thickness;Android 6.0;8GB storage, microSDXC;0;N/A;70,674 hits;"5.0""";480x854 pixels;1 GB RAM;MT6580;2000 mAh Li-Ion;GSM 850 / 900 / 1800 / 1900 - SIM 1 & SIM 2;HSDPA 900 / 2100;;HSPA 21.1/5.76 Mbps;;;2017, December;Available. Released 2017, December;145.5 x 74.8 x 8.9 mm (5.73 x 2.94 x 0.35 in);167 g (5.89 oz);Hybrid Dual SIM (Nano-SIM, dual stand-by);TN TFT;5.0 inches, 68.9 cm(~63.3% screen-to-body ratio);480 x 854 pixels, 16:9 ratio (~196 ppi density);Mediatek MT6580 (28 nm);Quad-core 1.3 GHz Cortex-A7;microSDXC (uses shared SIM slot);8GB 1GB RAM;5 MP;480p@30fps;2 MP;Wi-Fi 802.11 b/g/n;4.0, A2DP, LE;GPS;No;FM radio;microUSB 2.0;Accelerometer;;Li-Ion 2000 mAh, removable;Black;About 80 EUR;Android 6.0 (Marshmallow);Mali-400MP2;;LED flash;;;;;;;Up to 333 h (3G);Up to 8 h (3G);0.74 W/kg (head)     1.43 W/kg (body);Glass front, plastic back, plastic frame
https://www.gsmarena.com/energizer_energy_e520_lte-8978.php;https://fdn2.gsmarena.com/vv/bigpic/energizer-energy-e520.jpg;Energizer Energy E520 LTE;Released 2017, September;206g, 11.1mm thickness;Android 6.0;16GB storage, microSDHC;0;N/A;75,761 hits;"5.2""";720x1280 pixels;2 GB RAM;MT6737;4000 mAh Li-Ion;GSM 850 / 900 / 1800 / 1900 - SIM 1 & SIM 2;HSDPA 900 / 2100;1, 3, 7, 8, 20;HSPA 42.2/11.5 Mbps, LTE Cat4 150/50 Mbps;;;2017, September;Available. Released 2017, September;150.8 x 76.2 x 11.1 mm (5.94 x 3.00 x 0.44 in);206 g (7.27 oz);Hybrid Dual SIM (Nano-SIM, dual stand-by);IPS LCD;5.2 inches, 74.5 cm(~64.9% screen-to-body ratio);720 x 1280 pixels, 16:9 ratio (~282 ppi density);Mediatek MT6737 (28 nm);Quad-core 1.3 GHz Cortex-A53;microSDHC (uses shared SIM slot);16GB 2GB RAM;13 MP, AF;1080p@30fps;5 MP;Wi-Fi 802.11 b/g/n;4.0, A2DP, LE;GPS, GLONASS;No;FM radio;microUSB 2.0;Fingerprint (rear-mounted), accelerometer, proximity, compass;;Li-Ion 4000 mAh, non-removable;Black;About 330 EUR;Android 6.0 (Marshmallow);Mali-T720;eMMC 5.0;LED flash, HDR, panorama;;IP68 dust/water resistant (up to 1.5m for 30 min)MIL-STD-810G compliant;;Corning Gorilla Glass 3;;;Up to 220 h (3G);Up to 15 h (3G);0.26 W/kg (head)     0.60 W/kg (body);
https://www.gsmarena.com/energizer_energy_100_(2017)-8982.php;https://fdn2.gsmarena.com/vv/bigpic/energizer-energy-100-2017.jpg;Energizer Energy 100 (2017);Released 2017, June;112g, 15mm thickness;Feature phone;microSDHC slot;1;N/A;66,761 hits;"2.4""";240x320 pixels; ;;1500 mAh Li-Ion;GSM 850 / 900 / 1800 / 1900 - SIM 1 & SIM 2;;;;Yes;No;2017, June;Available. Released 2017, June;129 x 63 x 15 mm (5.08 x 2.48 x 0.59 in);112 g (3.95 oz);Hybrid Dual SIM (Mini-SIM, dual stand-by);TFT, 65K colors;2.4 inches, 17.8 cm(~21.9% screen-to-body ratio);240 x 320 pixels, 4:3 ratio (~167 ppi density);;;microSDHC (uses shared SIM slot);;VGA;No;No;No;2.1, A2DP;No;No;FM radio;microUSB 2.0;;;Li-Ion 1500 mAh, removable;Black;About 50 EUR;;;;;;IP54, dust and water resistant;;;;;Up to 300 h (3G);Up to 11 h (3G);0.27 W/kg (head)     0.54 W/kg (body);
https://www.gsmarena.com/energizer_energy_400_lte-8980.php;https://fdn2.gsmarena.com/vv/bigpic/energizer-energy-400.jpg;Energizer Energy 400 LTE;Released 2017, Q3;204g, 15mm thickness;Android 6.0;8GB storage, microSDXC;1;N/A;82,353 hits;"4.0""";480x800 pixels;1 GB RAM;MT6737M;2500 mAh Li-Ion;GSM 850 / 900 / 1800 / 1900 - SIM 1 & SIM 2;HSDPA 900 / 2100;3, 7, 20;HSPA, LTE;;;2017, Q3;Available. Released 2017, Q3;134 x 72 x 15 mm (5.28 x 2.83 x 0.59 in);204 g (7.20 oz);Hybrid Dual SIM (Micro-SIM, dual stand-by);TN TFT;4.0 inches, 45.5 cm(~47.2% screen-to-body ratio);480 x 800 pixels, 5:3 ratio (~233 ppi density);Mediatek MT6737M (28 nm);Quad-core 1.3 GHz Cortex-A53;microSDXC (uses shared SIM slot);8GB 1GB RAM;8 MP, AF;Yes;1.3 MP;Wi-Fi 802.11 b/g/n;4.0, A2DP, LE;GPS;No;FM radio;microUSB 2.0;Accelerometer;;Li-Ion 2500 mAh battery;Black;About 180 EUR;Android 6.0 (Marshmallow);Mali-T720MP2;eMMC 5.0;LED flash, HDR;;IP67 dust/water resistant (up to 1m for 30 min);;Asahi Dragontrail Glass;;;Up to 420 h (3G);Up to 16 h (3G);0.64 W/kg (head)     1.52 W/kg (body);
https://www.gsmarena.com/energizer_energy_e10-8983.php;https://fdn2.gsmarena.com/vv/bigpic/energizer-energy-e10-.jpg;Energizer Energy E10;Released 2017, September;69g, 14.3mm thickness;Feature phone;microSDHC slot;1;N/A;63,361 hits;"1.8""";128x160 pixels; ;;1000 mAh Li-Ion;GSM 850 / 900 / 1800 / 1900 - SIM 1 & SIM 2;;;;Yes;No;2017, September;Available. Released 2017, September;110 x 47 x 14.3 mm (4.33 x 1.85 x 0.56 in);69 g (2.43 oz);Hybrid Dual SIM (Mini-SIM, dual stand-by);TFT, 256K colors;1.8 inches, 10.2 cm(~19.7% screen-to-body ratio);128 x 160 pixels (~114 ppi density);;;microSDHC (uses shared SIM slot);;VGA;No;No;No;2.0;No;No;FM radio;microUSB 2.0;;;Li-Ion 1000 mAh, removable;Black, White;About 10 EUR;;;;;;;;;;;Up to 250 h (3G);Up to 8 h (3G);0.60 W/kg (head)     0.95 W/kg (body);
https://www.gsmarena.com/energizer_energy_e20-8984.php;https://fdn2.gsmarena.com/vv/bigpic/energizer-energy-e20.jpg;Energizer Energy E20;Released 2017, November;92g, 18.2mm thickness;Feature phone;microSDHC slot;1;N/A;72,277 hits;"2.4""";240x320 pixels; ;;1000 mAh Li-Ion;GSM 850 / 900 / 1800 / 1900 - SIM 1 & SIM 2;HSDPA 900 / 2100;1, 3, 7, 8, 20, 28;HSPA, LTE;;;2017, November;Available. Released 2017, November;103.2 x 51 x 18.2 mm (4.06 x 2.01 x 0.72 in);92 g (3.25 oz);Hybrid Dual SIM (Mini-SIM, dual stand-by);TFT, 256K colors;2.4 inches, 17.8 cm(~33.9% screen-to-body ratio);240 x 320 pixels, 4:3 ratio (~167 ppi density);;;microSDHC (uses shared SIM slot);;VGA;No;No;No;2.0;No;No;FM radio;microUSB 2.0;;;Li-Ion 1000 mAh, removable;Black;About 40 EUR;;;;;;;;;;;;;0.07 W/kg (head)     0.73 W/kg (body);
https://www.gsmarena.com/energizer_energy_500-7721.php;https://fdn2.gsmarena.com/vv/bigpic/energizer-500.jpg;Energizer Energy 500;Released 2015, June;284g, 18.8mm thickness;Android 4.4;8GB storage, microSDXC;4;N/A;182,181 hits;"5.0""";720x1280 pixels;1 GB RAM;MT6582;3000 mAh Li-Ion;GSM 850 / 900 / 1800 / 1900 - SIM 1 & SIM 2;HSDPA 850 / 1900 - EM5EL043;;HSPA 21.1/5.76 Mbps;;;2015, January. Released 2015, June;Discontinued;152.3 x 80.6 x 18.8 mm (6.00 x 3.17 x 0.74 in);284 g (10.02 oz);Dual SIM (Mini-SIM/ Micro-SIM, dual stand-by);IPS LCD;5.0 inches, 68.9 cm(~56.1% screen-to-body ratio);720 x 1280 pixels, 16:9 ratio (~294 ppi density);Mediatek MT6582 (28 nm);Quad-core 1.3 GHz Cortex-A7;microSDXC;8GB 1GB RAM;13 MP, AF;720p@30fps;5 MP;Wi-Fi 802.11 a/b/g/n, hotspot;4.0, A2DP, LE;GPS;No;Stereo FM radio;microUSB 2.0;Accelerometer, gyro, proximity, compass, barometer;;Li-Ion 3000 mAh, removable;Gray;;Android 4.4 (KitKat);Mali-400MP2;;LED flash, HDR;;IP68 dust/water resistant (up to 1.8m for 30 min);;;;;Up to 500 h;Up to 18 h 40 min;;
https://www.gsmarena.com/energizer_energy_400-7722.php;https://fdn2.gsmarena.com/vv/bigpic/energizer-400.jpg;Energizer Energy 400;Released 2015, June;367g, 18.8mm thickness;Android 4.4;4GB 512MB RAM storage, microSDXC slot;3;N/A;103,974 hits;"4.0""";480x800 pixels;512 MB RAM;MT6572;2400 mAh Li-Ion;GSM 900 / 1900  / 850 - SIM 1 & SIM 2;HSDPA 850 / 1900 - EM4EI043;;HSPA 21.1/5.76 Mbps;;;2015, January. Released 2015, June;Discontinued;134.5 x 73.6 x 18.8 mm (5.30 x 2.90 x 0.74 in);367 g (12.95 oz);Mini-SIM;IPS LCD;4.0 inches, 45.5 cm(~46.0% screen-to-body ratio);480 x 800 pixels, 5:3 ratio (~233 ppi density);Mediatek MT6572 (28 nm);Dual-core 1.3 GHz Cortex-A7;microSDXC (dedicated slot);4GB 512MB RAM;8 MP, AF;720p@30fps;1.3 MP;Wi-Fi 802.11 a/b/g/n, hotspot;4.0, A2DP, LE;GPS;No;Stereo FM radio;microUSB 2.0;Accelerometer, proximity;;Li-Ion 2400 mAh, removable;Gray;;Android 4.4 (KitKat);Mali-400;;LED flash, HDR;;IP68 dust/water resistant (up to 1.8m for 30 min);;;;;Up to 400 h;Up to 15 h;;
https://www.gsmarena.com/energizer_energy_240-7723.php;https://fdn2.gsmarena.com/vv/bigpic/energizer-240.jpg;Energizer Energy 240;Released 2015, June;134g, 19mm thickness;Feature phone;128MB 32MB RAM storage, microSDHC slot;2;N/A;70,648 hits;"2.4""";240x320 pixels;32 MB RAM;;1900 mAh Li-Ion;GSM 850 / 900 / 1800 / 1900 - SIM 1 & SIM 2;HSDPA 850 / 1900 - EM24043;;HSPA 7.2/0.384 Mbps;;;2015, January. Released 2015, June;Discontinued;125 x 58.5 x 19 mm (4.92 x 2.30 x 0.75 in);134 g (4.73 oz);Dual SIM (Mini-SIM, dual stand-by);TFT, 256K colors;2.4 inches, 17.8 cm(~24.4% screen-to-body ratio);240 x 320 pixels, 4:3 ratio (~167 ppi density);;;microSDHC;128MB 32MB RAM;3.15 MP;Yes;No;No;2.1, A2DP;No;No;Stereo FM radio;microUSB 2.0;;Music/Video playerOrganizerCalendarCalculatorVoice memo;Li-Ion 1900 mAh, removable;Gray;;;;;;;IP67 dust/water resistant (up to 1m for 30 min);;;;;Up to 316 h;Up to 11 h;;
https://www.gsmarena.com/energizer_energy_200-7724.php;https://fdn2.gsmarena.com/vv/bigpic/energizer-200.jpg;Energizer Energy 200;Released 2015, June;122g, 19.8mm thickness;Feature phone;8MB 8MB RAM storage, microSDHC slot;0;N/A;64,927 hits;"2.0""";240x320 pixels;8 MB RAM;;1450 mAh Li-Ion;GSM 850 / 900 / 1800 / 1900 - SIM 1 & SIM 2 - EM2003;;;;Yes;No;2015, January. Released 2015, June;Discontinued;121.7 x 55.8 x 19.8 mm (4.79 x 2.20 x 0.78 in);122 g (4.30 oz);Dual SIM (Mini-SIM, dual stand-by);TFT, 256K colors;2.0 inches, 12.4 cm(~18.2% screen-to-body ratio);240 x 320 pixels, 4:3 ratio (~200 ppi density);;;microSDHC;8MB 8MB RAM;1.3 MP;Yes;No;No;2.1, A2DP, EDR;No;No;Stereo FM radio;microUSB 2.0;;Music/Video playerOrganizerCalendarCalculatorVoice memo;Li-Ion 1450 mAh, removable;Gray;;;;;;;IP67 dust/water resistant (up to 1m for 30 min);;;;;Up to 241 h;Up to 9 h;;
https://www.gsmarena.com/energizer_energy_100-7920.php;https://fdn2.gsmarena.com/vv/bigpic/energizer-energy-100-.jpg;Energizer Energy 100;Released 2016, February;112g, 15mm thickness;Feature phone;4MB 4MB RAM storage, microSDHC slot;3;N/A;134,730 hits;"2.4""";240x320 pixels;4 MB RAM;;1500 mAh Li-Ion;GSM 850 / 900 / 1800 / 1900 - SIM 1 & SIM 2 - EM2003;;;;Yes;No;2015, November. Released 2016, February;Discontinued;129 x 63 x 15 mm (5.08 x 2.48 x 0.59 in);112 g (3.95 oz);Dual SIM (Mini-SIM, dual stand-by);TFT, 256K colors;2.4 inches, 17.8 cm(~21.9% screen-to-body ratio);240 x 320 pixels, 4:3 ratio (~167 ppi density);;;microSDHC (dedicated slot);4MB 4MB RAM;VGA;Yes;No;No;2.1;No;No;Stereo FM radio;microUSB 2.0;;Music/Video playerOrganizer;Li-Ion 1500 mAh, removable;Black;;;;;;;IP54, dust and water resistant;;;;;Up to 300 h;Up to 11 h;;
https://www.gsmarena.com/energizer_energy_e551s-9567.php;https://fdn2.gsmarena.com/vv/bigpic/energizer-energy-e551s.jpg;Energizer Energy E551S;Cancelled;;Android 8.0 Oreo;8GB storage, microSDXC;0;N/A;47,713 hits;"5.5""";480x854 pixels;1 GB RAM;MT6737M;2500 mAh Li-Ion;GSM 850 / 900 / 1800 / 1900 - SIM 1 & SIM 2;HSDPA 900 / 2100;1, 3, 7, 8, 20, 28;HSPA 42.2/11.5 Mbps, LTE Cat4 150/50 Mbps;;;2019, February;Cancelled;-;-;Hybrid Dual SIM (Micro-SIM/Nano-SIM, dual stand-by);TFT LCD;5.5 inches, 83.4 cm;480 x 854 pixels, 16:9 ratio (~178 ppi density);Mediatek MT6737M (28 nm);Quad-core 1.3 GHz Cortex-A53;microSDXC (uses shared SIM slot);8GB 1GB RAM;8 MP;720p@30fps;5 MP;Wi-Fi 802.11 b/g/n;4.0, A2DP, LE;GPS;No;FM radio;microUSB 2.0;Accelerometer;;Li-Ion 2500 mAh battery;Black;;Android 8.0 Oreo (Go edition);Mali-T720MP2;eMMC 5.0;LED flash;;;;;;;;;;
https://www.gsmarena.com/energizer_energy_e401-9568.php;https://fdn2.gsmarena.com/vv/bigpic/energizer-energy-e401s.jpg;Energizer Energy E401;Cancelled;;Android 8.0 Oreo;8GB storage, microSDHC;1;N/A;48,240 hits;"4.0""";480x854 pixels;1 GB RAM;MT6580M;2000 mAh Li-Ion;GSM 850 / 900 / 1800 / 1900 - SIM 1 & SIM 2;HSDPA 850 / 900 / 1900 / 2100;;HSPA 42.2/11.5 Mbps;;;2019, February;Cancelled;-;-;Hybrid Dual SIM (Micro-SIM, dual stand-by);TFT LCD;4.0 inches, 44.1 cm;480 x 854 pixels, 16:9 ratio (~245 ppi density);Mediatek MT6580M (28 nm);Quad-core 1.3 GHz Cortex-A7;microSDHC (uses shared SIM slot);8GB 1GB RAM;5 MP;720p@30fps;2 MP;Wi-Fi 802.11 b/g/n;4.0, A2DP, LE;GPS;No;FM radio;microUSB 2.0;Accelerometer;;Li-Ion 2000 mAh battery;Black;;Android 8.0 Oreo (Go edition);Mali-400MP2;;LED flash;;;;;;;;;;
https://www.gsmarena.com/energizer_hardcase_h242s-9563.php;https://fdn2.gsmarena.com/vv/bigpic/energizer-hardcase-h242s.jpg;Energizer Hardcase H242S;Cancelled;14.5mm thickness;KaiOS 2.5.1;512MB 256MB RAM storage, microSDHC slot;4;N/A;51,342 hits;"2.4""";240x320 pixels;256 MB RAM;Spreadtrum SC7731E;1500 mAh Li-Ion;GSM 850 / 900 / 1800 / 1900 - SIM 1 & SIM 2;HSDPA 850 / 900 / 1900 / 2100;3, 7, 20;HSPA, LTE;;;2019, February;Cancelled;125.3 x 54 x 14.5 mm (4.93 x 2.13 x 0.57 in);-;Dual SIM (Mini-SIM);TFT LCD, 16M colors;2.4 inches, 17.8 cm(~26.4% screen-to-body ratio);240 x 320 pixels, 4:3 ratio (~167 ppi density);Spreadtrum SC7731E;Quad-core 1.3 GHz Cortex-A53;microSDHC;512MB 256MB RAM;0.3 MP;Yes;0.3 MP;Wi-Fi 802.11 b/g/n, hotspot;2.1;GPS;No;FM radio;microUSB 2.0;;Downloadable applications Facebook, Gmail, Whatsapp, etc.;Li-Ion 1500 mAh battery;Black;;KaiOS 2.5.1;Mali-820;;LED flash;;IP68 dust/water resistant (up to 1.2m for 30 min);;;Secondary external display;;;;;
https://www.gsmarena.com/energizer_hardcase_h591s-9556.php;https://fdn2.gsmarena.com/vv/bigpic/energizer-hardcase-h591s.jpg;Energizer Hardcase H591S;Cancelled;260g, 12.2mm thickness;Android 8.1;64GB storage, microSDHC;11;N/A;75,383 hits;"5.99""";1080x1920 pixels;6 GB RAM;Helio P23;5800 mAh Li-Ion;GSM 850 / 900 / 1800 / 1900 - SIM 1 & SIM 2;HSDPA 850 / 900 / 1700(AWS) / 1900 / 2100;1, 2, 3, 4, 5, 7, 8, 12, 17, 19, 20, 34, 38, 39, 40, 41;HSPA, LTE-A;;;2019, February;Cancelled;164.2 x 79.4 x 12.2 mm (6.46 x 3.13 x 0.48 in);260 g (9.17 oz);Hybrid Dual SIM (Nano-SIM, dual stand-by);TFT LCD;5.99 inches, 98.9 cm(~75.9% screen-to-body ratio);1080 x 1920 pixels, 16:9 ratio (~368 ppi density);Mediatek MT6763 Helio P23 (16 nm);Octa-core 2.0 GHz Cortex-A53;microSDHC (uses shared SIM slot);64GB 6GB RAM;16 MP, AF0.3 MP, (depth);1080p@30fps;8 MPVGA, depth sensor;Wi-Fi 802.11 a/b/g/n, Wi-Fi Direct;4.2, A2DP, LE;GPS;Yes;No;USB Type-C 2.0, OTG;Fingerprint (rear-mounted), accelerometer, gyro, proximity, compass;;Li-Ion 5800 mAh, non-removable;Black;;Android 8.1 (Oreo);Mali-G71 MP2;eMMC 5.1;Dual-LED flash;;IP68 dust/water resistant (up to 1.5m for 30 min);;Corning Gorilla Glass 3;;LED flash;;;;
https://www.gsmarena.com/energizer_ultimate_u570s-9550.php;https://fdn2.gsmarena.com/vv/bigpic/energizer-ultimate-u570s.jpg;Energizer Ultimate U570S;Cancelled;8.6mm thickness;Android 9.0;32GB storage, microSDXC;3;N/A;64,880 hits;"5.7""";720x1520 pixels;4 GB RAM;Helio A22;3000 mAh Li-Ion;GSM 850 / 900 / 1800 / 1900 - SIM 1 & SIM 2;HSDPA 850 / 900 / 1900 / 2100;1, 3, 5, 7, 8, 20, 38, 40, 41;HSPA, LTE-A;;;2019, January;Cancelled;148.8 x 70.5 x 8.6 mm (5.86 x 2.78 x 0.34 in);-;Hybrid Dual SIM (Nano-SIM, dual stand-by);IPS LCD;5.7 inches, 81.1 cm(~77.3% screen-to-body ratio);720 x 1520 pixels, 19:9 ratio (~295 ppi density);Mediatek MT6761 Helio A22 (12 nm);Quad-core 2.0 GHz Cortex-A53;microSDXC (uses shared SIM slot);32GB 4GB RAM;16 MP, PDAF2 MP, (depth);1080p@30fps;"16 MP, f/2.2, 26mm (wide), 1/3.06"", 1.0µm";Wi-Fi 802.11 b/g/n, Wi-Fi Direct;5.0, A2DP, LE;GPS;No;FM radio;microUSB 2.0, OTG;Fingerprint (side-mounted), accelerometer, gyro, proximity, compass;;Li-Ion 3000 mAh, removable;Aurora Red, Blue, Yellow;;Android 9.0 (Pie);PowerVR GE8320;eMMC 5.1;Dual-LED dual-tone flash, panorama, HDR;1080p;;;;;;;;;
https://www.gsmarena.com/energizer_ultimate_u620s-9549.php;https://fdn2.gsmarena.com/vv/bigpic/energizer-ultimate-u620s.jpg;Energizer Ultimate U620S;Cancelled;8.3mm thickness;Android 9.0;64GB storage, microSDXC;5;N/A;76,348 hits;"6.2""";720x1520 pixels;4 GB RAM;Helio P35;4000 mAh Li-Po;GSM 850 / 900 / 1800 / 1900 - SIM 1 & SIM 2;HSDPA 850 / 900 / 1900 / 2100;1, 3, 5, 7, 8, 20, 38, 40, 41;HSPA, LTE-A;;;2019, January;Cancelled;155.8 x 75.5 x 8.3 mm (6.13 x 2.97 x 0.33 in);-;Hybrid Dual SIM (Nano-SIM, dual stand-by);IPS LCD;6.2 inches, 97.6 cm(~82.9% screen-to-body ratio);720 x 1520 pixels, 18.5:9 ratio (~265 ppi density);Mediatek MT6765 Helio P35 (12nm);Octa-core (4x2.3 GHz Cortex-A53 & 4x1.8 GHz Cortex-A53);microSDXC (uses shared SIM slot);64GB 4GB RAM;16 MP, PDAF2 MP0.3 MP, (depth);1080p@30fps;"16 MP, f/2.2, 26mm (wide), 1/3.06"", 1.0µm";Wi-Fi 802.11 a/b/g/n/ac, dual-band, Wi-Fi Direct;5.0, A2DP, LE;GPS, GLONASS;No;FM radio;USB Type-C 2.0, OTG;Fingerprint (side-mounted), accelerometer, gyro, proximity, compass;;Li-Po 4000 mAh, removable;Aurora Red, Aurora Blue;;Android 9.0 (Pie);PowerVR GE8320;eMMC 5.1;Dual-LED dual-tone flash, panorama, HDR;1080p;;;;;;;;;
https://www.gsmarena.com/energizer_ultimate_u630s_pop-9547.php;https://fdn2.gsmarena.com/vv/bigpic/energizer-ultimate-u630s-pop.jpg;Energizer Ultimate U630S Pop;Cancelled;9.6mm thickness;Android 9.0;64GB storage, microSDXC;3;N/A;95,156 hits;"6.3""";720x1480 pixels;4 GB RAM;Helio P22;3500 mAh Li-Ion;GSM 850 / 900 / 1800 / 1900 - SIM 1 & SIM 2;HSDPA 850 / 900 / 1900 / 2100;1, 3, 5, 7, 8, 20, 40, 41;HSPA, LTE-A;;;2019, January;Cancelled;157.9 x 78.9 x 9.6 mm (6.22 x 3.11 x 0.38 in);-;Hybrid Dual SIM (Nano-SIM, dual stand-by);IPS LCD;6.3 inches, 100.7 cm(~80.9% screen-to-body ratio);720 x 1480 pixels, 18.5:9 ratio (~261 ppi density);Mediatek MT6762 Helio P22 (12 nm);Octa-core 2.0 GHz Cortex-A53;microSDXC (uses shared SIM slot);64GB 4GB RAM;16 MP, PDAF2 MP, (depth);1080p@30fps;"Motorized pop-up 16 MP, f/2.2, 26mm (wide), 1/3.06"", 1.0µmMotorized pop-up 2 MP, depth sensor";Wi-Fi 802.11 b/g/n, Wi-Fi Direct;5.0, A2DP, LE;GPS, GLONASS;No;FM radio;USB Type-C 2.0, OTG;Fingerprint (rear-mounted), accelerometer, gyro, proximity, compass;;Li-Ion 3500 mAh, non-removable;Black;;Android 9.0 (Pie);PowerVR GE8320;eMMC 5.1;LED flash, panorama, HDR;1080p;;;;;;;;;
https://www.gsmarena.com/energizer_ultimate_u650s-9546.php;https://fdn2.gsmarena.com/vv/bigpic/energizer-ultimate-u650s.jpg;Energizer Ultimate U650S;Cancelled;8.2mm thickness;Android 9.0;128GB storage, microSDXC;7;N/A;111,689 hits;"6.5""";720x1480 pixels;4 GB RAM;Helio P22;3500 mAh Li-Ion;GSM 850 / 900 / 1800 / 1900 - SIM 1 & SIM 2;HSDPA 850 / 900 / 2100;1, 3, 5, 7, 8, 20, 40;HSPA, LTE-A;;;2019, January;Cancelled;162.5 x 76.5 x 8.2 mm (6.40 x 3.01 x 0.32 in);-;Hybrid Dual SIM (Nano-SIM, dual stand-by);IPS LCD;6.5 inches, 107.2 cm(~86.3% screen-to-body ratio);720 x 1480 pixels, 18.5:9 ratio (~253 ppi density);Mediatek MT6762 Helio P22 (12 nm);Octa-core 2.0 GHz Cortex-A53;microSDXC (uses shared SIM slot);128GB 4GB RAM;16 MP, PDAF2 MP, (depth);1080p@30fps;"16 MP, f/2.2, 26mm (wide), 1/3.06"", 1.0µm";Wi-Fi 802.11 a/b/g/n/ac, dual-band, Wi-Fi Direct;5.0, A2DP, LE;GPS, GLONASS;No;FM radio;USB Type-C 2.0, OTG;Fingerprint (rear-mounted), accelerometer, gyro, proximity, compass;;Li-Ion 3500 mAh, non-removable;Black;;Android 9.0 (Pie);PowerVR GE8320;eMMC 5.1;Dual-LED dual-tone flash, panorama, HDR;1080p;;;;;;;;;
