Link;Image;Name;Release date;Weight;OS;Storage;Fans;Popularity;Hits;Screen_size;Screen_resolution;RAM;SOC;Battery;net2g;net3g;speed;year;status;dimensions;weight;sim;displaytype;displaysize;displayresolution;os;chipset;cpu;gpu;memoryslot;internalmemory;cam1modules;cam1video;cam2modules;cam2video;wlan;bluetooth;gps;nfc;radio;usb;sensors;batdescription1;batstandby1;battalktime1;colors;price;cam1features;net4g;displayprotection;memoryother;gprstext;edge;sar-eu;featuresother;displayother;bodyother
https://www.gsmarena.com/gigabyte_gsmart_essence_4-7703.php;https://fdn2.gsmarena.com/vv/bigpic/gigabyte-essence4.jpg;Gigabyte GSmart Essence 4;Released 2015, November;105g, 9.6mm thickness;Android 4.4;4GB 512MB RAM storage, microSDHC slot;3;0.1%;250,130 hits;"4.0""";480x800 pixels;512 MB RAM;MT6572;1300 mAh Li-Ion;GSM 850 / 900 / 1800 / 1900 - SIM 1 & SIM 2;HSDPA 2100;HSPA 21.1/5.76 Mbps;2015, October. Released 2015, November;Discontinued;124 x 62 x 9.6 mm (4.88 x 2.44 x 0.38 in);105 g (3.70 oz);Dual SIM (Mini-SIM, dual stand-by);TFT;4.0 inches, 45.5 cm(~59.2% screen-to-body ratio);480 x 800 pixels, 5:3 ratio (~233 ppi density);Android 4.4 (KitKat);Mediatek MT6572 (28 nm);Dual-core 1.0 GHz Cortex-A7;Mali-400;microSDHC (dedicated slot);4GB 512MB RAM;2 MP;Yes;VGA;;Wi-Fi 802.11 b/g/n, hotspot;4.0, A2DP;GPS;No;FM radio;microUSB 2.0;Accelerometer, proximity;Li-Ion 1300 mAh, removable;Up to 300 h;Up to 12 h;Black;About 60 EUR;;;;;;;;;;
https://www.gsmarena.com/gigabyte_gsmart_classic_lite-7702.php;https://fdn2.gsmarena.com/vv/bigpic/gigabyte-classic-lite.jpg;Gigabyte GSmart Classic Lite;Released 2015, November;145g, 9.2mm thickness;Android 4.4;8GB storage, microSDHC;1;N/A;161,261 hits;"5.0""";480x854 pixels;512 MB RAM;Spreadtrum SC7731;2100 mAh Li-Ion;GSM 850 / 900 / 1800 / 1900 - SIM 1 & SIM 2;HSDPA 2100;HSPA 21.1/5.76 Mbps;2015, October. Released 2015, November;Discontinued;143 x 73 x 9.2 mm (5.63 x 2.87 x 0.36 in);145 g (5.11 oz);Dual SIM (Mini-SIM/ Micro-SIM, dual stand-by);IPS LCD;5.0 inches, 68.9 cm(~66.0% screen-to-body ratio);480 x 854 pixels, 16:9 ratio (~196 ppi density);Android 4.4 (KitKat);Spreadtrum SC7731;Quad-core 1.2 GHz;Mali-400;microSDHC (dedicated slot);8GB 512MB RAM;5 MP;Yes;2 MP;;Wi-Fi 802.11 b/g/n, hotspot;2.1;GPS;No;FM radio;microUSB 2.0;Accelerometer, proximity;Li-Ion 2100 mAh, removable;Up to 250 h;Up to 12 h;Black;About 80 EUR;LED flash;;;;;;;;;
https://www.gsmarena.com/gigabyte_gsmart_essence-7701.php;https://fdn2.gsmarena.com/vv/bigpic/gigabyte-essence.jpg;Gigabyte GSmart Essence;Released 2015, October;125g, 8.8mm thickness;Android 4.4;8GB storage, microSDHC;1;N/A;154,474 hits;"4.5""";480x854 pixels;512 MB RAM;Spreadtrum SC7731;2000 mAh Li-Ion;GSM 850 / 900 / 1800 / 1900 - SIM 1 & SIM 2;HSDPA 2100;HSPA 21.1/5.76 Mbps;2015, October. Released 2015, October;Discontinued;134 x 67 x 8.8 mm (5.28 x 2.64 x 0.35 in);125 g (4.41 oz);Dual SIM (Mini-SIM/ Micro-SIM, dual stand-by);IPS LCD;4.5 inches, 55.8 cm(~62.2% screen-to-body ratio);480 x 854 pixels, 16:9 ratio (~218 ppi density);Android 4.4 (KitKat);Spreadtrum SC7731;Quad-core 1.2 GHz;Mali-400;microSDHC (dedicated slot);8GB 512MB RAM;5 MP;Yes;2 MP;;Wi-Fi 802.11 b/g/n, hotspot;2.1, EDR;GPS;No;FM radio;microUSB 2.0;Accelerometer, proximity;Li-Ion 1600 mAh, removable;Up to 240 h;Up to 12 h;Black, White;About 70 EUR;LED flash;;;;;;;;;
https://www.gsmarena.com/gigabyte_gsmart_classic-7700.php;https://fdn2.gsmarena.com/vv/bigpic/gigabyte-classic.jpg;Gigabyte GSmart Classic;Released 2015, October;150g, 8.6mm thickness;Android 5.1;8GB storage, microSDHC;1;N/A;164,664 hits;"5.0""";720x1280 pixels;1 GB RAM;Spreadtrum SC7731;2000 mAh Li-Ion;GSM 850 / 900 / 1800 / 1900 - SIM 1 & SIM 2;HSDPA 2100;HSPA 21.1/5.76 Mbps;2015, October. Released 2015, October;Discontinued;145 x 73 x 8.6 mm (5.71 x 2.87 x 0.34 in);150 g (5.29 oz);Dual SIM (Mini-SIM/ Micro-SIM, dual stand-by);IPS LCD;5.0 inches, 68.9 cm(~65.1% screen-to-body ratio);720 x 1280 pixels, 16:9 ratio (~294 ppi density);Android 5.1 (Lollipop);Spreadtrum SC7731;Quad-core 1.2 GHz;Mali-400;microSDHC (dedicated slot);8GB 1GB RAM;8 MP, AF;Yes;5 MP;;Wi-Fi 802.11 b/g/n, hotspot;2.1, EDR;GPS;No;FM radio;microUSB 2.0;Accelerometer, proximity;Li-Ion 2000 mAh, removable;Up to 230 h;Up to 10 h;Black, Gray;About 100 EUR;LED flash;;;;;;;;;
https://www.gsmarena.com/gigabyte_gsmart_guru_gx-6985.php;https://fdn2.gsmarena.com/vv/bigpic/gigabyte-gsmart-guru-gx.jpg;Gigabyte GSmart Guru GX;Released 2015, April;115g, 7mm thickness;Android 4.4;32GB storage, microSDXC;15;N/A;299,189 hits;"5.0""";1080x1920 pixels;2 GB RAM;Snapdragon 615;2300 mAh Li-Ion;GSM 850 / 900 / 1800 / 1900 - SIM 1 & SIM 2;HSDPA 900 / 2100;HSPA 42.2/11.5 Mbps, LTE Cat4 150/50 Mbps;2015, January. Released 2015, April;Discontinued;139 x 69 x 7 mm (5.47 x 2.72 x 0.28 in);115 g (4.06 oz);Dual SIM (Nano-SIM/ Micro-SIM);IPS LCD;5.0 inches, 68.9 cm(~71.9% screen-to-body ratio);1080 x 1920 pixels, 16:9 ratio (~441 ppi density);Android 4.4 (KitKat);Qualcomm MSM8939 Snapdragon 615 (28 nm);Octa-core (4x1.7 GHz Cortex-A53 & 4x1.0 GHz Cortex-A53);Adreno 405;microSDXC (dedicated slot);32GB 2GB RAM;13 MP, AF;Yes;5 MP;;Wi-Fi 802.11 b/g/n, hotspot;4.0, LE;GPS, GLONASS;No;FM radio;microUSB 2.0;Accelerometer, gyro, proximity, compass;Li-Ion 2300 mAh, non-removable;Up to 200 h;Up to 14 h;Black;;LED flash;3, 7, 20;Corning Gorilla Glass 3;eMMC 4.5;;;;;;
https://www.gsmarena.com/gigabyte_gsmart_mika_mx-6988.php;https://fdn2.gsmarena.com/vv/bigpic/gigabyte-gsmart-mika-mx.jpg;Gigabyte GSmart Mika MX;Released 2015, February;165g, 9.8mm thickness;Android 4.4;8GB storage, microSDHC;3;N/A;180,982 hits;"5.0""";540x960 pixels;1 GB RAM;Snapdragon 410;3000 mAh Li-Ion;GSM 850 / 900 / 1800 / 1900 - SIM 1 & SIM 2;HSDPA 900 / 2100;HSPA 42.2/11.5 Mbps, LTE Cat4 150/50 Mbps;2015, January. Released 2015, February;Discontinued;143 x 72 x 9.8 mm (5.63 x 2.83 x 0.39 in);165 g (5.82 oz);Dual SIM (Micro-SIM, dual stand-by);IPS LCD;5.0 inches, 68.9 cm(~66.9% screen-to-body ratio);540 x 960 pixels, 16:9 ratio (~220 ppi density);Android 4.4 (KitKat);Qualcomm MSM8916 Snapdragon 410 (28 nm);Quad-core 1.2 GHz Cortex-A53;Adreno 306;microSDHC (dedicated slot);8GB 1GB RAM;5 MP, AF;Yes;2 MP;;Wi-Fi 802.11 b/g/n, hotspot;4.0, LE;GPS, GLONASS;No;FM radio;microUSB 2.0;Accelerometer, proximity;Li-Ion 3000 mAh, removable;Up to 320 h;Up to 20 h;Black;;;3, 7, 8;;eMMC 4.5;;;;;;
https://www.gsmarena.com/gigabyte_gsmart_roma_rx-6989.php;https://fdn2.gsmarena.com/vv/bigpic/gigabyte-gsmart-roma-rx.jpg;Gigabyte GSmart Roma RX;Released 2015, April;155g, 9.5mm thickness;Android 4.4;4GB 512MB RAM storage, microSDHC slot;1;N/A;144,108 hits;"5.0""";480x854 pixels;512 MB RAM;MT6582;2000 mAh Li-Ion;GSM 850 / 900 / 1800 / 1900 - SIM 1 & SIM 2;HSDPA 2100;HSPA 21.1/5.76 Mbps;2015, January. Released 2015, April;Discontinued;142 x 73 x 9.5 mm (5.59 x 2.87 x 0.37 in);155 g (5.47 oz);Dual SIM (Mini-SIM/ Micro-SIM, dual stand-by);IPS LCD;5.0 inches, 68.9 cm(~66.5% screen-to-body ratio);480 x 854 pixels, 16:9 ratio (~196 ppi density);Android 4.4 (KitKat);Mediatek MT6582 (28 nm);Quad-core 1.3 GHz Cortex-A7;Mali-400MP2;microSDHC (dedicated slot);4GB 512MB RAM;5 MP;Yes;VGA;;Wi-Fi 802.11 b/g/n, hotspot;4.0, A2DP;GPS;No;FM radio;microUSB 2.0;Accelerometer, proximity;Li-Ion 2000 mAh, removable;Up to 400 h;Up to 20 h;Black;;;;;;;;;;;
https://www.gsmarena.com/gigabyte_gsmart_akta_a4-6832.php;https://fdn2.gsmarena.com/vv/bigpic/gigabyte-gsmart-Akta-A4.jpg;Gigabyte GSmart Akta A4;Released 2014, November;158g, 9.6mm thickness;Android 4.4.2;8GB storage, microSDHC;24;N/A;239,017 hits;"5.0""";540x960 pixels;1 GB RAM;MT6592;1800 mAh Li-Ion;GSM 850 / 900 / 1800 / 1900 - SIM 1 & SIM 2;HSDPA 2100;HSPA 21.1/5.76 Mbps;2014, November. Released 2014, November;Discontinued;147 x 73 x 9.6 mm (5.79 x 2.87 x 0.38 in);158 g (5.57 oz);Dual SIM (Mini-SIM/ Micro-SIM);IPS LCD;5.0 inches, 68.9 cm(~64.2% screen-to-body ratio);540 x 960 pixels, 16:9 ratio (~220 ppi density);Android 4.4.2 (KitKat);Mediatek MT6592 (28 nm);Octa-core 1.4 GHz Cortex-A7;Mali-450MP4;microSDHC (dedicated slot);8GB 1GB RAM;13 MP, AF;Yes;5 MP;;Wi-Fi 802.11 b/g/n, hotspot;4.0, A2DP;GPS;No;FM radio;microUSB 2.0, OTG;Accelerometer, gyro, proximity, compass;Li-Ion 1800 mAh, removable;Up to 250 h;Up to 6 h;Navy Blue;;LED flash;;;;;;;;;
https://www.gsmarena.com/gigabyte_gsmart_mika_m3-6797.php;https://fdn2.gsmarena.com/vv/bigpic/gigabyte-gsmart-Mika-M4.jpg;Gigabyte GSmart Mika M3;Released 2014, November;146g, 8.3mm thickness;Android 4.4.2;8GB storage, microSDHC;19;N/A;204,033 hits;"5.0""";720x1280 pixels;1 GB RAM;MT6582;1900 mAh Li-Ion;GSM 850 / 900 / 1800 / 1900 - SIM 1 & SIM 2;HSDPA 900 / 2100;HSPA 21.1/5.76 Mbps;2014, October. Released 2014, November;Discontinued;144 x 70.5 x 8.3 mm (5.67 x 2.78 x 0.33 in);146 g (5.15 oz);Dual SIM (Mini-SIM/ Micro-SIM);IPS LCD;5.0 inches, 68.9 cm(~67.9% screen-to-body ratio);720 x 1280 pixels, 16:9 ratio (~294 ppi density);Android 4.4.2 (KitKat);Mediatek MT6582 (28 nm);Quad-core 1.3 GHz Cortex-A7;Mali-400MP2;microSDHC (dedicated slot);8GB 1GB RAM;13 MP, AF;Yes;8 MP;;Wi-Fi 802.11 b/g/n, hotspot;3.0;GPS;No;FM radio;microUSB 2.0;Accelerometer, proximity;Li-Ion 1900 mAh, removable;Up to 150 h;Up to 4 h 30 min;Navy Blue;;LED flash;;;;;;;;;
https://www.gsmarena.com/gigabyte_gsmart_gx2-6587.php;https://fdn2.gsmarena.com/vv/bigpic/gigabyte-gsmart-arty-gx2.jpg;Gigabyte GSmart GX2;Released 2014, September;135g, 8.7mm thickness;Android 4.4.2;8GB storage, microSDXC;8;N/A;191,081 hits;"5.0""";1080x1920 pixels;2 GB RAM;Snapdragon 400;2200 mAh Li-Ion;GSM 850 / 900 / 1800 / 1900 - SIM 1 & SIM 2;HSDPA 850 / 900 / 1900 / 2100;HSPA 21.1/5.76 Mbps;2014, August. Released 2014, September;Discontinued;146.5 x 73.4 x 8.7 mm (5.77 x 2.89 x 0.34 in);135 g (4.76 oz);Dual SIM (Micro-SIM);IPS LCD;5.0 inches, 68.9 cm(~64.1% screen-to-body ratio);1080 x 1920 pixels, 16:9 ratio (~441 ppi density);Android 4.4.2 (KitKat);Qualcomm MSM8228 Snapdragon 400 (28 nm);Quad-core 1.6 GHz Cortex-A7;Adreno 305;microSDXC (dedicated slot);8GB 2GB RAM;13 MP, AF;Yes;2 MP;;Wi-Fi 802.11 a/b/g/n, hotspot;4.0, A2DP;GPS;No;FM radio;microUSB 2.0;Accelerometer, proximity, compass;Li-Ion 2200 mAh, removable;Up to 350 h;Up to 12 h;Black;;LED flash;;;eMMC 4.5;;;;;;
https://www.gsmarena.com/gigabyte_gsmart_guru_(white_edition)-6586.php;https://fdn2.gsmarena.com/vv/bigpic/gigabyte-gsmart-guru-white.jpg;Gigabyte GSmart Guru (White Edition);Released 2014, August;165g, 8.5mm thickness;Android 4.2.2;32GB storage, no card slot;5;N/A;133,190 hits;"5.0""";1080x1920 pixels;2 GB RAM;MT6589T;3000 mAh Li-Ion;GSM 850 / 900 / 1800 / 1900;HSDPA 900 / 2100;HSPA 42.2/11.5 Mbps;2014, August. Released 2014, August;Discontinued;147 x 72.1 x 8.5 mm (5.79 x 2.84 x 0.33 in);165 g (5.82 oz);Micro-SIM;IPS LCD;5.0 inches, 68.9 cm(~65.0% screen-to-body ratio);1080 x 1920 pixels, 16:9 ratio (~441 ppi density);Android 4.2.2 (Jelly Bean);Mediatek MT6589T (28 nm);Quad-core 1.5 GHz Cortex-A7;PowerVR SGX544;No;32GB 2GB RAM;13 MP, AF;Yes;5 MP;;Wi-Fi 802.11 b/g/n, hotspot;4.0, A2DP;GPS;No;FM radio;microUSB 2.0;Accelerometer, proximity, compass;Li-Ion 3000 mAh, removable;Up to 300 h;Up to 12 h;White;;LED flash;;;;;;;;;
https://www.gsmarena.com/gigabyte_gsmart_t4_(lite_edition)-6585.php;https://fdn2.gsmarena.com/vv/bigpic/gigabyte-gsmart-t4-lite.jpg;Gigabyte GSmart T4 (Lite Edition);Released 2014, July;115g, 10.3mm thickness;Android 4.2.2;4GB 512MB RAM storage, microSDHC slot;3;N/A;134,098 hits;"4.0""";480x800 pixels;512 MB RAM;MT6572;1300 mAh Li-Ion;GSM 850 / 900 / 1800 / 1900 - SIM 1 & SIM 2;HSDPA 850 / 2100;HSPA 21.1/5.76 Mbps;2014, July. Released 2014, July;Discontinued;124.5 x 64 x 10.3 mm (4.90 x 2.52 x 0.41 in);115 g (4.06 oz);Dual SIM (Mini-SIM);TFT;4.0 inches, 45.5 cm(~57.2% screen-to-body ratio);480 x 800 pixels, 5:3 ratio (~233 ppi density);Android 4.2.2 (Jelly Bean);Mediatek MT6572 (28 nm);Dual-core 1.0 GHz Cortex-A7;Mali-400;microSDHC (dedicated slot);4GB 512MB RAM;5 MP;Yes;VGA;;Wi-Fi 802.11 b/g/n, hotspot;3.0;GPS;No;FM radio;microUSB 2.0;Accelerometer, proximity;Li-Ion 1300 mAh, removable;Up to 150 h;Up to 4 h 30 min;Black;;;;;;;;;;;
https://www.gsmarena.com/gigabyte_gsmart_arty_a3-6584.php;https://fdn2.gsmarena.com/vv/bigpic/gigabyte-gsmart-arty-a3.jpg;Gigabyte GSmart Arty A3;Released 2014, July;165g, 9.4mm thickness;Android 4.4.2;4GB 1GB RAM storage, microSDHC slot;10;N/A;189,199 hits;"5.0""";480x854 pixels;1 GB RAM;MT6582;2000 mAh Li-Ion;GSM 850 / 900 / 1800 / 1900 - SIM 1 & SIM 2;HSDPA 900 / 2100;HSPA 21.1/5.76 Mbps;2014, July. Released 2014, July;Discontinued;145 x 73.2 x 9.4 mm (5.71 x 2.88 x 0.37 in);165 g (5.82 oz);Dual SIM (Mini-SIM);IPS LCD;5.0 inches, 68.9 cm(~64.9% screen-to-body ratio);480 x 854 pixels, 16:9 ratio (~196 ppi density);Android 4.4.2 (KitKat);Mediatek MT6582 (28 nm);Quad-core 1.3 GHz Cortex-A7;Mali-400MP2;microSDHC (dedicated slot);4GB 1GB RAM;8 MP, AF;Yes;2 MP;;Wi-Fi 802.11 b/g/n, hotspot;4.0, A2DP;GPS;No;FM radio;microUSB 2.0;Accelerometer, proximity;Li-Ion 2000 mAh, removable;Up to 300 h;Up to 8 h;Black;;LED flash;;;;;;;;;
https://www.gsmarena.com/gigabyte_gsmart_mika_m2-6583.php;https://fdn2.gsmarena.com/vv/bigpic/gigabyte-gsmart-mika-m2.jpg;Gigabyte GSmart Mika M2;Released 2014, June;150g, 8.5mm thickness;Android 4.4.2;8GB storage, microSDHC;11;N/A;167,152 hits;"5.0""";720x1280 pixels;1 GB RAM;MT6582;2000 mAh Li-Ion;GSM 850 / 900 / 1800 / 1900 - SIM 1 & SIM 2;HSDPA 900 / 2100;HSPA 21.1/5.76 Mbps;2014, June. Released 2014, June;Discontinued;145 x 72.8 x 8.5 mm (5.71 x 2.87 x 0.33 in);150 g (5.29 oz);Dual SIM (Mini-SIM);IPS LCD;5.0 inches, 68.9 cm(~65.3% screen-to-body ratio);720 x 1280 pixels, 16:9 ratio (~294 ppi density);Android 4.4.2 (KitKat);Mediatek MT6582 (28 nm);Quad-core 1.3 GHz Cortex-A7;Mali-400MP2;microSDHC (dedicated slot);8GB 1GB RAM;13 MP, AF;Yes;5 MP;;Wi-Fi 802.11 b/g/n, hotspot;4.0, A2DP;GPS;No;FM radio;microUSB 2.0;Accelerometer, proximity;Li-Ion 2000 mAh, removable;Up to 300 h;Up to 8 h;Black;About 190 EUR;LED flash;;;;;;;;;
https://www.gsmarena.com/gigabyte_gsmart_t4-6335.php;https://fdn2.gsmarena.com/vv/bigpic/GSmart-T4.jpg;Gigabyte GSmart T4;Released 2014, April;121g, 9.8mm thickness;Android 4.2;4GB 512MB RAM storage, microSDHC slot;5;N/A;215,474 hits;"4.0""";480x800 pixels;512 MB RAM;MT6572;1400 mAh Li-Ion;GSM 850 / 900 / 1800 / 1900 - SIM 1 & SIM 2;HSDPA 900 / 2100;HSPA 21.1/5.76 Mbps;2014, April. Released 2014, April;Discontinued;126 x 62 x 9.8 mm (4.96 x 2.44 x 0.39 in);121 g (4.27 oz);Dual SIM;IPS LCD;4.0 inches, 45.5 cm(~58.3% screen-to-body ratio);480 x 800 pixels, 5:3 ratio (~233 ppi density);Android 4.2 (Jelly Bean);Mediatek MT6572 (28 nm);Dual-core 1.3 GHz Cortex-A7;Mali-400;microSDHC (dedicated slot);4GB 512MB RAM;8 MP, AF;Yes;VGA;;Wi-Fi 802.11 b/g/n, hotspot;3.0;GPS;No;FM radio;microUSB 2.0;Accelerometer, proximity;Li-Ion 1400 mAh, removable;Up to 150 h;Up to 4 h 30 min;Black, White;About 100 EUR;LED flash;;;;;;;;;
https://www.gsmarena.com/gigabyte_gsmart_saga_s3-6334.php;https://fdn2.gsmarena.com/vv/bigpic/GSmart-Saga-S3.jpg;Gigabyte GSmart Saga S3;Released 2014, April;190g, 8.5mm thickness;Android 4.2;8GB storage, microSDHC;4;N/A;191,434 hits;"6.0""";720x1280 pixels;1 GB RAM;MT6582;3000 mAh Li-Ion;GSM 850 / 900 / 1800 / 1900 - SIM 1 & SIM 2;HSDPA 900 / 2100;HSPA 21.1/5.76 Mbps;2014, April. Released 2014, April;Discontinued;168 x 83 x 8.5 mm (6.61 x 3.27 x 0.33 in);190 g (6.70 oz);Dual SIM;IPS LCD;6.0 inches, 99.2 cm(~71.2% screen-to-body ratio);720 x 1280 pixels, 16:9 ratio (~245 ppi density);Android 4.2 (Jelly Bean);Mediatek MT6582 (28 nm);Quad-core 1.3 GHz Cortex-A7;Mali-400MP2;microSDHC (dedicated slot);8GB 1GB RAM;8 MP, AF;Yes;2 MP;;Wi-Fi 802.11 b/g/n, hotspot;4.0, A2DP;GPS;No;FM radio;microUSB 2.0;Accelerometer, proximity;Li-Ion 3000 mAh, non-removable;Up to 255 h;Up to 12 h;Black;;LED flash;;;;;;;;;
https://www.gsmarena.com/gigabyte_gsmart_rey_r3-6211.php;https://fdn2.gsmarena.com/vv/bigpic/Gigabyte-GSmart-Rey-R3.jpg;Gigabyte GSmart Rey R3;Released 2014, March;138g, 10.5mm thickness;Android 4.2;4GB 1GB RAM storage, microSDHC slot;7;N/A;197,843 hits;"4.5""";480x854 pixels;1 GB RAM;MT6572;1800 mAh Li-Ion;GSM 850 / 900 / 1800 / 1900 - SIM 1 & SIM 2;HSDPA 900 / 2100;HSPA 21.1/5.76 Mbps;2014, March. Released 2014, March;Discontinued;136 x 66 x 10.5 mm (5.35 x 2.60 x 0.41 in);138 g (4.87 oz);Dual SIM;IPS LCD;4.5 inches, 55.8 cm(~62.2% screen-to-body ratio);480 x 854 pixels, 16:9 ratio (~218 ppi density);Android 4.2 (Jelly Bean);Mediatek MT6572 (28 nm);Dual-core 1.3 GHz Cortex-A7;Mali-400;microSDHC (dedicated slot);4GB 1GB RAM;8 MP, AF;Yes;VGA;;Wi-Fi 802.11 b/g/n, hotspot;4.0, A2DP;GPS;No;FM radio;microUSB 2.0;Accelerometer, proximity;Li-Ion 1800 mAh, removable;Up to 320 h;Up to 8 h;Black;;LED flash;;;;;;;;;
https://www.gsmarena.com/gigabyte_gsmart_guru-5807.php;https://fdn2.gsmarena.com/vv/bigpic/gigabyte-gsmart-guru.jpg;Gigabyte GSmart Guru;Released 2013, November;;Android 4.2;32GB storage, no card slot;24;N/A;375,142 hits;"5.0""";1080x1920 pixels;2 GB RAM;MT6589T;2500 mAh Li-Ion;GSM 850 / 900 / 1800 / 1900;HSDPA 900 / 2100;HSPA 42.2/5.76 Mbps;2013, October. Released 2013, November;Discontinued;-;-;Yes;IPS LCD;5.0 inches, 68.9 cm;1080 x 1920 pixels, 16:9 ratio (~441 ppi density);Android 4.2 (Jelly Bean);Mediatek MT6589T (28 nm);Quad-core 1.5 GHz Cortex-A7;PowerVR SGX544;No;32GB 2GB RAM;13 MP, AF;Yes;5 MP;;Wi-Fi 802.11 b/g/n, hotspot;4.0, A2DP;GPS;No;FM radio;microUSB 2.0;Accelerometer, proximity, compass;Li-Ion 2500 mAh, removable;Up to 250 h;Up to 10 h 30 min;Black;About 440 EUR;LED flash;;;;;;;;;
https://www.gsmarena.com/gigabyte_gsmart_alto_a2-5809.php;https://fdn2.gsmarena.com/vv/bigpic/gigabyte-gsmart-alto-a2.jpg;Gigabyte GSmart Alto A2;Released 2013, November;;Android 4.2;4GB 1GB RAM storage, microSDHC slot;7;N/A;210,606 hits;"5.0""";480x854 pixels;1 GB RAM;MT6572;2000 mAh Li-Ion;GSM 850 / 900 / 1800 / 1900 - SIM 1 & SIM 2;HSDPA 900 / 2100;HSPA 21.1/5.76 Mbps;2013, October. Released 2013, November;Discontinued;-;-;Dual SIM;TFT;5.0 inches, 68.9 cm;480 x 854 pixels, 16:9 ratio (~196 ppi density);Android 4.2 (Jelly Bean);Mediatek MT6572 (28 nm);Dual-core 1.3 GHz Cortex-A7;Mali-400;microSDHC (dedicated slot);4GB 1GB RAM;5 MP;Yes;VGA;;Wi-Fi 802.11 b/g/n, hotspot;3.0;GPS;No;FM radio;microUSB 2.0;Accelerometer, proximity;Li-Ion 2000 mAh, removable;Up to 150 h;Up to 3 h 30 min;Black, White;;LED flash;;;;;;;;;
https://www.gsmarena.com/gigabyte_gsmart_roma_r2-5808.php;https://fdn2.gsmarena.com/vv/bigpic/gigabyte-gsmart-roma-r2.jpg;Gigabyte GSmart Roma R2;Released 2013, October;;Android 4.2;4GB 1GB RAM storage, microSDHC slot;17;N/A;298,867 hits;"4.0""";480x800 pixels;1 GB RAM;MT6572;1400 mAh Li-Ion;GSM 850 / 900 / 1800 / 1900 - SIM 1 & SIM 2;HSDPA 900 / 2100;HSPA 21.1/5.76 Mbps;2013, October. Released 2013, October;Discontinued;-;-;Dual SIM;IPS LCD;4.0 inches, 45.5 cm;480 x 800 pixels, 5:3 ratio (~233 ppi density);Android 4.2 (Jelly Bean);Mediatek MT6572 (28 nm);Dual-core 1.3 GHz Cortex-A7;Mali-400;microSDHC (dedicated slot);4GB 1GB RAM;5 MP;Yes;VGA;;Wi-Fi 802.11 b/g/n, hotspot;3.0;GPS;No;FM radio;microUSB 2.0;Accelerometer, proximity;Li-Ion 1400 mAh, removable;Up to 220 h;Up to 3 h 30 min;Black, White, Blue, Red;About 140 EUR;LED flash;;;;;;;;;
https://www.gsmarena.com/gigabyte_gsmart_aku_a1-5610.php;https://fdn2.gsmarena.com/vv/bigpic/gigabyte-gsmart-aku-a1.jpg;Gigabyte GSmart Aku A1;Released 2013, July;147.7g, 12.4mm thickness;Android 4.2;4GB 1GB RAM storage, microSDHC slot;31;N/A;280,806 hits;"4.5""";480x854 pixels;1 GB RAM;MT6589;2000 mAh Li-Ion;GSM 850 / 900 / 1800 / 1900 - SIM 1 & SIM 2;HSDPA 900 / 2100;HSPA;2013, July. Released 2013, July;Discontinued;136 x 67 x 12.4 mm (5.35 x 2.64 x 0.49 in);147.7 g (5.19 oz);Dual SIM (Mini-SIM, dual stand-by);TFT;4.5 inches, 55.8 cm(~61.2% screen-to-body ratio);480 x 854 pixels, 16:9 ratio (~218 ppi density);Android 4.2 (Jelly Bean);Mediatek MT6589 (28 nm);Quad-core 1.2 GHz Cortex-A7;PowerVR SGX544;microSDHC (dedicated slot);4GB 1GB RAM;5 MP, AF;Yes;VGA;;Wi-Fi 802.11 b/g/n, hotspot;3.0;GPS;No;FM radio;microUSB 2.0;Accelerometer, proximity;Li-Ion 2000 mAh, removable;Up to 333 h;Up to 5 h;Black, White;About 150 EUR;LED flash;;;;;;;;;
https://www.gsmarena.com/gigabyte_gsmart_tuku_t2-5611.php;https://fdn2.gsmarena.com/vv/bigpic/gigabyte-gsmart-tuku-t2.jpg;Gigabyte GSmart Tuku T2;Released 2013, July;125g, 11.8mm thickness;Android 4.0;4GB 512MB RAM storage, microSDHC slot;7;N/A;184,576 hits;"4.0""";480x800 pixels;512 MB RAM;Snapdragon S4 Play;1500 mAh Li-Ion;GSM 850 / 900 / 1800 / 1900 - SIM 1 & SIM 2;HSDPA 900 / 2100;HSPA;2013, July. Released 2013, July;Discontinued;124 x 63.5 x 11.8 mm (4.88 x 2.5 x 0.46 in);125 g (4.41 oz);Dual SIM (Mini-SIM, dual stand-by);TFT;4.0 inches, 45.5 cm(~57.8% screen-to-body ratio);480 x 800 pixels, 5:3 ratio (~233 ppi density);Android 4.0 (Ice Cream Sandwich);Qualcomm MSM8225 Snapdragon S4 Play;Dual-core 1.0 GHz Cortex-A5;Adreno 203;microSDHC (dedicated slot);4GB 512MB RAM;5 MP, AF;Yes;VGA;;Wi-Fi 802.11 b/g/n, hotspot;3.0;GPS;No;FM radio;microUSB 2.0;Accelerometer, proximity;Li-Ion 1500 mAh, removable;Up to 225 h;Up to 7 h;Black, White, Orange, Blue, Green;;LED flash;;;;;;;;;
https://www.gsmarena.com/gigabyte_gsmart_maya_m1_v2-5551.php;https://fdn2.gsmarena.com/vv/bigpic/Gigabyte-GSmart-Maya-M1-v2-new.jpg;Gigabyte GSmart Maya M1 v2;Released 2013, July;147g, 9.7mm thickness;Android 4.2.1;4GB 1GB RAM storage, microSDHC slot;15;N/A;267,845 hits;"4.5""";540x960 pixels;1 GB RAM;MT6589;1700 mAh Li-Ion;GSM 850 / 900 / 1800 / 1900 - SIM 1 & SIM 2;HSDPA 900 / 2100;HSPA;2013, June. Released 2013, July;Discontinued;136 x 67 x 9.7 mm (5.35 x 2.64 x 0.38 in);147 g (5.19 oz);Dual SIM (Mini-SIM, dual stand-by);IPS LCD;4.5 inches, 55.8 cm(~61.3% screen-to-body ratio);540 x 960 pixels, 16:9 ratio (~245 ppi density);Android 4.2.1 (Jelly Bean);Mediatek MT6589 (28 nm);Quad-core 1.2 GHz Cortex-A7;PowerVR SGX544;microSDHC (dedicated slot);4GB 1GB RAM;8 MP, AF;Yes;2 MP;;Wi-Fi 802.11 b/g/n, hotspot;3.0;GPS;No;FM radio;microUSB 2.0;Accelerometer, proximity, compass;Li-Ion 1700 mAh, removable;Up to 500 h;Up to 4 h 30 min;Gray, White, Red;About 200 EUR;Dual-LED flash;;;;;;;;;
https://www.gsmarena.com/gigabyte_gsmart_sierra_s1-5516.php;https://fdn2.gsmarena.com/vv/bigpic/GSmart-Sierra-new.jpg;Gigabyte GSmart Sierra S1;Released 2013, October;168g, 8.9mm thickness;Android 4.2;4GB 1GB RAM storage, microSDHC slot;8;N/A;233,800 hits;"5.0""";720x1280 pixels;1 GB RAM;MT6589;2000 mAh Li-Ion;GSM 850 / 900 / 1800 / 1900 - SIM 1 & SIM 2;HSDPA 900 / 2100;HSPA 42.2/11.5 Mbps;2013, June. Released 2013, October;Discontinued;145.5 x 72.5 x 8.9 mm (5.73 x 2.85 x 0.35 in);168 g (5.93 oz);Dual SIM (Mini-SIM, dual stand-by);IPS LCD;5.0 inches, 68.9 cm(~65.3% screen-to-body ratio);720 x 1280 pixels, 16:9 ratio (~294 ppi density);Android 4.2 (Jelly Bean);Mediatek MT6589 (28 nm);Quad-core 1.5 GHz Cortex-A7;PowerVR SGX544;microSDHC (dedicated slot);4GB 1GB RAM;13 MP, AF;1080p@30fps;2 MP;720p;Wi-Fi 802.11 b/g/n, hotspot;3.0;GPS;No;FM radio;microUSB 2.0;Accelerometer, proximity, compass;Li-Ion 2000 mAh, removable;Up to 600 h;Up to 4 h 30 min;Black/White;About 220 EUR;LED flash;;;;;;;;;
https://www.gsmarena.com/gigabyte_gsmart_simba_sx1-5515.php;https://fdn2.gsmarena.com/vv/bigpic/GSmart-Simba-new.jpg;Gigabyte GSmart Simba SX1;Released 2013, November;165g, 9.5mm thickness;Android 4.2;4GB 1GB RAM storage, microSDHC slot;3;N/A;183,184 hits;"5.0""";720x1280 pixels;1 GB RAM;Snapdragon 400;1900 mAh Li-Ion;GSM 850 / 900 / 1800 / 1900 - SIM 1 & SIM 2;HSDPA 900 / 2100;HSPA;2013, June. Released 2013, November;Discontinued;144 x 73 x 9.5 mm (5.67 x 2.87 x 0.37 in);165 g (5.82 oz);Dual SIM (Mini-SIM, dual stand-by);IPS LCD;5.0 inches, 68.9 cm(~65.6% screen-to-body ratio);720 x 1280 pixels, 16:9 ratio (~294 ppi density);Android 4.2 (Jelly Bean);Qualcomm MSM8230 Snapdragon 400 (28 nm);Dual-core 1.4 GHz Krait;Adreno 305;microSDHC (dedicated slot);4GB 1GB RAM;13 MP, AF;Yes;2 MP;;Wi-Fi 802.11 b/g/n, hotspot;3.0;GPS;No;FM radio;microUSB 2.0;Accelerometer, proximity, compass;Li-Ion 1900 mAh, removable;;;Black/White;About 260 EUR;LED flash;;;eMMC 4.5;;;;;;
https://www.gsmarena.com/gigabyte_gsmart_maya_m1-5401.php;https://fdn2.gsmarena.com/vv/bigpic/Gigabyte-GSmart-Maya-M1.jpg;Gigabyte GSmart Maya M1;Released 2013, April;150.5g, 9.7mm thickness;Android 4.1;4GB 1GB RAM storage, microSDHC slot;9;N/A;290,984 hits;"4.5""";540x960 pixels;1 GB RAM;MT6577;1700 mAh Li-Ion;GSM 850 / 900 / 1800 / 1900 - SIM 1 & SIM 2;HSDPA;HSPA 7.2/5.76 Mbps;2013, April. Released 2013, April;Discontinued;136 x 67 x 9.7 mm (5.35 x 2.64 x 0.38 in);150.5 g (5.29 oz);Dual SIM (Mini-SIM, dual stand-by);IPS LCD;4.5 inches, 55.8 cm(~61.3% screen-to-body ratio);540 x 960 pixels, 16:9 ratio (~245 ppi density);Android 4.1 (Jelly Bean);Mediatek MT6577 (40 nm);Dual-core 1.0 GHz Cortex-A9;PowerVR SGX531u;microSDHC (dedicated slot);4GB 1GB RAM;8 MP, AF;480p@30fps;2 MP;;Wi-Fi 802.11 b/g/n, hotspot;3.0;GPS;No;FM radio;microUSB 2.0;Accelerometer, proximity, compass;Li-Ion 1700 mAh, removable;Up to 300 h;Up to 4 h;Brown, Brown/White, Brown/Red;About 220 EUR;Dual-LED flash;;;;Yes;Yes;0.75 W/kg (head);;;
https://www.gsmarena.com/gigabyte_gsmart_rio_r1-5400.php;https://fdn2.gsmarena.com/vv/bigpic/Gigabyte-GSmart-Rio-R1.jpg;Gigabyte GSmart Rio R1;Released 2013, April;130.5g, 10.5mm thickness;Android 4.0;4GB 512MB RAM storage, microSDHC slot;9;N/A;223,576 hits;"4.0""";480x800 pixels;512 MB RAM;Snapdragon S4 Play;1500 mAh Li-Ion;GSM 850 / 900 / 1800 / 1900 - SIM 1 & SIM 2;HSDPA;HSPA 7.2/0.384 Mbps;2013, April. Released 2013, April;Discontinued;124.2 x 63.8 x 10.5 mm (4.89 x 2.51 x 0.41 in);130.5 g (4.59 oz);Dual SIM (Mini-SIM, dual stand-by);IPS LCD;4.0 inches, 45.5 cm(~57.5% screen-to-body ratio);480 x 800 pixels, 5:3 ratio (~233 ppi density);Android 4.0 (Ice Cream Sandwich);Qualcomm MSM8225 Snapdragon S4 Play;Dual-core 1.0 GHz Cortex-A5;Adreno 203;microSDHC (dedicated slot);4GB 512MB RAM;5 MP, AF;720p;VGA;;Wi-Fi 802.11 b/g/n, Wi-Fi Direct, hotspot;3.0;GPS;No;No;microUSB 2.0;Accelerometer, proximity;Li-Ion 1500 mAh, removable;Up to 135 h;Up to 5 h;Black, Black/White, Black/Blue, Black/Pink, Black/Yellow;About 150 EUR;LED flash;;;;Yes;Yes;0.58 W/kg (head);;;
https://www.gsmarena.com/gigabyte_gsmart_gs202-5174.php;https://fdn2.gsmarena.com/vv/bigpic/gigabyte-gsmart-gs202.jpg;Gigabyte GSmart GS202;Released 2012, December;147.6g, 10.9mm thickness;Android 4.0;4GB 512MB RAM storage, microSDHC slot;18;N/A;311,875 hits;"4.3""";480x800 pixels;512 MB RAM;MT6577;1500 mAh Li-Ion;GSM 850 / 900 / 1800 / 1900 - SIM 1 & SIM 2;HSDPA 900 / 2100;HSPA 7.2/5.76 Mbps;2012, December. Released 2012, December;Discontinued;130.5 x 66.5 x 10.9 mm (5.14 x 2.62 x 0.43 in);147.6 g (5.19 oz);Dual SIM (Mini-SIM, dual stand-by);IPS LCD;4.3 inches, 52.6 cm(~60.6% screen-to-body ratio);480 x 800 pixels, 5:3 ratio (~217 ppi density);Android 4.0 (Ice Cream Sandwich);Mediatek MT6577 (40 nm);Dual-core 1.0 GHz Cortex-A9;PowerVR SGX531u;microSDHC (dedicated slot);4GB 512MB RAM;5 MP, AF;Yes;VGA;;Wi-Fi 802.11 b/g/n, hotspot;3.0;GPS;No;No;microUSB 2.0;Accelerometer, proximity, compass;Li-Ion 1500 mAh, removable;Up to 200 h;Up to 4 h;White, Brown;About 110 EUR;LED flash;;;;;;0.24 W/kg (head);;;
https://www.gsmarena.com/gigabyte_gsmart_g1362-4935.php;https://fdn2.gsmarena.com/vv/bigpic/gigabyte-gsmart-g1362.jpg;Gigabyte GSmart G1362;Released 2012, September;155g, 11mm thickness;Android 4.0;4GB 512MB RAM storage, microSDHC slot;9;N/A;205,283 hits;"4.3""";480x854 pixels;512 MB RAM;Snapdragon S4 Play;1550 mAh Li-Ion;GSM 850 / 900 / 1800 / 1900 - SIM 1 & SIM 2;HSDPA 900 / 2100 - SIM 1 only;HSPA;2012, August. Released 2012, September;Discontinued;132.5 x 67.7 x 11 mm (5.22 x 2.67 x 0.43 in);155 g (5.47 oz);Dual SIM (Mini-SIM);TFT, 256K colors;4.3 inches, 51.0 cm(~56.8% screen-to-body ratio);480 x 854 pixels, 16:9 ratio (~228 ppi density);Android 4.0 (Ice Cream Sandwich);Qualcomm MSM8225 Snapdragon S4 Play;Dual-core 1.2 GHz Cortex-A5;Adreno 203;microSDHC (dedicated slot);4GB 512MB RAM;5 MP, AF;Yes;VGA;;Wi-Fi 802.11 b/g/n, hotspot;3.0;GPS, A-GPS;;No;microUSB 2.0;Accelerometer, proximity;Removable Li-Ion 1550 mAh battery;Up to 200 h;Up to 4 h 30 min;Gray, White;About 210 EUR;LED flash;;;;;;;MP3/AAC+ playerMP4/H.264 playerDocument viewerPhoto viewer/editorOrganizerVoice memo/dialPredictive text input;;
https://www.gsmarena.com/gigabyte_gsmart_g1355-4547.php;https://fdn2.gsmarena.com/vv/bigpic/gigabyte-g1355.jpg;Gigabyte GSmart G1355;Released 2012, September;168g, 11.5mm thickness;Android 2.3.4;1GB 512MB RAM storage, microSDHC slot;7;N/A;313,758 hits;"4.3""";480x800 pixels;512 MB RAM;Snapdragon S1;1500 mAh Li-Ion;GSM 850 / 900 / 1800 / 1900 - SIM 1 & SIM 2;HSDPA 900 / 2100 - SIM 1 only;HSPA;2012, February. Released 2012, September;Discontinued;129.8 x 69.8 x 11.5 mm (5.11 x 2.75 x 0.45 in);168 g (5.93 oz);Dual SIM (Mini-SIM);TFT, 256K colors;4.3 inches, 52.6 cm(~58.1% screen-to-body ratio);480 x 800 pixels, 5:3 ratio (~217 ppi density);Android 2.3.4 (Gingerbread);Qualcomm MSM7227T Snapdragon S1;800 MHz ARM 11;Adreno 200;microSDHC (dedicated slot);1GB 512MB RAM;5 MP, AF;Yes;No;;Wi-Fi 802.11 b/g/n, hotspot;2.1, A2DP, EDR;GPS, A-GPS;;No;microUSB 2.0;Accelerometer, proximity, compass;Removable Li-Ion 1500 mAh battery;Up to 115 h;Up to 4 h 30 min;Gray;About 190 EUR;LED flash;;;;;;;MP3/AAC+ playerMP4/H.264 playerDocument viewerPhoto viewer/editorOrganizerVoice memo/dialPredictive text input;;
https://www.gsmarena.com/gigabyte_gsmart_g1345-4190.php;https://fdn2.gsmarena.com/vv/bigpic/gigabyte-gsmart-g1345.jpg;Gigabyte GSmart G1345;Released 2011, Q2;123.3g, 13.9mm thickness;Android 2.3;512MB RAM storage, microSDHC slot;9;N/A;262,647 hits;"3.5""";320x480 pixels;512 MB RAM;Snapdragon S1;1500 mAh Li-Ion;GSM 850 / 900 / 1800 / 1900 - SIM 1;HSDPA 900 / 2100 - SIM 1 only;HSPA;2011, Q2;Discontinued;120 x 62.5 x 13.9 mm (4.72 x 2.46 x 0.55 in);123.3 g (4.34 oz);Dual SIM (Mini-SIM, no dual stand-by);TFT, 256K colors;3.5 inches, 36.5 cm(~48.6% screen-to-body ratio);320 x 480 pixels, 3:2 ratio (~165 ppi density);Android 2.3 (Gingerbread);Qualcomm MSM7227T Snapdragon S1;800 MHz ARM 11;Adreno 200;microSDHC (dedicated slot);512MB RAM, 512MB;5 MP, AF;Yes;No;;Wi-Fi 802.11 b/g, hotspot;2.1, A2DP, EDR;GPS, A-GPS;;No;microUSB 2.0;Accelerometer, proximity, compass;Removable Li-Ion 1500 mAh battery;Up to 115 h;Up to 4 h 30 min;Black;;LED flash;;;;;;;MP3/AAC+ playerMP4/H.264 playerDocument viewerPhoto viewer/editorOrganizerVoice memoPredictive text input;;
https://www.gsmarena.com/gigabyte_gsmart_g1342_houston-4637.php;https://fdn2.gsmarena.com/vv/bigpic/huawei-houston-g1342.jpg;Gigabyte GSmart G1342 Houston;Released 2011;120g, 12.5mm thickness;Android 4.0;1GB 512MB RAM storage, microSDHC slot;9;N/A;162,425 hits;"3.5""";320x480 pixels;512 MB RAM;Snapdragon S1;1500 mAh Li-Ion;GSM 850 / 900 / 1800 / 1900 - SIM 1;HSDPA 900 / 2100 - SIM 1 only;HSPA;2011;Discontinued;121 x 62.5 x 12.5 mm (4.76 x 2.46 x 0.49 in);120 g (4.23 oz);Dual SIM (Mini-SIM);TFT, 256K colors;3.5 inches, 36.5 cm(~48.2% screen-to-body ratio);320 x 480 pixels, 3:2 ratio (~165 ppi density);Android 4.0 (Ice Cream Sandwich);Qualcomm MSM7225AA Snapdragon S1;800 MHz Cortex-A5;Adreno 200;microSDHC (dedicated slot);1GB 512MB RAM;3.15 MP;Yes;No;;Wi-Fi 802.11 b/g/n, hotspot;3.0, A2DP, EDR;GPS, A-GPS;;FM radio;microUSB 2.0;Accelerometer, proximity, compass;Removable Li-Ion 1500 mAh battery;Up to 115 h;Up to 4 h 30 min;Black;;;;;;;;;MP3/AAC+ playerMP4/H.264 playerDocument viewerPhoto viewer/editorOrganizerVoice memo/dialPredictive text input;;
https://www.gsmarena.com/gigabyte_gsmart_m3447-3763.php;https://fdn2.gsmarena.com/vv/bigpic/Gigabyte-GSmart-M3447.jpg;Gigabyte GSmart M3447;Released 2011;95g, 13mm thickness;Feature phone;64MB RAM storage, microSDHC slot;7;N/A;201,253 hits;"2.4""";240x320 pixels;64 MB RAM;;900 mAh Li-Ion;GSM 850 / 900 / 1800 / 1900 - SIM 1;HSDPA 2100;HSPA;2011. Released 2011;Discontinued;110 x 59 x 13 mm (4.33 x 2.32 x 0.51 in);95 g (3.35 oz);Dual SIM (Mini-SIM);TFT resistive touchscreen, 65K colors;2.4 inches, 17.8 cm(~27.5% screen-to-body ratio);240 x 320 pixels, 4:3 ratio (~167 ppi density);;;MediaTek MT6268 246 MHz;;microSDHC (dedicated slot);64MB RAM, 128MB ROM;2 MP;Yes;Yes;;No;2.1, A2DP, EDR;No;;No;Proprietary;;Removable Li-Ion 900 mAh battery;Up to 450 h (2G) / Up to 200 h (3G);Up to 4 h 30 min (2G) / Up to 4 h (3G);Black;;;;;;;;;MP3/eAAC+ playerMP4/H.264 playerDocument viewerPhoto viewer/editorOrganizerVoice memoPredictive text input;;
https://www.gsmarena.com/gigabyte_gsmart_g1310-3720.php;https://fdn2.gsmarena.com/vv/bigpic/gigabyte-g1310.jpg;Gigabyte GSmart G1310;Released 2011, July;117g, 12.9mm thickness;Android 2.2;256MB RAM storage, microSDHC slot;8;N/A;322,446 hits;"3.2""";320x480 pixels;256 MB RAM;Snapdragon S1;1260 mAh Li-Po;GSM 850 / 900 / 1800 / 1900 - SIM 1;HSDPA 900 / 2100 - SIM 1 only;HSPA;2011, January. Released 2011, July;Discontinued;113.5 x 60 x 12.9 mm (4.47 x 2.36 x 0.51 in);117 g (4.13 oz);Dual SIM (Mini-SIM);TFT, 256K colors;3.2 inches, 30.5 cm(~44.8% screen-to-body ratio);320 x 480 pixels, 3:2 ratio (~180 ppi density);Android 2.2 (Froyo);Qualcomm MSM7225-1 Snapdragon S1;528 MHz ARM 11;No;microSDHC (dedicated slot);256MB RAM, 512MB;5 MP, AF;Yes;No;;Wi-Fi 802.11 b/g, hotspot;2.1, A2DP, EDR;GPS, A-GPS;;FM radio;microUSB 2.0;Accelerometer, proximity, compass;Removable Li-Po 1260 mAh battery;Up to 255 h;Up to 4 h 40 min;Champagne gold, pearl white;About 10 EUR;;;;;;;;MP3/AAC+ playerMP4/H.264 playerDocument viewerPhoto viewer/editorOrganizerVoice memoPredictive text input;;
https://www.gsmarena.com/gigabyte_gsmart_g1317_rola-3694.php;https://fdn2.gsmarena.com/vv/bigpic/gigabyte-gsmart-rola.jpg;Gigabyte GSmart G1317 Rola;Released 2011, April;116g, 13.3mm thickness;Android 2.2;512MB 256MB RAM storage, microSDHC slot;9;N/A;301,420 hits;"3.2""";240x400 pixels;256 MB RAM;Snapdragon S1;1260 mAh Li-Ion;GSM 850 / 900 / 1800 / 1900 - SIM 1;HSDPA 900 / 2100 - SIM 1 only;HSPA;2010, November. Released 2011, April;Discontinued;113.5 x 60 x 13.3 mm (4.47 x 2.36 x 0.52 in);116 g (4.09 oz);Dual SIM (Mini-SIM, dual stand-by);TFT resistive touchscreen, 16M colors;3.2 inches, 29.1 cm(~42.8% screen-to-body ratio);240 x 400 pixels, 5:3 ratio (~146 ppi density);Android 2.2 (Froyo);Qualcomm MSM7225 Snapdragon S1;528 MHz ARM 11;No;microSDHC (dedicated slot);512MB 256MB RAM;3.15 MP;Yes;No;;Wi-Fi 802.11 b/g, hotspot;2.1, A2DP, EDR;GPS, A-GPS;;Stereo FM radio;microUSB 2.0;Accelerometer, proximity, compass;Removable Li-Ion 1260 mAh battery;Up to 115 h;Up to 6 h 30 min;Glossy Black, Glossy White;About 130 EUR;LED flash;;;;;;;MP3/WAV/WMA/eAAC+ playerMP4/WMV/H.264 playerOrganizerOffice document viewerVoice memoPredictive text input;;
https://www.gsmarena.com/gigabyte_gsmart_g1315_skate-3897.php;https://fdn2.gsmarena.com/vv/bigpic/GSmart-Skate-G1315.jpg;Gigabyte GSmart G1315 Skate;Released 2011, October;118g, 13.3mm thickness;Android 2.2;256MB RAM storage, microSDHC slot;7;N/A;253,552 hits;"3.5""";320x480 pixels;256 MB RAM;Snapdragon S1;1260 mAh Li-Ion;GSM 850 / 900 / 1800 / 1900 - SIM 1;HSDPA 900 / 2100;HSPA;2011. Released 2011, October;Discontinued;113.5 x 61.3 x 13.3 mm (4.47 x 2.41 x 0.52 in);118 g (4.16 oz);Dual SIM (Mini-SIM, dual stand-by);TFT, 256K colors;3.5 inches, 36.5 cm(~52.4% screen-to-body ratio);320 x 480 pixels, 3:2 ratio (~165 ppi density);Android 2.2 (Froyo);Qualcomm MSM7225-1 Snapdragon S1;528 MHz ARM 11;No;microSDHC (dedicated slot);256MB RAM, 512MB;5 MP, AF;Yes;No;;Wi-Fi 802.11 b/g, hotspot;2.1, A2DP;GPS, A-GPS;;Stereo FM radio;microUSB 2.0;Accelerometer, proximity, compass;Removable Li-Ion 1260 mAh battery;Up to 115 h;Up to 6 h 30 min;Black, white;;;;;;;;;MP3/WAV/WMA/eAAC+ playerMP4/WMV/H.264 playerOrganizerOffice document viewerVoice memoPredictive text input;;
https://www.gsmarena.com/gigabyte_gsmart_s1205-3202.php;https://fdn2.gsmarena.com/vv/bigpic/gigabyte-gsmart-s1205.jpg;Gigabyte GSmart S1205;Released 2010, April;114.5, 13.1mm thickness;Microsoft Windows Mobile 6.5 Professional;256MB ROM storage, microSDHC slot;9;N/A;544,575 hits;"3.2""";240x400 pixels;128 MB RAM;;1320 mAh Li-Po;GSM 850 / 900 / 1800 / 1900 - SIM 1;;;2010, March. Released 2010, April;Discontinued;110.6 x 55 x 13.1 mm (4.35 x 2.17 x 0.52 in);114.5 (4.02 oz);Dual SIM (Mini-SIM, dual stand-by);TFT resistive touchscreen, 65K colors;3.2 inches, 29.1 cm(~47.9% screen-to-body ratio);240 x 400 pixels, 5:3 ratio (~146 ppi density);Microsoft Windows Mobile 6.5 Professional;;416 MHz Media Tek MT6516;;microSDHC (dedicated slot);256MB ROM, 128MB RAM;3.15 MP;480p;No;;Wi-Fi 802.11 b/g;2.1, A2DP;GPS, A-GPS;;Stereo FM radio;microUSB 2.0;;Removable Li-Po 1320 mAh battery;Up to 150 h;Up to 4 h;Black;About 150 EUR;;;;;Class 12;Class 10;;MP3/WAV/WMA/eAAC+ playerMP4/WMV/H.264 playerPocket OfficeOrganizerVoice memo/dialPredictive text input;;
https://www.gsmarena.com/gigabyte_gsmart_g1305_boston-3201.php;https://fdn2.gsmarena.com/vv/bigpic/gigabyte-gsmart-g1305-codfish-ofic.jpg;Gigabyte GSmart G1305 Boston;Released 2010, April;118g, 12.4mm thickness;Android 1.6;256MB RAM storage, microSDHC slot;14;N/A;376,237 hits;"3.2""";320x480 pixels;256 MB RAM;Snapdragon S1;1230 mAh Li-Po;GSM 850 / 900 / 1800 / 1900;HSDPA 900 / 1900 / 2100;HSPA 7.2/0.384 Mbps;2010, April. Released 2010, April;Discontinued;116 x 56.8 x 12.4 mm (4.57 x 2.24 x 0.49 in);118 g (4.16 oz);Mini-SIM;TFT, 256K colors;3.2 inches, 30.5 cm(~46.3% screen-to-body ratio);320 x 480 pixels, 3:2 ratio (~180 ppi density);Android 1.6 (Donut);Qualcomm MSM7227 Snapdragon S1;600 MHz ARM 11;Adreno 200;microSDHC (dedicated slot);256MB RAM;5 MP, AF;Yes;;;Wi-Fi 802.11 b/g;2.0, A2DP;GPS, A-GPS;;;2.0;Accelerometer;Removable Li-Po 1230 mAh battery;Up to 410 h;Up to 7 h 10 min;Black, White;About 110 EUR;LED flash;;;;;;;MP3/WAV/eAAC+ playerMP4/H.264 playerDocument viewerPhoto viewer/editorOrganizerVoice memoPredictive text input;;
https://www.gsmarena.com/gigabyte_gsmart_ms802-2879.php;https://fdn2.gsmarena.com/vv/bigpic/gigabyte-gsmart-ms802.jpg;Gigabyte GSmart MS802;Released 2009, Q3;130g, 14.8mm thickness;Microsoft Windows Mobile 6.1 Professional;128MB RAM storage, microSD slot;9;N/A;207,883 hits;"2.8""";240x320 pixels;128 MB RAM;;1300 mAh Li-Po;GSM 900 / 1800 / 1900;HSDPA 2100;HSPA 3.6/0.384 Mbps;2009, June. Released 2009, Q3;Discontinued;117 x 59.8 x 14.8 mm (4.61 x 2.35 x 0.58 in);130 g (4.59 oz);Mini-SIM;TFT resistive touchscreen, 65K colors;2.8 inches, 24.3 cm(~34.7% screen-to-body ratio);240 x 320 pixels, 4:3 ratio (~143 ppi density);Microsoft Windows Mobile 6.1 Professional;;520MHz Marvell PXA270;;microSD (dedicated slot);128MB RAM, 256MB ROM;3.15 MP, AF;Yes;VGA videocall camera;;Wi-Fi 802.11b/g;2.0, A2DP;"GPS, A-GPS; SiRF Star III chipset";;Stereo FM radio, RDS;miniUSB 2.0;;Removable Li-Po 1300 mAh battery;Up to 150 h;Up to 4 h;Iron Gray;;;;;;;;;Pocket OfficeMP3/eAAC+/WMA/WAV/AMR playerWMV/MP4/3gp playerOrganizerBusiness card scannerPredictive text input;;
https://www.gsmarena.com/gigabyte_gsmart_mw702-2880.php;https://fdn2.gsmarena.com/vv/bigpic/gigabyte-gsmart-mw702.jpg;Gigabyte GSmart MW702;Released 2009, Q3;130g, 14.8mm thickness;Microsoft Windows Mobile 6.1 Professional;128MB RAM storage, microSD slot;8;N/A;168,223 hits;"2.8""";240x320 pixels;128 MB RAM;;1300 mAh Li-Po;GSM 900 / 1800 / 1900;;;2009, June. Released 2009, Q3;Discontinued;117 x 59.8 x 14.8 mm (4.61 x 2.35 x 0.58 in);130 g (4.59 oz);Mini-SIM;TFT resistive touchscreen, 65K colors;2.8 inches, 24.3 cm(~34.7% screen-to-body ratio);240 x 320 pixels, 4:3 ratio (~143 ppi density);Microsoft Windows Mobile 6.1 Professional;;520MHz Marvell PXA270;;microSD (dedicated slot);128MB RAM, 256MB ROM;3.15 MP, AF;Yes;No;;Wi-Fi 802.11b/g;2.0, A2DP;"GPS, A-GPS; SiRF Star III chipset";;Stereo FM radio, RDS;miniUSB 2.0;;Removable Li-Po 1300 mAh battery;Up to 150 h;Up to 4 h;Iron Gray;;;;;;Class 12;Yes;;Pocket OfficeMP3/eAAC+/WMA/WAV/AMR playerWMV/MP4/3gp playerOrganizerBusiness card scannerPredictive text input;;
https://www.gsmarena.com/gigabyte_gsmart_s1200-2720.php;https://fdn2.gsmarena.com/vv/bigpic/gigabyte-gsmart-s1200.jpg;Gigabyte GSmart S1200;Released 2009, August;102.5g, 11.4mm thickness;Microsoft Windows Mobile 6.1/6.5 Professional;288MB RAM storage, microSDHC slot;10;N/A;311,054 hits;"3.1""";480x800 pixels;288 MB RAM;MSM7200A;1010 mAh Li-Po;GSM 850 / 900 / 1800 / 1900;HSDPA 900 / 2100;HSPA 7.2/2 Mbps;2009, February. Released 2009, August;Discontinued;106 x 52 x 11.4 mm (4.17 x 2.05 x 0.45 in);102.5 g (3.60 oz);Mini-SIM;TFT resistive touchscreen, 65K colors;3.1 inches, 27.4 cm(~49.6% screen-to-body ratio);480 x 800 pixels, 5:3 ratio (~301 ppi density);Microsoft Windows Mobile 6.1/6.5 Professional;Qualcomm MSM7200A;528 MHz ARM 11;Adreno 130;microSDHC (dedicated slot);288MB RAM, 512MB ROM;3.15 MP, AF;Yes;VGA videocall camera;;Wi-Fi 802.11b/g;2.0, A2DP;"GPS, A-GPS; SiRF Star III chipset";;Stereo FM radio, RDS;miniUSB 2.0;Accelerometer;Removable Li-Po 1010 mAh battery;Up to 150 h;Up to 4 h;Black;;LED flash;;;;;;;Pocket OfficeMP3/еAAC+/WMA/AMR playerWMV/MP4/3gp playerOrganizerТ9;Smart Vision touch UIG-Widget;
https://www.gsmarena.com/gigabyte_gsmart_ms820-2415.php;https://fdn2.gsmarena.com/vv/bigpic/ms820.jpg;Gigabyte GSmart MS820;Released 2009;105g, 14.1mm thickness;Microsoft Windows Mobile 6.1 Professional;128MB RAM storage, microSD slot;9;N/A;257,883 hits;"2.8""";480x640 pixels;128 MB RAM;;1300 mAh Li-Po;GSM 900 / 1800 / 1900;HSDPA 2100;HSPA 7.2/0.384 Mbps;2008, June. Released 2009;Discontinued;116 x 59 x 14.1 mm (4.57 x 2.32 x 0.56 in);105 g (3.70 oz);Mini-SIM;TFT resistive touchscreen, 65K colors;2.8 inches, 24.3 cm(~35.5% screen-to-body ratio);480 x 640 pixels, 4:3 ratio (~286 ppi density);Microsoft Windows Mobile 6.1 Professional;;Marvell PXA270 520MHz;;microSD (dedicated slot);128MB RAM, 256MB ROM;5 MP, AF;Yes;VGA videocall camera;;Wi-Fi 802.11b/g;2.0, A2DP;"GPS, A-GPS; SiRF Star III chipset";;Stereo FM radio, RDS;miniUSB 2.0;Accelerometer;Removable Li-Po 1300 mAh battery;Up to 150 h;Up to 4 h;Dark Gray;About 380 EUR;LED flash;;;;;;;Pocket OfficeMP3/eAAC+/WMA/WAV/AMR playerWMV/MP4/3gp playerOrganizerBusiness card scannerPredictive text input;;
https://www.gsmarena.com/gigabyte_gsmart_ms800-2414.php;https://fdn2.gsmarena.com/vv/bigpic/ms800.jpg;Gigabyte GSmart MS800;Released 2008, September;133g, 15mm thickness;Microsoft Windows Mobile 6.0 Professional;64MB RAM storage, microSD slot;8;N/A;142,838 hits;"2.8""";240x320 pixels;64 MB RAM;;1300 mAh Li-Po;GSM 900 / 1800 / 1900;HSDPA 2100;HSPA 3.6/0.384 Mbps;2008, February. Released 2008, September;Discontinued;116 x 59 x 15 mm (4.57 x 2.32 x 0.59 in);133 g (4.69 oz);Mini-SIM;TFT resistive touchscreen, 65K colors;2.8 inches, 24.3 cm(~35.5% screen-to-body ratio);240 x 320 pixels, 4:3 ratio (~143 ppi density);Microsoft Windows Mobile 6.0 Professional;;Marvell PXA270 520MHz;;microSD (dedicated slot);64MB RAM, 256MB ROM;2 MP;Yes;VGA videocall camera;;Wi-Fi 802.11b/g;2.0, A2DP;"GPS, A-GPS; SiRF Star III chipset";;Stereo FM radio, RDS;miniUSB 1.1;;Removable Li-Po 1300 mAh battery;Up to 150 h;Up to 4 h;Black;About 360 EUR;;;;;;;;Pocket OfficeMP3/eAAC+/WMA/WAV/AMR playerWMV/MP4/3gp playerOrganizerBusiness card scannerPredictive text input;;
https://www.gsmarena.com/gigabyte_gsmart_mw998-2327.php;https://fdn2.gsmarena.com/vv/bigpic/gsmart_mw998.jpg;Gigabyte GSmart MW998;Released 2008;140g, 18.5mm thickness;Microsoft Windows Mobile 6.0 Professional;64MB RAM storage, microSD slot;10;N/A;149,006 hits;"2.6""";480x640 pixels;64 MB RAM;;1300 mAh Li-Ion;GSM 850 / 900 / 1800 / 1900;;;2008, February. Released 2008;Discontinued;110.5 x 55.5 x 18.5 mm (4.35 x 2.19 x 0.73 in);140 g (4.94 oz);Mini-SIM;TFT resistive touchscreen, 256K colors (65K effective);2.6 inches, 20.9 cm(~34.1% screen-to-body ratio);480 x 640 pixels, 4:3 ratio (~308 ppi density);Microsoft Windows Mobile 6.0 Professional;;Marvell PXA270 520MHz;;microSD (dedicated slot);64MB RAM, 256MB ROM;2 MP, AF;Yes;No;;Wi-Fi 802.11b/g;2.0;No;;No;miniUSB 1.1;;Removable Li-Ion 1300 mAh battery;Up to 150 h;Up to 4 h;Black;;;;;;Class 10;No;;Pocket OfficeMP3/AAC/AAC+/WMA/OGG/AMR playerWMV/MP4 playerOrganizer;;
https://www.gsmarena.com/gigabyte_gsmart_mw700-2326.php;https://fdn2.gsmarena.com/vv/bigpic/gsmart-mw700.jpg;Gigabyte GSmart MW700;Released 2008;133g, 15mm thickness;Microsoft Windows Mobile 6.0 Professional;64MB RAM storage, microSD slot;9;N/A;144,250 hits;"2.8""";240x320 pixels;64 MB RAM;;1300 mAh Li-Po;GSM 900 / 1800 / 1900;;;2008, February. Released 2008;Discontinued;116 x 59 x 15 mm (4.57 x 2.32 x 0.59 in);133 g (4.69 oz);Mini-SIM;TFT resistive touchscreen, 65K colors;2.8 inches, 24.3 cm(~35.5% screen-to-body ratio);240 x 320 pixels, 4:3 ratio (~143 ppi density);Microsoft Windows Mobile 6.0 Professional;;Marvell PXA270 520MHz;;microSD (dedicated slot);64MB RAM, 256MB ROM;2 MP, AF;Yes;No;;Wi-Fi 802.11b/g;2.0, A2DP;"GPS, A-GPS; SiRF Star III chipset";;Stereo FM radio, RDS;miniUSB 1.1;;Removable Li-Po 1300 mAh battery;Up to 150 h;Up to 4 h;White Light;;;;;;Class 12;Class 10;;Pocket OfficeMP3/eAAC+/WMA/WAV/AMR playerWMV/MP4/3gp playerOrganizerBusiness card scannerPredictive text input;;
https://www.gsmarena.com/gigabyte_gsmart-3094.php;https://fdn2.gsmarena.com/vv/bigpic/Gigabyte-GSmart.jpg;Gigabyte GSmart;Cancelled;13.4mm thickness;Android 1.6;256MB RAM storage, microSDHC slot;7;N/A;105,961 hits;"2.8""";240x320 pixels;256 MB RAM;Snapdragon S1;1500 mAh Li-Ion;GSM 900 / 1800;HSDPA 900 / 2100;HSPA 7.2/0.384 Mbps;Not officially announced yet;Cancelled;103 x 54 x 13.4 mm (4.06 x 2.13 x 0.53 in);-;Mini-SIM;TFT, 256K colors;2.8 inches, 24.3 cm(~43.7% screen-to-body ratio);240 x 320 pixels, 4:3 ratio (~143 ppi density);Android 1.6 (Donut);Qualcomm MSM7225 Snapdragon S1;528 MHz ARM 11;No;microSDHC (dedicated slot);256MB RAM, 512MB;2 MP, AF;Yes;;;Wi-Fi 802.11 b/g;2.0, A2DP;GPS, A-GPS;;;Proprietary;Accelerometer;Removable Li-Ion 1500 mAh battery;;;Black;;;;;;;;;Dedicated search keyMP3/eAAC+/WAV/WMA9 playerMP4/H.264/WMV9 playerPhoto editorOrganizerVoice memoPredictive text input;;Trackball
https://www.gsmarena.com/gigabyte_gsmart_i350-2072.php;https://fdn2.gsmarena.com/vv/bigpic/gigabyte-i350.gif;Gigabyte GSmart i350;Released 2008, December;130g, 18mm thickness;Microsoft Windows Mobile 6.0 Professional;256MB 64MB RAM storage, miniSD slot;11;N/A;206,935 hits;"2.6""";480x640 pixels;64 MB RAM;;1300 mAh Li-Ion;GSM 850 / 900 / 1800 / 1900;;;2007, June. Released 2008, December;Discontinued;110 x 54 x 18 mm (4.33 x 2.13 x 0.71 in);130 g (4.59 oz);Mini-SIM;TFT resistive touchscreen, 256K colors (65K effective);2.6 inches, 20.9 cm(~35.2% screen-to-body ratio);480 x 640 pixels, 4:3 ratio (~308 ppi density);Microsoft Windows Mobile 6.0 Professional;;Intel XScale PXA270 520 MHz;;miniSD, SDHC;256MB 64MB RAM;2 MP, AF;Yes;No;;Wi-Fi 802.11b/g;2.0;GPS, SiRF Star III chipset;;No;miniUSB 2.0;;Removable Li-Ion 1300 mAh battery;Up to 160 h;;Black, White;;LED flash;;;;Class 12;No;;Pocket OfficeMP3/AAC/AAC+/WMA/OGG/AMR playerWMV/MP4 playerJavaOrganizer;;
https://www.gsmarena.com/gigabyte_gsmart_q60-1918.php;https://fdn2.gsmarena.com/vv/bigpic/gigabyte-q60.gif;Gigabyte GSmart q60;Cancelled;14mm thickness;Microsoft Windows Mobile 6 Professional;96MB RAM storage, microSD slot;10;N/A;269,250 hits;"2.5""";320x240 pixels;96 MB RAM;;;GSM 900 / 1800 / 1900;HSDPA 2100;HSPA;2007, February;Cancelled;111 x 64 x 14 mm (4.37 x 2.52 x 0.55 in);;Mini-SIM;TFT resistive touchscreen, 256K colors (65K effective);2.5 inches, 19.4 cm(~27.2% screen-to-body ratio);320 x 240 pixels, 4:3 ratio (~160 ppi density);Microsoft Windows Mobile 6 Professional;;Intel XScale PXA270 520MHz;;microSD (dedicated slot);96MB RAM, 256MB ROM;2 MP, AF;Yes;VGA videocall camera;;No;2.0;No;;No;miniUSB 2.0;;Removable Li-Ion battery;;;Silver;;LED flash;;;Intel XScale PXA270, 520MHz;;;;Pocket OfficeMP3/AAC/AAC+/WMA/OGG/AMR playerWMV/MP4 playerOrganizer;;
https://www.gsmarena.com/gigabyte_gsmart_t600-1917.php;https://fdn2.gsmarena.com/vv/bigpic/gigabyte-t600.gif;Gigabyte GSmart t600;Released 2007, February;140g, 18.5mm thickness;Microsoft Windows Mobile 6 Professional;153MB 64MB RAM 256MB ROM storage, microSD slot;13;N/A;211,733 hits;"2.6""";480x640 pixels;64 MB RAM;;1300 mAh Li-Ion;GSM 850 / 900 / 1800 / 1900;;;2007, February;Discontinued;110 x 55.5 x 18.5 mm (4.33 x 2.19 x 0.73 in);140 g (4.94 oz);Mini-SIM;TFT resistive touchscreen, 65K colors;2.6 inches, 20.9 cm(~34.3% screen-to-body ratio);480 x 640 pixels, 4:3 ratio (~308 ppi density);Microsoft Windows Mobile 6 Professional;;Intel XScale PXA270 520MHz;;microSD (dedicated slot);153MB 64MB RAM 256MB ROM;2 MP, AF;320p;No;;Wi-Fi 802.11b/g;2.0;No;;T-DMB radio;miniUSB 2.0;;Removable Li-Ion 1300 mAh battery;Up to 150 h;Up to 3 h;White;;LED flash;;;Intel XScale PXA270, 520MHz;Class 10;No;;DVB-H/T TV broadcast receiverPocket OfficeMP3/AAC/AAC+/WMA/OGG/AMR playerWMV/MP4 playerT-DMB radioOrganizer;;
https://www.gsmarena.com/gigabyte_gsmart_i300-1817.php;https://fdn2.gsmarena.com/vv/bigpic/gigabyte-i300.gif;Gigabyte GSmart i300;Released 2006, Q2;116g, 19mm thickness;Microsoft Windows Mobile 5.0 for …;64MB RAM storage, miniSD slot;10;N/A;204,356 hits;"2.4""";240x320 pixels;64 MB RAM;;920 mAh Li-Ion;GSM 900 / 1800 / 1900;;;2006, Q2;Discontinued;102.5 x 51.5 x 19 mm (4.04 x 2.03 x 0.75 in);116 g (4.09 oz);Mini-SIM;TFT resistive touchscreen, 256K colors (65K effective);2.4 inches, 17.8 cm(~33.8% screen-to-body ratio);240 x 320 pixels, 4:3 ratio (~167 ppi density);Microsoft Windows Mobile 5.0 for PocketPC Phone Edition(AKU2);;Intel XScale PXA272 520MHz;;miniSD;64MB RAM, 256MB ROM;2.1 MP, AF;Yes;No;;Wi-Fi 802.11b/g;2.0;GPS, SiRF Star III chipset;;No;miniUSB 2.0;;Removable Li-Ion 920 mAh battery;Up to 110 h;Up to 3 h;Silver;About 300 EUR;LED flash;;;Intel XScale PXA272, 520MHz;Class 10;No;;Pocket OfficeMP3/AAC/AAC+/WMA/OGG/AMR playerWMV/MP4 playerOrganizer;;
https://www.gsmarena.com/gigabyte_gsmart_i120-1795.php;https://fdn2.gsmarena.com/vv/bigpic/gigabyte-g-smarti120.gif;Gigabyte GSmart i120;Released 2006, December;130g, 19.8mm thickness;Microsoft Windows Mobile 5.0 for …;64MB RAM storage, miniSD slot;11;N/A;291,640 hits;"2.4""";240x320 pixels;64 MB RAM;;1300 mAh Li-Ion;GSM 900 / 1800 / 1900;;;2006, December;Discontinued;106.6 x 53.2 x 19.8 mm (4.20 x 2.09 x 0.78 in);130 g (4.59 oz);Mini-SIM;TFT resistive touchscreen, 256K colors (65K effective);2.4 inches, 17.8 cm(~31.5% screen-to-body ratio);240 x 320 pixels, 4:3 ratio (~167 ppi density);Microsoft Windows Mobile 5.0 for PocketPC Phone Edition(AKU3.3);;Intel PXA272 416 MHz;;miniSD;64MB RAM, 256MB ROM;2 MP;Yes;No;;Wi-Fi 802.11 b/g;1.2;No;;FM radio;miniUSB 1.1;;Removable Li-Ion 920/1300 mAh battery;Up to 125 h;Up to 3.5 h;Silver-black;About 320 EUR;LED flash;;;;Class 10;No;;Analog TV tuner (NTSC/PAL/Secam)Pocket OfficeMP3/AAC/AAC+/WMA/OGG/AMR playerWMV/MP4 playerWise TalkSmart InputAudio MixerZIP ToolOrganizer;;
https://www.gsmarena.com/gigabyte_gsmart_2005-1760.php;https://fdn2.gsmarena.com/vv/bigpic/gigabyte-g-smart.gif;Gigabyte GSmart 2005;Released 2005;153g, 24mm thickness;Microsoft Windows Mobile 5.0 for …;64MB RAM storage, miniSD slot;9;N/A;180,465 hits;"2.4""";240x320 pixels;64 MB RAM;;840 mAh Li-Ion;GSM 900 / 1800 / 1900;;;2005;Discontinued;109 x 53.5 x 24 mm (4.29 x 2.11 x 0.94 in);153 g (5.40 oz);Mini-SIM;TFT resistive touchscreen, 256K colors (65K effective);2.4 inches, 17.8 cm(~30.6% screen-to-body ratio);240 x 320 pixels, 4:3 ratio (~167 ppi density);Microsoft Windows Mobile 5.0 for PocketPC Phone Edition(AKU2);;Intel PXA272 416 MHz;;miniSD;64MB RAM, 64MB ROM;2.1 MP;Yes;No;;Wi-Fi 802.11b;1.2;No;;FM radio;miniUSB 1.1;;Removable Li-Ion 840 mAh battery;Up to 110 h;Up to 3 h;Black;About 170 EUR;LED flash;;;;Class 10;No;;TV-receiver: NTSC/PAL3D mapsVoice navigation systemMP3/MP4 playerOrganizer;;
https://www.gsmarena.com/gigabyte_gsmart_i-1759.php;https://fdn2.gsmarena.com/vv/bigpic/gigabyte-g-smarti.gif;Gigabyte GSmart i;Released 2005;130g, 19.5mm thickness;Microsoft Windows Mobile 5.0 for …;64MB RAM storage, miniSD slot;9;N/A;213,999 hits;"2.4""";240x320 pixels;64 MB RAM;;1300 mAh Li-Ion;GSM 900 / 1800 / 1900;;;2005;Discontinued;106.2 x 53 x 19.5 mm (4.18 x 2.09 x 0.77 in);130 g (4.59 oz);Mini-SIM;TFT resistive touchscreen, 256K colors (65K effective);2.4 inches, 17.8 cm(~31.7% screen-to-body ratio);240 x 320 pixels, 4:3 ratio (~167 ppi density);Microsoft Windows Mobile 5.0 for PocketPC Phone Edition(AKU2);;Intel PXA272 416 MHz;;miniSD;64MB RAM, 64MB ROM;2.1 MP;Yes;No;;Wi-Fi 802.11b;1.2;No;;FM radio;miniUSB 1.1;;Removable Li-Ion 920/1300 mAh battery;Up to 170 h;Up to 3 h 30 min;Silver;About 190 EUR;LED flash;;;;Class 10;No;;TV-receiver: NTSC/PALPocket GhostZip ToolMP3/MP4 playerOrganizer;;
https://www.gsmarena.com/gigabyte_gsmart_i_(128)-1758.php;https://fdn2.gsmarena.com/vv/bigpic/gigabyte-g-smarti128.gif;Gigabyte GSmart i (128);Released 2005;130g, 19.8mm thickness;Microsoft Windows Mobile 5.0 for …;64MB RAM storage, miniSD slot;10;N/A;194,525 hits;"2.4""";240x320 pixels;64 MB RAM;;1300 mAh Li-Ion;GSM 900 / 1800 / 1900;;;2005;Discontinued;106.6 x 53.2 x 19.8 mm (4.20 x 2.09 x 0.78 in);130 g (4.59 oz);Mini-SIM;TFT resistive touchscreen, 256K colors (65K effective);2.4 inches, 17.8 cm(~31.5% screen-to-body ratio);240 x 320 pixels, 4:3 ratio (~167 ppi density);Microsoft Windows Mobile 5.0 for PocketPC Phone Edition(AKU2);;Intel PXA272 416 MHz;;miniSD;64MB RAM, 128MB ROM;2 MP;Yes;No;;Wi-Fi 802.11 b/g;1.2;No;;FM radio;miniUSB 1.1;;Removable Li-Ion 920/1300 mAh battery;Up to 125 h;Up to 3 h 30 min;Silver;About 270 EUR;LED flash;;;;Class 10;No;;Analog TV tuner (NTSC/PAL/Secam)Pocket OfficeWindows MPlayer 10OrganizerVoice memo;;
https://www.gsmarena.com/gigabyte_g_yoyo-1755.php;https://fdn2.gsmarena.com/vv/bigpic/gigabyte-g-yoyo.gif;Gigabyte g-YoYo;Released 2006;105g, 19.8mm thickness;Feature phone;64MB storage, miniSD slot;6;N/A;150,537 hits;"2.0""";176x220 pixels; ;;1050 mAh Li-Ion;GSM 900 / 1800 / 1900;;;2006;Discontinued;99.7 x 48.5 x 19.8 mm (3.93 x 1.91 x 0.78 in);105g (3.70 oz);Mini-SIM;TFT resistive touchscreen, 256K colors;2.0 inches, 12.6 cm(~26.0% screen-to-body ratio);176 x 220 pixels (~141 ppi density);;;;;miniSD;64MB;2 MP;Yes;No;;No;No;GPS;;No;No;;Removable Li-Ion 1050 mAh battery;Up to 300 h;Up to 5 h;Silver;;;;;;Class 10;No;;GPS ApplicationsMP3/MP4 playerOrganizer;;
https://www.gsmarena.com/gigabyte_g_cam-1753.php;https://fdn2.gsmarena.com/vv/bigpic/gigabyte-g-cam.gif;Gigabyte g-Cam;Released 2005;113g, 24.1mm thickness;Feature phone;miniSD slot;8;N/A;189,256 hits;"2.0""";176x220 pixels; ;;700 mAh Li-Ion;GSM 900 / 1800 / 1900;;;2005;Discontinued;105 x 46 x 24.1 mm (4.13 x 1.81 x 0.95 in);113g (3.99 oz);Mini-SIM;TFT resistive touchscreen, 256K colors;2.0 inches, 12.6 cm(~26.1% screen-to-body ratio);176 x 220 pixels (~141 ppi density);;;;;miniSD;;5 MP, AF;Yes;No;;No;No;No;;No;Proprietary;;Removable Li-Ion 700 mAh battery;Up to 200 h;Up to 3 h;Silver;;xenon flash;;;;Class 10;No;;MP3/MP4 playerPersonal Yellow PageText to speechTv-outPC SyncPictBridge photo plug-and-printOrganizer;- Dual display (half and full-screen);
https://www.gsmarena.com/gigabyte_barbie-1752.php;https://fdn2.gsmarena.com/vv/bigpic/gigabyte-barbie.gif;Gigabyte Barbie;Released 2005, December;106g, 25.6mm thickness;Feature phone;miniSD slot;7;N/A;190,069 hits;"2.0""";176x220 pixels; ;;700 mAh Li-Ion;GSM 900 / 1800 / 1900;;;2005, December;Discontinued;96.7 x 54 x 25.6 mm (3.81 x 2.13 x 1.01 in);106 g (3.74 oz);Mini-SIM;TFT, 260K colors;2.0 inches, 12.6 cm(~24.1% screen-to-body ratio);176 x 220 pixels (~141 ppi density);;;;;miniSD;;1 MP;Yes;No;;No;No;No;;No;No;;Removable Li-Ion 700 mAh battery;Up to 240 h;Up to 5 h;Blue, Pink, Orange;;;;;;Class 10;No;;BMI calculatorFood calorie indexMP3/MP4 playerOrganizer;;
https://www.gsmarena.com/gigabyte_g_re_(b)-1751.php;https://fdn2.gsmarena.com/vv/bigpic/gigabyte-g-re.gif;Gigabyte g-re (b);Released 2005;106g, 25.6mm thickness;Feature phone;miniSD slot;8;N/A;100,465 hits;"2.0""";176x220 pixels; ;;700 mAh Li-Ion;GSM 900 / 1800 / 1900;;;2005;Discontinued;96.7 x 54 x 25.6 mm (3.81 x 2.13 x 1.01 in);106 g (3.74 oz);Mini-SIM;TFT, 2.6M colors;2.0 inches, 12.6 cm(~24.1% screen-to-body ratio);176 x 220 pixels (~141 ppi density);;;;;miniSD;;1.3 MP;Yes;No;;No;No;No;;No;No;;Removable Li-Ion 700 mAh battery;Up to 240 h;Up to 5 h;Hippy Orange, Hip-Hop Blue;;;;;;Class 10;No;;MP3/MP4 player3-axis motion sensorOrganizer;;
https://www.gsmarena.com/gigabyte_g_re_(o)-1750.php;https://fdn2.gsmarena.com/vv/bigpic/gigabyte-g-re.gif;Gigabyte g-re (o);Released 2005;106g, 25.6mm thickness;Feature phone;miniSD slot;6;N/A;163,762 hits;"2.0""";176x220 pixels; ;;700 mAh Li-Ion;GSM 900 / 1800 / 1900;;;2005;Discontinued;96.7 x 54 x 25.6 mm (3.81 x 2.13 x 1.01 in);106 g (3.74 oz);Mini-SIM;TFT, 2.6M colors;2.0 inches, 12.6 cm(~24.1% screen-to-body ratio);176 x 220 pixels (~141 ppi density);;;;;miniSD;;1.3 MP;Yes;No;;No;No;No;;No;No;;Removable Li-Ion 700 mAh battery;Up to 240 h;Up to 5 h;Hippy Orange, Hip-Hop Blue;;;;;;Class 10;No;;MP3/MP4 player3-axis motion sensorOrganizer;;
https://www.gsmarena.com/gigabyte_snoopy-1749.php;https://fdn2.gsmarena.com/vv/bigpic/gigabyte-snoopy.gif;Gigabyte Snoopy;Released 2005;106g, 25.6mm thickness;Feature phone;miniSD slot;6;N/A;157,976 hits;"2.0""";176x220 pixels; ;;700 mAh Li-Ion;GSM 900 / 1800 / 1900;;;2005;Discontinued;96.7 x 54 x 25.6 mm (3.81 x 2.13 x 1.01 in);106 g (3.74 oz);Mini-SIM;TFT, 2.6M colors;2.0 inches, 12.6 cm(~24.1% screen-to-body ratio);176 x 220 pixels (~141 ppi density);;;;;miniSD;;1 MP;Yes;No;;No;No;No;;No;No;;Removable Li-Ion 700 mAh battery;Up to 240 h;Up to 5 h;White;;;;;;Class 10;No;;MP3/MP4 playerOrganizer;;
https://www.gsmarena.com/gigabyte_keroro-1754.php;https://fdn2.gsmarena.com/vv/bigpic/gigabyte-keroro.gif;Gigabyte Keroro;Released 2005;106g, 25.6mm thickness;Feature phone;miniSD slot;6;N/A;152,193 hits;"2.0""";176x220 pixels; ;;700 mAh Li-Ion;GSM 900 / 1800 / 1900;;;2005;Discontinued;96.7 x 54 x 25.6 mm (3.81 x 2.13 x 1.01 in);106 g (3.74 oz);Mini-SIM;TFT, 2.6M colors;2.0 inches, 12.6 cm(~24.1% screen-to-body ratio);176 x 220 pixels (~141 ppi density);;;;;miniSD;;1.3 MP;Yes;No;;No;No;No;;No;No;;Removable Li-Ion 700 mAh battery;Up to 240 h;Up to 5 h;White;;;;;;Class 10;No;;MP3/MP4 playerEnglish TutorLunar and solar calendarCalorie CalculatorOrganizer;;
https://www.gsmarena.com/gigabyte_doraemon-1748.php;https://fdn2.gsmarena.com/vv/bigpic/gigabyte-doraemon.gif;Gigabyte Doraemon;Released 2005;106g, 25.6mm thickness;Feature phone;miniSD slot;7;N/A;169,630 hits;"2.0""";176x220 pixels; ;;700 mAh Li-Ion;GSM 900 / 1800 / 1900;;;2005;Discontinued;96.7 x 54 x 25.6 mm (3.81 x 2.13 x 1.01 in);106 g (3.74 oz);Mini-SIM;TFT, 2.6M colors;2.0 inches, 12.6 cm(~24.1% screen-to-body ratio);176 x 220 pixels (~141 ppi density);;;;;miniSD;;1 MP;Yes;No;;No;No;No;;No;No;;Removable Li-Ion 700 mAh battery;Up to 240 h;Up to 5 h;Black;;;;;;Class 10;No;;MP3/MP4 playerOrganizer;;
https://www.gsmarena.com/gigabyte_g_x5-1747.php;https://fdn2.gsmarena.com/vv/bigpic/gigabyte-g-x5.gif;Gigabyte g-X5;Released 2005, September;106g, 25.6mm thickness;Feature phone;miniSD slot;6;N/A;148,672 hits;"2.0""";176x220 pixels; ;;700 mAh Li-Ion;GSM 900 / 1800 / 1900;;;2005, September;Discontinued;96.7 x 54 x 25.6 mm (3.81 x 2.13 x 1.01 in);106 g (3.74 oz);Mini-SIM;TFT, 2.6M colors;2.0 inches, 12.6 cm(~24.1% screen-to-body ratio);176 x 220 pixels (~141 ppi density);;;;;miniSD;;1 MP;Yes;No;;No;No;No;;No;No;;Removable Li-Ion 700 mAh battery;Up to 240 h;Up to 5 h;Black;;;;;;Class 10;No;;E-mapBuilt-in 3 axis sensorMP3/MP4 playerOrganizer;;
