Link;Image;Name;Release date;Weight;OS;Storage;Fans;Popularity;Hits;Screen_size;Screen_resolution;RAM;SOC;net2g;gprstext;edge;year;status;dimensions;weight;sim;bodyother;displaytype;displaysize;displayresolution;chipset;memoryslot;internalmemory;cam1modules;cam1video;cam2modules;wlan;bluetooth;gps;nfc;radio;usb;sensors;featuresother;batdescription1;colors;Battery;net3g;net4g;speed;displayprotection;os;cpu;gpu;cam1features;cam2features;cam2video;memoryother;build;sar-eu;price;displayother;batstandby1;battalktime1
https://www.gsmarena.com/haier_c300-9170.php;https://fdn2.gsmarena.com/vv/bigpic/haier-c300.jpg;Haier C300;Released 2018, May;80g, 17.9mm thickness;Feature phone;32MB ROM storage, microSDHC slot;0;N/A;56,397 hits;"1.77""";128x160 pixels;32 MB RAM;MT6261D;GSM 850 / 900 / 1800 / 1900 - SIM 1 & SIM 2;Yes;No;2018, May. Released 2018, May;Discontinued;97.4 x 47.9 x 17.9 mm (3.83 x 1.89 x 0.70 in);80 g (2.82 oz);Dual SIM;Flashlight;TFT, 65K colors;1.77 inches, 9.9 cm(~21.1% screen-to-body ratio);128 x 160 pixels (~116 ppi density);Mediatek MT6261D;microSDHC;32MB ROM, 32MB RAM;2 MP;Yes;No;No;Yes;No;No;FM radio;microUSB;;Audio playerPhoto viewer;Li-Ion, removable;Black, Gold;;;;;;;;;;;;;;;;;;
https://www.gsmarena.com/haier_hurricane-9169.php;https://fdn2.gsmarena.com/vv/bigpic/haier-hurricane.jpg;Haier Hurricane;Released 2018, January;145g, 8.3mm thickness;Android 7.0;16GB storage, microSDXC;4;0.1%;125,672 hits;"5.7""";720x1440 pixels;2 GB RAM;MT6753;GSM 850 / 900 / 1800 / 1900 - SIM 1 & SIM 2;;;2018, January;Available. Released 2018, January;151.5 x 72.5 x 8.3 mm (5.96 x 2.85 x 0.33 in);145 g (5.11 oz);Dual SIM (Nano-SIM, dual stand-by);;IPS LCD;5.7 inches, 83.8 cm(~76.3% screen-to-body ratio);720 x 1440 pixels, 18:9 ratio (~282 ppi density);Mediatek MT6753 (28 nm);microSDXC (dedicated slot);16GB 2GB RAM;13 MP, f/2.0, 1.12 µm, PDAF;1080p@30fps;"8 MP, f/2.0, 1/4"", no AF";Wi-Fi 802.11 b/g/n, Wi-Fi Direct;4.2, A2DP, LE;GPS, GLONASS;No;FM radio;microUSB 2.0;Fingerprint (rear-mounted), accelerometer, proximity;;Li-Ion 3300 mAh, non-removable;Black, Blue, Red, Green;3300 mAh Li-Ion;HSDPA 850 / 900 / 1900 / 2100;1, 3, 5, 7, 8, 20, 40, 41;HSPA 42.2/11.5 Mbps, LTE-A (2CA) Cat6 300/50 Mbps;Asahi Dragontrail Glass;Android 7.0 (Nougat);Octa-core 1.3 GHz Cortex-A53;Mali-T720MP3;LED flash, HDR, panorama;LED flash;;;;;;;;
https://www.gsmarena.com/haier_g8-9057.php;https://fdn2.gsmarena.com/vv/bigpic/haier-g8.jpg;Haier G8;Released 2018, April;135g, 8.5mm thickness;Android 7.0;16GB storage, microSDXC;2;N/A;63,586 hits;"5.0""";720x1280 pixels;1 GB RAM;MT6737;GSM 850 / 900 / 1800 / 1900 - SIM 1 & SIM 2;;;Not announced yet;Available. Released 2018, April;142.8 x 70.7 x 8.5 mm (5.62 x 2.78 x 0.33 in);135 g (4.76 oz);Dual SIM (Micro-SIM, dual stand-by);;IPS LCD;5.0 inches, 68.9 cm(~68.3% screen-to-body ratio);720 x 1280 pixels, 16:9 ratio (~294 ppi density);Mediatek MT6737 (28 nm);microSDXC (dedicated slot);16GB 1GB RAM;"8 MP, f/2.0, 1/4.0"", 1.12µm, AF";720p@30fps;"8 MP, f/2.0, 1/4"", 1.12µm";Wi-Fi 802.11 b/g/n, Wi-Fi Direct;4.2, A2DP, LE;GPS;No;FM radio;microUSB 2.0;Accelerometer, proximity;;Li-Ion 2500 mAh, removable;Black, White, Blue;2500 mAh Li-Ion;HSDPA 900 / 2100;1, 3, 5, 7, 8, 20, 40;HSPA 42.2/11.5 Mbps, LTE Cat4 150/50 Mbps;Asahi Dragontrail Glass;Android 7.0 (Nougat);Quad-core 1.25 GHz Cortex-A53;Mali-T720MP1;LED flash, HDR, panorama;LED flash;;eMMC 5.0;;;;;;
https://www.gsmarena.com/haier_l8-9055.php;https://fdn2.gsmarena.com/vv/bigpic/haier-l8.jpg;Haier L8;Released 2018, April;140g, 8.4mm thickness;Android 7.1;32GB storage, microSDXC;9;N/A;91,140 hits;"5.99""";1080x2160 pixels;3 GB RAM;Snapdragon 450;GSM 850 / 900 / 1800 / 1900 - SIM 1 & SIM 2;;;2018, March;Available. Released 2018, April;160 x 76 x 8.4 mm (6.30 x 2.99 x 0.33 in);140 g (4.94 oz);Dual SIM (Nano-SIM, dual stand-by);;IPS LCD;5.99 inches, 92.6 cm(~76.1% screen-to-body ratio);1080 x 2160 pixels, 18:9 ratio (~403 ppi density);Qualcomm SDM450 Snapdragon 450 (14 nm);microSDXC (dedicated slot);32GB 3GB RAM;12 MP, PDAF2 MP, (depth);1080p@30fps;"8 MP, f/2.0, 1/4"", 1.12µm";Wi-Fi 802.11 b/g/n, Wi-Fi Direct;4.2, A2DP, LE;GPS, GLONASS;No;FM radio;USB Type-C 2.0;Fingerprint (rear-mounted), accelerometer, gyro, proximity, compass;;Li-Ion 4000 mAh, non-removable;Black, Gold, Blue;4000 mAh Li-Ion;HSDPA 850 / 900 / 1900 / 2100;1, 3, 5, 7, 8, 20, 40, 41;HSPA 42.2/5.76 Mbps, LTE-A (2CA) Cat7 300/150 Mbps;Asahi Dragontrail Glass;Android 7.1 (Nougat);Octa-core 1.8 GHz Cortex-A53;Adreno 506;Dual-LED dual-tone flash, HDR, panorama;LED flash;;eMMC 5.1;Glass front (Asahi Dragontrail), aluminum back, aluminum frame;;;;;
https://www.gsmarena.com/haier_i6-9056.php;https://fdn2.gsmarena.com/vv/bigpic/haier-l6.jpg;Haier I6;Released 2018, January;145g, 8.3mm thickness;Android 7.1;32GB storage, microSDXC;4;N/A;75,647 hits;"5.7""";720x1440 pixels;3 GB RAM;MT6753;GSM 850 / 900 / 1800 / 1900 - SIM 1 & SIM 2;;;2018, January;Available. Released 2018, January;151.5 x 72.5 x 8.3 mm (5.96 x 2.85 x 0.33 in);145 g (5.11 oz);Dual SIM (Nano-SIM, dual stand-by);;IPS LCD;5.7 inches, 83.8 cm(~76.3% screen-to-body ratio);720 x 1440 pixels, 18:9 ratio (~282 ppi density);Mediatek MT6753 (28 nm);microSDXC (dedicated slot);32GB 3GB RAM;13 MP, f/2.0, 1.12µm, PDAF;1080p@30fps;"8 MP, f/2.0, 1/4"", no AF";Wi-Fi 802.11 b/g/n, Wi-Fi Direct;4.2, A2DP, LE;GPS, GLONASS;No;FM radio;microUSB 2.0;Fingerprint (rear-mounted), accelerometer, proximity;;Li-Ion 3300 mAh, non-removable;Black, Blue, Red, Green;3300 mAh Li-Ion;HSDPA 850 / 900 / 1900 / 2100;1, 3, 5, 7, 8, 20, 40, 41;HSPA 42.2/11.5 Mbps, LTE-A (2CA) Cat6 300/50 Mbps;;Android 7.1 (Nougat);Octa-core 1.3 GHz Cortex-A53;Mali-T720MP3;LED flash, HDR, panorama;LED flash;;;Glass front, aluminum back, aluminum frame;0.32 W/kg (head)     1.19 W/kg (body);;;;
https://www.gsmarena.com/haier_l7-9048.php;https://fdn2.gsmarena.com/vv/bigpic/haier-l7.jpg;Haier L7;Released 2017;160g, 7.9mm thickness;Android 7.1;32GB storage, microSDXC;7;0.1%;145,849 hits;"5.5""";1080x1920 pixels;3 GB RAM;Snapdragon 430;GSM 850 / 900 / 1800 / 1900 - SIM 1 & SIM 2;;;2017;Available. Released 2017;152 x 76 x 7.9 mm (5.98 x 2.99 x 0.31 in);160 g (5.64 oz);Hybrid Dual SIM (Micro-SIM/Nano-SIM, dual stand-by);;IPS LCD;5.5 inches, 83.4 cm(~72.2% screen-to-body ratio);1080 x 1920 pixels, 16:9 ratio (~401 ppi density);Qualcomm MSM8937 Snapdragon 430 (28 nm);microSDXC (uses shared SIM slot);32GB 3GB RAM;13 MP, f/2.2, PDAF;1080p@30fps;5 MP, f/2.4;Wi-Fi 802.11 b/g/n, Wi-Fi Direct;4.0, A2DP, LE;GPS, GLONASS;No;FM radio;USB Type-C 2.0, OTG;Fingerprint (rear-mounted), accelerometer, gyro, proximity, compass;;Li-Ion 3000 mAh, non-removable;Gold, Gray, Silver, Black, Red;3000 mAh Li-Ion;HSDPA 850 / 900 / 1900 / 2100;1, 3, 7, 8, 20;HSPA 42.2/11.5 Mbps, LTE Cat4 150/50 Mbps;Asahi Dragontrail Glass;Android 7.1 (Nougat);Octa-core 1.4 GHz Cortex-A53;Adreno 505;Dual-LED dual-tone flash, HDR, panorama;LED flash;;eMMC 5.1;Glass front (Asahi Dragontrail), aluminum/plastic back, aluminum frame;0.17 W/kg (head)     0.69 W/kg (body);About 120 EUR;;;
https://www.gsmarena.com/haier_g7-9049.php;https://fdn2.gsmarena.com/vv/bigpic/haier-g7.jpg;Haier G7;Released 2017;135g, 8.1mm thickness;Android 7.0;16GB storage, microSDHC;7;N/A;134,817 hits;"5.0""";720x1280 pixels;1 GB RAM;MT6737;GSM 850 / 900 / 1800 / 1900 - SIM 1 & SIM 2;;;2017;Available. Released 2017;143 x 71.5 x 8.1 mm (5.63 x 2.81 x 0.32 in);135 g (4.76 oz);Dual SIM (Micro-SIM, dual stand-by);;IPS LCD;5.0 inches, 68.9 cm(~67.4% screen-to-body ratio);720 x 1280 pixels, 16:9 ratio (~294 ppi density);Mediatek MT6737 (28 nm);microSDHC (dedicated slot);16GB 1GB RAM;8 MP, AF;720p@30fps;5 MP;Wi-Fi 802.11 b/g/n, Wi-Fi Direct;4.0, A2DP, LE;GPS;No;FM radio;microUSB 2.0;Accelerometer, proximity;;Li-Ion 2200 mAh, removable;Black, White, Yellow, Blue;2200 mAh Li-Ion;HSDPA 900 / 2100;1, 3, 7, 20;HSPA 42.2/11.5 Mbps, LTE Cat4 150/50 Mbps;Scratch-resistant glass;Android 7.0 (Nougat);Quad-core 1.25 GHz Cortex-A53;Mali-T720MP1;LED flash, HDR, panorama;LED flash;;eMMC 5.0;;0.53 W/kg (head)     0.87 W/kg (body);;;;
https://www.gsmarena.com/haier_g51-9050.php;https://fdn2.gsmarena.com/vv/bigpic/haier-g51-.jpg;Haier G51;Released 2017;155g, 9.1mm thickness;Android 7.0;8GB storage, microSDHC;2;N/A;77,613 hits;"5.0""";480x854 pixels;1 GB RAM;MT6737M;GSM 850 / 900 / 1800 / 1900 - SIM 1 & SIM 2;;;2017;Available. Released 2017;142.6 x 72.9 x 9.1 mm (5.61 x 2.87 x 0.36 in);155 g (5.47 oz);Dual SIM (Micro-SIM, dual stand-by);;IPS LCD;5.0 inches, 68.9 cm(~66.3% screen-to-body ratio);480 x 854 pixels, 16:9 ratio (~196 ppi density);Mediatek MT6737M (28 nm);microSDHC (dedicated slot);8GB 1GB RAM;5 MP, f/2.0, AF;720p@30fps;5 MP, f/2.4;Wi-Fi 802.11 b/g/n, Wi-Fi Direct;4.0, A2DP, LE;GPS;No;FM radio;microUSB 2.0;Accelerometer, proximity;;Li-Ion 2000 mAh, removable;Black, Gold, White, Blue;2000 mAh Li-Ion;HSDPA 900 / 2100;1, 3, 7, 8, 20;HSPA 42.2/11.5 Mbps, LTE Cat4 150/50 Mbps;Scratch-resistant glass;Android 7.0 (Nougat);Quad-core 1.25 GHz Cortex-A53;Mali-T720MP1;Dual-LED dual-tone flash, HDR, panorama;Dual-LED dual-tone flash;;eMMC 5.0;;0.71 W/kg (head)     1.11 W/kg (body);;;;
https://www.gsmarena.com/haier_u69-3389.php;https://fdn2.gsmarena.com/vv/bigpic/haier-u69.jpg;Haier U69;Released 2010, April;111g, 12.2mm thickness;Microsoft Windows Mobile 6.5 Professional;microSD slot;6;N/A;164,204 hits;"3.0""";240x400 pixels; ;;GSM 900 / 1800;Class 10;Class 10;2010. Released 2010, April;Discontinued;110 x 55 x 12.2 mm (4.33 x 2.17 x 0.48 in);111 g (3.92 oz);Mini-SIM;;TFT resistive touchscreen, 256K colors;3.0 inches, 25.6 cm(~42.3% screen-to-body ratio);240 x 400 pixels, 5:3 ratio (~155 ppi density);;microSD (dedicated slot);;2 MP;No;No;No;2.0, A2DP;No;;FM radio;2.0;Accelerometer;MP3/WAV/WMA/eAAC playerMP4/H.264 playerOrganizerDocument viewerVoice memoPredictive text input;Removable Li-Ion 1100 mAh battery;Silver;1100 mAh Li-Ion;;;;;Microsoft Windows Mobile 6.5 Professional;;;;;;;;;;;;
https://www.gsmarena.com/haier_u60-3388.php;https://fdn2.gsmarena.com/vv/bigpic/haier-u60.jpg;Haier U60;Released 2010;14.5mm thickness;Feature phone;microSD slot;6;N/A;81,160 hits;"2.4""";240x320 pixels; ;;GSM 900 / 1800;Class 10;No;2010. Released 2010;Discontinued;104 x 50 x 14.5 mm (4.09 x 1.97 x 0.57 in);-;Dual SIM (Mini-SIM);;TFT resistive touchscreen, 65K colors;2.4 inches, 17.8 cm(~34.3% screen-to-body ratio);240 x 320 pixels, 4:3 ratio (~167 ppi density);;microSD (dedicated slot);;VGA;No;No;No;2.0;No;;FM radio;No;;MP3/MP4 playerPredictive text input;Removable Li-Ion 900 mAh battery;Black;900 mAh Li-Ion;;;;;;;;;;;;;;;;;
https://www.gsmarena.com/haier_u56-3387.php;https://fdn2.gsmarena.com/vv/bigpic/haier-u56.jpg;Haier U56;Released 2010;11.5mm thickness;Feature phone;microSD slot;5;N/A;79,289 hits;"2.4""";240x320 pixels; ;;GSM 900 / 1800 - SIM 1;Class 10;No;2010. Released 2010;Discontinued;115 x 49 x 11.5 mm (4.53 x 1.93 x 0.45 in);-;Dual SIM (Mini-SIM, dual stand-by);;TFT, 65K colors;2.4 inches, 17.8 cm(~31.7% screen-to-body ratio);240 x 320 pixels, 4:3 ratio (~167 ppi density);;microSD (dedicated slot);;1.3 MP;No;No;No;2.0;No;;FM radio;No;;MP3/MP4 playerPredictive text input;Removable Li-Ion 1200 mAh battery;Black;1200 mAh Li-Ion;;;;;;;;;;;;;;;;;
https://www.gsmarena.com/haier_u53-3386.php;https://fdn2.gsmarena.com/vv/bigpic/haier-u53.jpg;Haier U53;Released 2010, April;13.4mm thickness;Feature phone;microSD slot;5;N/A;76,351 hits;"2.0""";; ;;GSM 900 / 1800;Class 10;No;2010. Released 2010, April;Discontinued;111 x 59.3 x 13.4 mm (4.37 x 2.33 x 0.53 in);-;Dual SIM (Mini-SIM);;TFT, 65K colors;2.0 inches;;;microSD (dedicated slot);;Yes;No;No;No;2.0;No;;FM radio;No;;MP3/MP4 playerYahoo and Skype appsPredictive text input;Removable Li-Ion 1000 mAh battery;Black;1000 mAh Li-Ion;;;;;;;;;;;;;;;;;
https://www.gsmarena.com/haier_k3-3385.php;https://fdn2.gsmarena.com/vv/bigpic/haier-k3.jpg;Haier K3;Released 2010;17.4mm thickness;Feature phone;microSD slot;7;N/A;80,789 hits;"2.6""";240x400 pixels; ;;GSM 900 / 1800;Class 10;No;2010. Released 2010;Discontinued;109 x 51 x 17.4 mm (4.29 x 2.01 x 0.69 in);-;Dual SIM (Mini-SIM);;TFT, 65K colors;2.6 inches, 19.2 cm(~34.6% screen-to-body ratio);240 x 400 pixels, 5:3 ratio (~179 ppi density);;microSD (dedicated slot);;VGA;No;No;No;2.0;No;;FM radio;No;;MP3/MP4 playerPredictive text input;Removable Li-Ion 1000 mAh battery;White, Black;1000 mAh Li-Ion;;;;;;;;;;;;;;;;;
https://www.gsmarena.com/haier_a66-3384.php;https://fdn2.gsmarena.com/vv/bigpic/haier-u66.jpg;Haier A66;Released 2010;15.5mm thickness;Feature phone;microSD slot;4;N/A;89,627 hits;"2.4""";240x320 pixels; ;;GSM 900 / 1800 - SIM 1;Class 10;No;2010. Released 2010;Discontinued;100 x 49 x 15.5 mm (3.94 x 1.93 x 0.61 in);-;Dual SIM (Mini-SIM, dual stand-by);;TFT, 65K colors;2.4 inches, 17.8 cm(~36.4% screen-to-body ratio);240 x 320 pixels, 4:3 ratio (~167 ppi density);;microSD (dedicated slot);;2 MP;No;No;No;2.0;No;;FM radio;No;;MP3/MP4 playerPredictive text input;Removable Li-Ion 1000 mAh battery;Pink, Black;1000 mAh Li-Ion;;;;;;;;;;;;;;;Secondary hidden display;;
https://www.gsmarena.com/haier_v730-3383.php;https://fdn2.gsmarena.com/vv/bigpic/haier-v730.jpg;Haier V730;Released 2010, May;11.5mm thickness;Feature phone;microSD slot;8;N/A;74,544 hits;"2.4""";240x320 pixels; ;;GSM 900 / 1800;Class 10;No;2010. Released 2010, May;Discontinued;116 x 51 x 11.5 mm (4.57 x 2.01 x 0.45 in);-;Mini-SIM;Flashlight;TFT, 65K colors;2.4 inches, 17.8 cm(~30.2% screen-to-body ratio);240 x 320 pixels, 4:3 ratio (~167 ppi density);;microSD (dedicated slot);;2 MP;No;No;No;2.0;No;;FM radio;No;;MP3/MP4 playerPredictive text input;Removable Li-Ion 1250 mAh battery;Black, White;1250 mAh Li-Ion;;;;;;;;;;;;;;;;;
https://www.gsmarena.com/haier_v700-3382.php;https://fdn2.gsmarena.com/vv/bigpic/haier-v700.jpg;Haier V700;Released 2010;16mm thickness;Feature phone;microSD slot;5;N/A;63,712 hits;"2.2""";144x176 pixels; ;;GSM 900 / 1800;Class 10;No;2010. Released 2010;Discontinued;115 x 51 x 16 mm (4.53 x 2.01 x 0.63 in);-;Dual SIM (Mini-SIM);Flashlight;TFT, 65K colors;2.2 inches, 15.3 cm(~26.1% screen-to-body ratio);144 x 176 pixels (~103 ppi density);;microSD (dedicated slot);;VGA;No;No;No;2.0;No;;FM radio;No;;MP3/MP4 playerPredictive text input;Removable Li-Ion 2000 mAh battery;Black;2000 mAh Li-Ion;;;;;;;;;;;;;;;;;
https://www.gsmarena.com/haier_m320+-3381.php;https://fdn2.gsmarena.com/vv/bigpic/haier-m320-plus.jpg;Haier M320+;Released 2010;12mm thickness;Feature phone;microSD slot;6;N/A;55,212 hits;"1.8""";; ;;GSM 900 / 1800;Class 10;No;2010. Released 2010;Discontinued;108.2 x 45.6 x 12 mm (4.26 x 1.80 x 0.47 in);-;Dual SIM (Mini-SIM, no dual stand-by);Flashlight;TFT, 65K colors;1.8 inches;;;microSD (dedicated slot);;Yes;No;No;No;No;No;;FM radio;No;;MP3 playerPredictive text input;Removable Li-Ion 1000 mAh battery;Black;1000 mAh Li-Ion;;;;;;;;;;;;;;;;;
https://www.gsmarena.com/haier_m306-3380.php;https://fdn2.gsmarena.com/vv/bigpic/haier-m306.jpg;Haier M306;Released 2010, May;13mm thickness;Feature phone;microSD slot;5;N/A;66,048 hits;"1.8""";; ;;GSM 900 / 1800;Class 10;No;2010. Released 2010, May;Discontinued;110 x 43 x 13 mm (4.33 x 1.69 x 0.51 in);-;Dual SIM (Mini-SIM, no dual stand-by);Flashlight;TFT, 65K colors;1.8 inches;;;microSD (dedicated slot);;No;;;No;No;No;;FM radio;No;;Predictive text input;Removable Li-Ion 1000 mAh battery;Black;1000 mAh Li-Ion;;;;;;;;;;;;;;;;;
https://www.gsmarena.com/haier_m300-3379.php;https://fdn2.gsmarena.com/vv/bigpic/haier-m300.jpg;Haier M300;Released 2010, April;13.5mm thickness;Feature phone;microSD slot;1;N/A;58,884 hits;"1.8""";; ;;GSM 900 / 1800;Class 10;No;2010. Released 2010, April;Discontinued;108 x 46.1 x 13.5 mm (4.25 x 1.81 x 0.53 in);-;Dual SIM (Mini-SIM, no dual stand-by);Flashlight;TFT, 65K colors;1.8 inches;;;microSD (dedicated slot);;No;;;No;No;No;;FM radio;No;;Predictive text input;Removable Li-Ion 1000 mAh battery;Black;1000 mAh Li-Ion;;;;;;;;;;;;;;;;;
https://www.gsmarena.com/haier_m180-3376.php;https://fdn2.gsmarena.com/vv/bigpic/haier-m180.jpg;Haier M180;Released 2010, March;14.1mm thickness;Feature phone;No card slot;6;N/A;61,677 hits;"1.44""";; ;;GSM 900 / 1800;No;No;2010, March. Released 2010, March;Discontinued;101.3 x 43 x 14.1 mm (3.99 x 1.69 x 0.56 in);-;Mini-SIM;Flashlight;CSTN, 65K colors;1.44 inches;;;No;;No;;;No;No;No;;FM radio;No;;Predictive text input;Removable Li-Ion 650 mAh battery;Black;650 mAh Li-Ion;;;;;;;;;;;;;;;;;
https://www.gsmarena.com/haier_m160-3378.php;https://fdn2.gsmarena.com/vv/bigpic/haier-m160.jpg;Haier M160;Released 2010;13.4mm thickness;Feature phone;No card slot;5;N/A;56,051 hits;"1.5""";128x128 pixels; ;;GSM 900 / 1800;No;No;2010. Released 2010;Discontinued;108 x 45.3 x 13.4 mm (4.25 x 1.78 x 0.53 in);-;Mini-SIM;Flashlight;CSTN, 65K colors;1.5 inches, 7.3 cm(~14.8% screen-to-body ratio);128 x 128 pixels, 1:1 ratio (~121 ppi density);;No;;No;;;No;No;No;;FM radio;No;;Predictive text input;Removable Li-Ion 650 mAh battery;Black;650 mAh Li-Ion;;;;;;;;;;;;;;;;;
https://www.gsmarena.com/haier_m150-3377.php;https://fdn2.gsmarena.com/vv/bigpic/haier-m150.jpg;Haier M150;Released 2010;14.3mm thickness;Feature phone;No card slot;4;N/A;61,360 hits;"1.3""";; ;;GSM 900 / 1800;No;No;2010. Released 2010;Discontinued;109 x 45.8 x 14.3 mm (4.29 x 1.80 x 0.56 in);-;Mini-SIM;Flashlight;CSTN;1.3 inches;;;No;;No;;;No;No;No;;FM radio;No;;Predictive text input;Removable Li-Ion 650 mAh battery;Black;650 mAh Li-Ion;;;;;;;;;;;;;;;;;
https://www.gsmarena.com/haier_a7-1767.php;https://fdn2.gsmarena.com/vv/bigpic/haier-haiera7.gif;Haier A7;Released 2006;77g, 19.8mm thickness;Feature phone;128MB storage, no card slot;6;N/A;130,894 hits;"1.66""";128x160 pixels; ;;GSM 900 / 1800 / 1900;Class 10;No;2006;Discontinued;80 x 42 x 19.8 mm (3.15 x 1.65 x 0.78 in);77 g (2.72 oz);Mini-SIM;;TFT, 65K colors;1.66 inches, 8.7 cm(~25.8% screen-to-body ratio);128 x 160 pixels (~123 ppi density);;No;128MB;1.3 MP;Yes;No;No;No;No;;No;No;;MP3/ MP4 PlayerPC SyncOrganizerWorld Time;Removable Li-Ion 560 mAh battery;Black, Red;560 mAh Li-Ion;;;;;;;;;;;;;;;;Up to 240 h;Up to 3 h 30 min
https://www.gsmarena.com/haier_m600_black_pearl-1742.php;https://fdn2.gsmarena.com/vv/bigpic/haier-blackpearl.gif;Haier M600 Black Pearl;Released 2006, Q3;64g, 18.2mm thickness;Feature phone;128MB storage, microSD slot;10;N/A;286,574 hits;"1.1""";96x96 pixels; ;;GSM 900 / 1800 / 1900;No;No;2006, Q3;Discontinued;90.6 x 35.3 x 18.2 mm (3.57 x 1.39 x 0.72 in);64 g (2.26 oz);Mini-SIM;;OLED, 65K colors;1.1 inches, 20 x 20 mm, 3.9 cm(~12.2% screen-to-body ratio);96 x 96 pixels, 1:1 ratio (~123 ppi density);;microSD (dedicated slot);128MB;No;;;No;2.0, A2DP;No;;FM radio;miniUSB 2.0;;MP3 PlayerPredictive text inputOrganizerVoice memo;Removable Li-Ion 730 mAh battery;Black;730 mAh Li-Ion;;;;;;OS ADI 6528;;;;;;;;;- 3D graphics;Up to 200 h;Up to 3 h
https://www.gsmarena.com/haier_p8-1689.php;https://fdn2.gsmarena.com/vv/bigpic/haier-p8.gif;Haier P8;Released 2006, Q2;65g, 16.5mm thickness;Feature phone;No card slot;5;N/A;193,897 hits;;; ;;GSM 900 / 1800 / 1900;No;No;2006, Q2;Discontinued;146 x 29.1 x 16.5 mm (5.75 x 1.15 x 0.65 in);65 g (2.29 oz);Mini-SIM;;TFT, 65K colors;;;;No;;VGA;No;No;No;Yes;No;;No;No;;Organizer;Removable Li-Ion 600 mAh battery;Black;600 mAh Li-Ion;;;;;;;;;;;;;;;;Up to 200 h;Up to 3 h 20 min
https://www.gsmarena.com/haier_a600-1688.php;https://fdn2.gsmarena.com/vv/bigpic/haier-a600.gif;Haier A600;Released 2006, Q2;120g, 21.1mm thickness;Feature phone;microSD slot;7;N/A;168,947 hits;"2.2""";240x320 pixels; ;;GSM 900 / 1800 / 1900;Class 10;No;2006, Q2;Discontinued;117 x 46 x 21.1 mm (4.61 x 1.81 x 0.83 in);120 g (4.23 oz);Mini-SIM;;TFT, 256K colors;2.2 inches, 15.0 cm(~27.8% screen-to-body ratio);240 x 320 pixels, 4:3 ratio (~182 ppi density);;microSD (dedicated slot);;2 MP;Yes;No;No;Yes;No;;No;No;;3D Graphic/3D Sound/ 3D GameMP3/MP4 PlayerPush mailTTSNetwork StreamingOrganizer;Removable Li-Ion 980 mAh battery;Black;980 mAh Li-Ion;;;;;;;;;;;;;;;- 90 degree rotational LCD;Up to 180 h;Up to 6 h
https://www.gsmarena.com/haier_m2000-1687.php;https://fdn2.gsmarena.com/vv/bigpic/haier-m2000.gif;Haier M2000;Released 2005;67/78g depending on the battery, 16mm thickness;Feature phone;No card slot;6;N/A;171,868 hits;"1.8""";128x160 pixels; ;;GSM 900 / 1800;Class 10;No;2005;Discontinued;89 x 45.8 x 16 mm (3.50 x 1.80 x 0.63 in);67/78 g depending on the battery (2.36 oz);Mini-SIM;;CSTN resistive touchscreen, 65K colors;1.8 inches, 10.2 cm(~25.0% screen-to-body ratio);128 x 160 pixels (~114 ppi density);;No;;No;;;No;No;No;;No;No;;MP3 PlayerLearning toolsBrain GameMINI AppearanceOrganizer;Removable Li-Ion 600 mAh battery;Pink;600 mAh Li-Ion;;;;;;;;;;;;;;;;Up to 300 h;Up to 4 h
https://www.gsmarena.com/haier_m1200-1686.php;https://fdn2.gsmarena.com/vv/bigpic/haier-m1200.gif;Haier M1200;Released 2005;81g, 18.8mm thickness;Feature phone;No card slot;7;N/A;122,714 hits;"1.8""";128x160 pixels; ;;GSM 900 / 1800;No;No;2005;Discontinued;81.9 x 44.6 x 18.8 mm (3.22 x 1.76 x 0.74 in);81 g (2.86 oz);Mini-SIM;;CSTN, 65K colors;1.8 inches, 10.2 cm(~27.9% screen-to-body ratio);128 x 160 pixels (~114 ppi density);;No;;No;;;No;No;No;;No;No;;Bio-rhythmPhone Book Easy SearchMP3 PlayerWorld TimeOrganizer;Removable Li-Ion battery;Silver;600 mAh Li-Ion;;;;;;;;;;;;;;;;;
https://www.gsmarena.com/haier_m1100-1685.php;https://fdn2.gsmarena.com/vv/bigpic/haier-m1100.gif;Haier M1100;Released 2005;81g, 18.8mm thickness;Feature phone;No card slot;7;N/A;89,981 hits;"1.8""";128x160 pixels; ;;GSM 900 / 1800;No;No;2005;Discontinued;81.9 x 44.6 x 18.8 mm (3.22 x 1.76 x 0.74 in);81 g (2.86 oz);Mini-SIM;;CSTN, 65K colors;1.8 inches, 10.2 cm(~27.9% screen-to-body ratio);128 x 160 pixels (~114 ppi density);;No;;No;;;No;No;No;;No;No;;Bio-rhythmPhone Book Easy SearchMP3 PlayerWolrd TimeOrganizer;Removable Li-Ion 600 mAh battery;Silver;600 mAh Li-Ion;;;;;;;;;;;;;;;;Up to 200 h;Up to 3 h
https://www.gsmarena.com/haier_m1000-1684.php;https://fdn2.gsmarena.com/vv/bigpic/haier-m1000.gif;Haier M1000;Released 2005;81g, 18.8mm thickness;Feature phone;No card slot;7;N/A;166,406 hits;"1.8""";128x160 pixels; ;;GSM 900 / 1800;Class 10;No;2005;Discontinued;81.9 x 44.6 x 18.8 mm (3.22 x 1.76 x 0.74 in);81 g (2.86 oz);Mini-SIM;;CSTN, 65K colors;1.8 inches, 10.2 cm(~27.9% screen-to-body ratio);128 x 160 pixels (~114 ppi density);;No;;No;;;No;No;No;;No;No;;Bio-rhythmPhone Book Easy SearchPC SyncOrganizer;Removable Li-Ion 560 mAh battery;Red, Silver;560 mAh Li-Ion;;;;;;;;;;;;;;;;Up to 200 h;Up to 3 h
https://www.gsmarena.com/haier_m80-1680.php;https://fdn2.gsmarena.com/vv/bigpic/haier-m80.gif;Haier M80;Released 2006, Q2;110g, 23.8mm thickness;Feature phone;miniSD slot;8;N/A;94,340 hits;"2.0""";176x220 pixels; ;;GSM 900 / 1800;Class 10;No;2006, Q2;Discontinued;97 x 48 x 23.8 mm (3.82 x 1.89 x 0.94 in);110 g (3.88 oz);Mini-SIM;;TFT resistive touchscreen, 256K colors;2.0 inches, 12.6 cm(~27.0% screen-to-body ratio);176 x 220 pixels (~141 ppi density);;miniSD;;2 MP;Yes;No;No;No;No;;No;2.0;;MP3/MP4 playerPC SyncOrganizer;Removable Li-Ion 630 mAh battery;Black;630 mAh Li-Ion;;;;;;;;;;;;;;;Handwriting recognitionFive-Direction Rocker Key;Up to 240 h;Up to 3 h
https://www.gsmarena.com/haier_m260-1679.php;https://fdn2.gsmarena.com/vv/bigpic/haier-m260.gif;Haier M260;Released 2006, Q2;95g, 16.8mm thickness;Feature phone;miniSD slot;7;N/A;117,325 hits;"1.8""";128x160 pixels; ;;GSM 900 / 1800;Class 10;No;2006, Q2;Discontinued;104 x 46.5 x 16.8 mm (4.09 x 1.83 x 0.66 in);95 g (3.35 oz);Mini-SIM;;TFT resistive touchscreen, 65K colors;1.8 inches, 10.2 cm(~21.1% screen-to-body ratio);128 x 160 pixels (~114 ppi density);;miniSD;;2 MP;Yes;No;No;No;No;;FM radio;No;;MP3/MP4 playerPC SyncTTSVoice memoOrganizer;Removable Li-Ion 650 mAh battery;Black, White;650 mAh Li-Ion;;;;;;;;;;;;;;;Handwriting recognition;Up to 174 h;Up to 4 h
https://www.gsmarena.com/haier_n90-1678.php;https://fdn2.gsmarena.com/vv/bigpic/haier-n90.gif;Haier N90;Released 2006, Q2;120g, 25.5mm thickness;Feature phone;miniSD slot;8;N/A;98,872 hits;"2.4""";176x220 pixels; ;;GSM 900 / 1800;Class 10;No;2006, Q2;Discontinued;104 x 53 x 25.5 mm (4.09 x 2.09 x 1.00 in);120 g (4.23 oz);Mini-SIM;;TFT, 256K colors;2.4 inches, 18.1 cm(~32.9% screen-to-body ratio);176 x 220 pixels (~117 ppi density);;miniSD;;2 MP;Yes;No;No;No;No;;No;No;;MP3/ MP4 PlayerHandwriting & PDAE-BookDouble KeypadTTSCalculatorUnit Converter;Removable Li-Ion 720 mAh battery;Black silver;720 mAh Li-Ion;;;;;;;;;;;;;;;Handwriting recognition;Up to 216 h;Up to 4 h
https://www.gsmarena.com/haier_n70-1674.php;https://fdn2.gsmarena.com/vv/bigpic/haier-n70.gif;Haier N70;Released 2006, Q2;90g, 23.7mm thickness;Feature phone;microSD slot;7;N/A;97,972 hits;"2.0""";176x220 pixels; ;;GSM 900 / 1800;Class 10;No;2006, Q2;Discontinued;93 x 50 x 23.7 mm (3.66 x 1.97 x 0.93 in);90 g (3.17 oz);Mini-SIM;;TFT, 256K colors;2.0 inches, 12.6 cm(~27.1% screen-to-body ratio);176 x 220 pixels (~141 ppi density);;microSD (dedicated slot);;2 MP;Yes;No;No;No;No;;No;No;;MP3/ MP4 PlayerHandwriting & PDAE-BookDouble KeypadTTSCalculatorUnit Converter;Removable Li-Ion 720 mAh battery;Black silver;720 mAh Li-Ion;;;;;;;;;;;;;;;Handwriting recognition;Up to 135 h;Up to 4 h
https://www.gsmarena.com/haier_n60-1192.php;https://fdn2.gsmarena.com/vv/bigpic/haier-n60.gif;Haier N60;Released 2005, Q1;131g, 25mm thickness;Linux;60MB storage, SDIO/MMC slot;8;N/A;208,441 hits;;320x240 pixels; ;;GSM 900 / 1800 / 1900;Class 10;No;2005, Q1;Discontinued;94 x 48 x 25 mm (3.70 x 1.89 x 0.98 in);131 g (4.62 oz);Mini-SIM;;TFT resistive touchscreen, 256K colors;;320 x 240 pixels, 4:3 ratio;;SDIO/MMC;60MB;1.3 MP;Yes;No;No;No;No;;No;Proprietary;;MP3/MP4 playerPredictive text inputWorld clockOrganizer;Removable Li-Ion 900 mAh battery;;900 mAh Li-Ion;;;;;Linux;312 MHz;;;;;;;;;Handwriting RecognitionSwivel and rotateScreensavers, logos;;
https://www.gsmarena.com/haier_t3000-1176.php;https://fdn2.gsmarena.com/vv/bigpic/haier-t3000.gif;Haier T3000;Released 2005, Q1;85g, 23.5mm thickness;Feature phone;4MB storage, no card slot;7;N/A;123,228 hits;;128x160 pixels; ;;GSM 900 / 1800 / 1900;Class 10;No;2005, Q1;Discontinued;85 x 45 x 23.5 mm (3.35 x 1.77 x 0.93 in);85 g (3.00 oz);Mini-SIM;;65K colors;;128 x 160 pixels;;No;4MB;VGA;No;No;No;No;No;;No;;;Push To TalkPredictive text inputCalculatorVoice memo;Removable Li-Ion 600 mAh battery;;600 mAh Li-Ion;;;;;;;;;;;;;;;ScreensaverDownloadable logos;Up to 200 h;Up to 2 h
https://www.gsmarena.com/haier_v280-1175.php;https://fdn2.gsmarena.com/vv/bigpic/haier-v280.gif;Haier V280;Released 2005;80g, 14.5mm thickness;Feature phone;4MB storage, no card slot;7;N/A;84,865 hits;;128x160 pixels; ;;GSM 900 / 1800;Class 10;No;2005;Discontinued;109 x 44 x 14.5 mm (4.29 x 1.73 x 0.57 in);80 g (2.82 oz);Mini-SIM;;65K colors;;128 x 160 pixels;;No;4MB;1.3 MP;No;No;No;No;No;;No;;;Predictive text inputCalculatorVoice memo;Removable Li-Ion 550 mAh battery;;550 mAh Li-Ion;;;;;;;;LED flash;;;;;;;ScreensaverDownloadable logos;Up to 240 h;Up to 2 h 30 min
https://www.gsmarena.com/haier_f1100-1016.php;https://fdn2.gsmarena.com/vv/bigpic/haf1100.gif;Haier F1100;Released 2005, Q1;80g, 22mm thickness;Feature phone;No card slot;5;N/A;74,438 hits;;128x160 pixels; ;;GSM 900 / 1800;Yes;No;2005, Q1;Discontinued;85.4 x 45.4 x 22 mm (3.36 x 1.79 x 0.87 in);80 g (2.82 oz);Mini-SIM;;TFT, 65K colors;;128 x 160 pixels;;No;;VGA;No;No;No;No;No;;No;;;Predictive text inputWorld clockCalculatorStopwatch;Removable Li-Ion 600 mAh battery;Dark Blue, Red;600 mAh Li-Ion;;;;;;;;;;;;;;;Second external mono displayScreensaverDownloadable pictures;Up to 240 h;Up to 3 h
https://www.gsmarena.com/haier_l1000-1015.php;https://fdn2.gsmarena.com/vv/bigpic/hal1000.gif;Haier L1000;Released 2005, Q1;80g, 20mm thickness;Feature phone;No card slot;6;N/A;64,715 hits;;128x160 pixels; ;;GSM 900 / 1800;Yes;No;2005, Q1;Discontinued;84 x 44 x 20 mm (3.31 x 1.73 x 0.79 in);80 g (2.82 oz);Mini-SIM;;TFT, 65K colors;;128 x 160 pixels;;No;;No;;;No;No;No;;No;;;Predictive text inputWorld clockCalculatorStopwatch;Removable Li-Ion 480 mAh battery;Silver;480 mAh Li-Ion;;;;;;;;;;;;;;;Second external OLED displayScreensaverDownloadable pictures;Up to 240 h;Up to 2 h
https://www.gsmarena.com/haier_p7-939.php;https://fdn2.gsmarena.com/vv/bigpic/hap7.gif;Haier P7;Released 2004, Q4;65g, 18.2mm thickness;Feature phone;3MB storage, no card slot;12;N/A;331,691 hits;;64x128 pixels; ;;GSM 900 / 1800 / 1900;Class 10;No;2004, Q4;Discontinued;150 x 27 x 18.2 mm (5.91 x 1.06 x 0.72 in);65 g (2.29 oz);Mini-SIM;;TFT, 65K colors;;64 x 128 pixels, 18:9 ratio;;No;3MB;VGA;No;No;No;No;No;;No;Proprietary;;CalculatorVoice memo (3 x 30 min.)Predictive text input;Removable Li-Ion 600 mAh battery;;600 mAh Li-Ion;;;;;;;;;;;;;;;;Up to 140 h;Up to 3 h
https://www.gsmarena.com/haier_v7000-977.php;https://fdn2.gsmarena.com/vv/bigpic/hav7000.gif;Haier V7000;Released 2004;85g, 22.9mm thickness;Feature phone;No card slot;5;N/A;79,733 hits;;128x160 pixels; ;;GSM 900 / 1800 / 1900;Class 10;No;2004;Discontinued;86 x 47 x 22.9 mm (3.39 x 1.85 x 0.90 in);85 g (3.00 oz);Mini-SIM;;TFT, 65K colors;;128 x 160 pixels;;No;;VGA;No;No;No;No;No;;No;;;Predictive text inputCalculatorStopwatch;Removable Li-Ion 620 mAh battery;Silver;620 mAh Li-Ion;;;;;;;;LED flash;;;;;;;Second external 65K colors displayScreensaverDownloadable pictures;Up to 200 h;Up to 4 h
https://www.gsmarena.com/haier_v6200-976.php;https://fdn2.gsmarena.com/vv/bigpic/hav6200.gif;Haier V6200;Released 2004;95g, 22mm thickness;Feature phone;No card slot;7;N/A;76,346 hits;;128x160 pixels; ;;GSM 900 / 1800;Class 10;No;2004;Discontinued;86 x 48 x 22 mm (3.39 x 1.89 x 0.87 in);95 g (3.35 oz);Mini-SIM;;TFT, 256K colors;;128 x 160 pixels;;No;;1.3 MP;Yes;No;No;No;No;;No;;;Predictive text inputCalculatorStopwatch;Removable Li-Ion 600 mAh battery;Silver;600 mAh Li-Ion;;;;;;;;;;;;;;;Second external 65K colors displayScreensaverDownloadable pictures;Up to 140 h;Up to 4 h
https://www.gsmarena.com/haier_v6100-975.php;https://fdn2.gsmarena.com/vv/bigpic/hav6100.gif;Haier V6100;Released 2004;90g, 21mm thickness;Feature phone;No card slot;5;N/A;66,665 hits;;128x160 pixels; ;;GSM 900 / 1800;Class 10;No;2004;Discontinued;79 x 43 x 21 mm (3.11 x 1.69 x 0.83 in);90 g (3.17 oz);Mini-SIM;;TFT, 256K colors;;128 x 160 pixels;;No;;VGA;No;No;No;No;No;;No;;;Predictive text inputCalculatorStopwatch;Removable Li-Ion 600 mAh battery;Silver;600 mAh Li-Ion;;;;;;;;LED flash;;;;;;;Second external 65K colors TFT displayScreensaverDownloadable pictures;Up to 350 h;Up to 3 h 20 min
https://www.gsmarena.com/haier_v6000-842.php;https://fdn2.gsmarena.com/vv/bigpic/hav6000.gif;Haier V6000;Released 2004;85g, 21mm thickness;Feature phone;No card slot;7;N/A;88,601 hits;;128x160 pixels; ;;GSM 900 / 1800 / 1900;Class 10;No;2004;Discontinued;86 x 46 x 21 mm (3.39 x 1.81 x 0.83 in);85 g (3.00 oz);Mini-SIM;;TFT, 256K colors;;128 x 160 pixels;;No;;VGA;No;No;No;No;No;;No;;;Predictive text inputCalculatorStopwatch;Removable Li-Ion 680 mAh battery;Silver;680 mAh Li-Ion;;;;;;;;LED flash;;;;;;;Second external 65K colors TFT displayScreensaverDownloadable pictures;Up to 210 h;Up to 2 h
https://www.gsmarena.com/haier_p6-837.php;https://fdn2.gsmarena.com/vv/bigpic/hap6.gif;Haier P6;Released 2004;80g, 19.7mm thickness;Feature phone;No card slot;8;N/A;180,663 hits;;64x102 pixels; ;;GSM 900 / 1800;No;No;2004;Discontinued;137 x 30.6 x 19.7 mm (5.39 x 1.20 x 0.78 in);80 g (2.82 oz);Mini-SIM;;Monochrome;;64 x 102 pixels, 16:10 ratio;;No;;No;;;No;No;No;;No;;;CalculatorVoice memoVoice dial;Removable Li-Ion 580 mAh battery;Silver, Graphite Grey;580 mAh Li-Ion;;;;;;;;;;;Up to 15 min voice memo;;;;Blue backgroundScreensaver;Up to 150 h;Up to 2 h 30 min
https://www.gsmarena.com/haier_v2000-841.php;https://fdn2.gsmarena.com/vv/bigpic/hav2000.gif;Haier V2000;Released 2004;95g, 22.9mm thickness;Feature phone;No card slot;7;N/A;156,384 hits;;128x160 pixels; ;;GSM 900 / 1800;Class 10;No;2004;Discontinued;86 x 46 x 22.9 mm (3.39 x 1.81 x 0.90 in);95 g (3.35 oz);Mini-SIM;;TFT, 65K colors;;128 x 160 pixels;;No;;VGA;No;No;No;No;No;;No;;;Predictive text inputCalculator;Removable Li-Ion 600 mAh battery;Pink, Black;600 mAh Li-Ion;;;;;;;;;;;;;;;Second external 4096 colors display (96 x 64 pixels)ScreensaverDownloadable logos;Up to 400 h;Up to 4 h
https://www.gsmarena.com/haier_v200-974.php;https://fdn2.gsmarena.com/vv/bigpic/hav200.gif;Haier V200;Released 2004;78g, 14mm thickness;Feature phone;4MB storage, no card slot;6;N/A;79,038 hits;;128x160 pixels; ;;GSM 900 / 1800;Class 10;No;2004;Discontinued;109 x 44 x 14 mm (4.29 x 1.73 x 0.55 in);78 g (2.75 oz);Mini-SIM;;65K colors;;128 x 160 pixels;;No;4MB;VGA;Yes;No;No;No;No;;No;;;Predictive text inputCalculatorVoice memo;Removable Li-Ion 900 mAh battery;;900 mAh Li-Ion;;;;;;;;LED flash;;;;;;;ScreensaverDownloadable logos;Up to 300 h;Up to 5 h
https://www.gsmarena.com/haier_v190-973.php;https://fdn2.gsmarena.com/vv/bigpic/hav190.gif;Haier V190;Released 2004;90g, 18.8mm thickness;Feature phone;2MB storage, no card slot;6;N/A;73,040 hits;;128x128 pixels; ;;GSM 900 / 1800;Class 10;No;2004;Discontinued;106 x 46 x 18.8 mm (4.17 x 1.81 x 0.74 in);90 g (3.17 oz);Mini-SIM;;65K colors;;128 x 128 pixels, 1:1 ratio;;No;2MB;CIF;No;No;No;No;No;;No;;;Predictive text inputCalculator;Removable Li-Ion 720 mAh battery;;720 mAh Li-Ion;;;;;;;;;;;;;;;ScreensaverDownloadable logos;Up to 200 h;Up to 3 h 20 min
https://www.gsmarena.com/haier_v160-972.php;https://fdn2.gsmarena.com/vv/bigpic/hav160.gif;Haier V160;Released 2004;90g, 20mm thickness;Feature phone;1.5MB storage, no card slot;11;N/A;87,879 hits;;128x128 pixels; ;;GSM 900 / 1800;Class 10;No;2004;Discontinued;105 x 43 x 20 mm (4.13 x 1.69 x 0.79 in);90 g (3.17 oz);Mini-SIM;;65K colors;;128 x 128 pixels, 1:1 ratio;;No;1.5MB;CIF;No;No;No;No;No;;No;;;Predictive text inputOrganizerVoice memo;Removable Li-Ion 720 mAh battery;Silver;720 mAh Li-Ion;;;;;;;;;;;;;;;ScreensaverDownloadable logos;Up to 200 h;Up to 3 h 20 min
https://www.gsmarena.com/haier_v100-839.php;https://fdn2.gsmarena.com/vv/bigpic/hav100.gif;Haier V100;Released 2004;90g, 18.8mm thickness;Feature phone;2MB storage, no card slot;8;N/A;74,888 hits;;128x128 pixels; ;;GSM 900 / 1800;Class 10;No;2004;Discontinued;106 x 46 x 18.8 mm (4.17 x 1.81 x 0.74 in);90 g (3.17 oz);Mini-SIM;;65K colors;;128 x 128 pixels, 1:1 ratio;;No;2MB;CIF;No;No;No;No;No;;No;;;Predictive text inputCalculatorVoice memo;Removable Li-Ion 600 mAh battery;;600 mAh Li-Ion;;;;;;;;;;;;;;;ScreensaverDownloadable logos;Up to 200 h;Up to 3 h
https://www.gsmarena.com/haier_z300-971.php;https://fdn2.gsmarena.com/vv/bigpic/haz300.gif;Haier Z300;Released 2004;85g, 23mm thickness;Feature phone;No card slot;6;N/A;68,620 hits;;101x80 pixels; ;;GSM 900 / 1800;No;No;2004;Discontinued;86 x 46 x 23 mm (3.39 x 1.81 x 0.91 in);85 g (3.00 oz);Mini-SIM;;4096 colors;;101 x 80 pixels;;No;;No;;;No;No;No;;No;;;Predictive text inputOrganizer;Removable Li-Ion 720 mAh battery;Silver;720 mAh Li-Ion;;;;;;;;;;;250 short messagies;;;;Screensaver;Up to 270 h;Up to 4 h
https://www.gsmarena.com/haier_z100-970.php;https://fdn2.gsmarena.com/vv/bigpic/haz100.gif;Haier Z100;Released 2004;85g, 20mm thickness;Feature phone;No card slot;7;N/A;72,477 hits;;; ;;GSM 900 / 1800;No;No;2004;Discontinued;83 x 44 x 20 mm (3.27 x 1.73 x 0.79 in);85 g (3.00 oz);Mini-SIM;;-;;;;No;;No;;;No;No;No;;No;;;Predictive text inputVoice memo;Removable Li-Ion 720 mAh battery;Silver;720 mAh Li-Ion;;;;;;;;;;;250 short messagies;;;;Screensaver;Up to 360 h;Up to 6 h
https://www.gsmarena.com/haier_v1000-840.php;https://fdn2.gsmarena.com/vv/bigpic/hav1000.gif;Haier V1000;Released 2004;95g, 21mm thickness;Feature phone;No card slot;7;N/A;66,368 hits;;128x160 pixels; ;;GSM 850 / 900 / 1800 / 1900;Class 10;No;2004;Discontinued;87 x 47 x 21 mm (3.43 x 1.85 x 0.83 in);95 g (3.35 oz);Mini-SIM;;65K colors;;128 x 160 pixels;;No;;VGA;No;No;No;No;No;;No;;;Predictive text inputCalculator;Removable Li-Ion 720 mAh battery;;720 mAh Li-Ion;;;;;;;;;;;;;;;Second external B/W display (96 x 48 pixels)ScreensaverDownloadable logos;Up to 200 h;Up to 4 h
https://www.gsmarena.com/haier_p5-836.php;https://fdn2.gsmarena.com/vv/bigpic/hap5.gif;Haier P5;Released 2003;75g, 18mm thickness;Feature phone;No card slot;10;N/A;217,072 hits;;64x102 pixels; ;;GSM 900 / 1800;No;No;2003;Discontinued;135 x 28 x 18 mm (5.31 x 1.10 x 0.71 in);75 g (2.65 oz);Mini-SIM;;Monochrome;;64 x 102 pixels, 16:10 ratio;;No;;No;;;No;No;No;;No;;;Predictive text inputVoice memoVoice dial;Removable Li-Ion 520 mAh battery;;520 mAh Li-Ion;;;;;;;;;;;;;;;Screensaver;Up to 150 h;Up to 2 h 30 min
https://www.gsmarena.com/haier_z7100-968.php;https://fdn2.gsmarena.com/vv/bigpic/haz7100.gif;Haier Z7100;Released 2004;73g, 20mm thickness;Feature phone;No card slot;6;N/A;73,442 hits;;128x128 pixels; ;;GSM 900 / 1800 / 1900;Yes;No;2004;Discontinued;76 x 40 x 20 mm (2.99 x 1.57 x 0.79 in);73 g (2.57 oz);Mini-SIM;;65K colors;;128 x 128 pixels, 1:1 ratio;;No;;No;;;No;No;No;;No;;;Predictive text inputVoice memo;Removable Li-Ion 600 mAh battery;Silver, Red, Blue;600 mAh Li-Ion;;;;;;;;;;;250 short messagies;;;;Second external mono displayDouble mirror surfaceScreensaver;Up to 130 h;Up to 3 h
https://www.gsmarena.com/haier_z7000-969.php;https://fdn2.gsmarena.com/vv/bigpic/haz7000.gif;Haier Z7000;Released 2004;73g, 20mm thickness;Feature phone;No card slot;7;N/A;62,922 hits;;128x128 pixels; ;;GSM 900 / 1800 / 1900;Yes;No;2004;Discontinued;76 x 40 x 20 mm (2.99 x 1.57 x 0.79 in);73 g (2.57 oz);Mini-SIM;;65K colors;;128 x 128 pixels, 1:1 ratio;;No;;No;;;No;No;No;;No;;;Predictive text inputVoice memo;Removable Li-Ion 600 mAh battery;Silver, Red, Blue;600 mAh Li-Ion;;;;;;;;;;;250 short messagies;;;;Second external mono displayDouble mirror surfaceScreensaver;Up to 130 h;Up to 3 h
https://www.gsmarena.com/haier_z3000-966.php;https://fdn2.gsmarena.com/vv/bigpic/haz3000.gif;Haier Z3000;Released 2004;73g, 20mm thickness;Feature phone;No card slot;6;N/A;119,253 hits;;128x128 pixels; ;;GSM 900 / 1800 / 1900;Class 10;No;2004;Discontinued;76 x 40 x 20 mm (2.99 x 1.57 x 0.79 in);73 g (2.57 oz);Mini-SIM;;4096 colors;;128 x 128 pixels, 1:1 ratio;;No;;No;;;No;No;No;;FM radio;;;Predictive text inputExternal VGA camera;Removable Li-Ion 530 mAh battery;Silver, Red, Black;530 mAh Li-Ion;;;;;;;;;;;100 short messagies;;;;Screensaver;Up to 120 h;Up to 3 h
https://www.gsmarena.com/haier_z8000-838.php;https://fdn2.gsmarena.com/vv/bigpic/haz8000.gif;Haier Z8000;Released 2004;90g, 23.8mm thickness;Feature phone;32MB storage, no card slot;6;N/A;67,233 hits;;128x128 pixels; ;;GSM 900 / 1800;Class 10;No;2004;Discontinued;83 x 44 x 23.8 mm (3.27 x 1.73 x 0.94 in);90 g (3.17 oz);Mini-SIM;;4096 colors;;128 x 128 pixels, 1:1 ratio;;No;32MB;No;;;No;No;No;;No;;;MP3 playerPredictive text input;Removable Li-Ion 600 mAh battery;;600 mAh Li-Ion;;;;;;;;;;;;;;;Second external B/W display (80 x 48 pixels)Screensaver;Up to 270 h;Up to 3 h
https://www.gsmarena.com/haier_d6000-835.php;https://fdn2.gsmarena.com/vv/bigpic/had6000.gif;Haier D6000;Released 2003;63g, 16mm thickness;Feature phone;No card slot;8;N/A;77,947 hits;;64x112 pixels; ;;GSM 900 / 1800 / 1900;Yes;No;2003;Discontinued;98 x 44 x 16 mm (3.86 x 1.73 x 0.63 in);63 g (2.22 oz);Mini-SIM;;Monochrome;;64 x 112 pixels, 16:9 ratio;;No;;No;;;No;No;No;;No;;;Predictive text input;Removable Li-Ion 600 mAh battery;2 - Blue, Silver;600 mAh Li-Ion;;;;;;;;;;;;;;;7 background colorsDownloadable pictures;Up to 200 h;Up to 4 h
