Link;Image;Name;Release date;Weight;OS;Storage;Fans;Popularity;Hits;Screen_size;Screen_resolution;RAM;SOC;Battery;net2g;net3g;speed;year;status;dimensions;weight;sim;displaytype;displaysize;displayresolution;displayother;os;cpu;memoryslot;internalmemory;cam1modules;cam1video;cam2modules;cam2video;wlan;bluetooth;gps;radio;usb;sensors;featuresother;batdescription1;batstandby1;battalktime1;colors;price;chipset;gpu;cam1features;optionalother;gprstext;edge
https://www.gsmarena.com/i_mate_810_f-2721.php;https://fdn2.gsmarena.com/vv/bigpic/i-mate-810-f.jpg;i-mate 810-F;Released 2009;150g, 15.5mm thickness;Microsoft Windows Mobile 6.1 Professional;2GB 128MB RAM storage, no card slot;14;N/A;333,197 hits;"2.46""";320x240 pixels;128 MB RAM;;1200 mAh Li-Po;GSM 850 / 900 / 1800 / 1900;HSDPA 850 / 1900 / 2100;HSPA 7.2/0.384 Mbps;2009, February. Released 2009;Discontinued;111 x 66 x 15.5 mm (4.37 x 2.60 x 0.61 in);150 g (5.29 oz);Mini-SIM;TFT resistive touchscreen, 65K colors;2.46 inches, 18.7 cm(~25.6% screen-to-body ratio);320 x 240 pixels, 4:3 ratio (~163 ppi density);;Microsoft Windows Mobile 6.1 Professional;624 MHz Marvell PXA310;No;2GB 128MB RAM;2 MP;Yes;Yes;;Wi-Fi 802.11 b/g;2.0, A2DP;GPS;No;Proprietary;Accelerometer, compass;Pocket OfficeVoice memoMP3/AAC/AAC+/WMA/OGG/AMR playerWMV/MP4 playerFile manager;Removable Li-Po 1200 mAh battery;Up to 200 h;Up to 3 h 30 min;Blue;About 550 EUR;;;;;;
https://www.gsmarena.com/i_mate_ultimate_9502-2158.php;https://fdn2.gsmarena.com/vv/bigpic/ultimate-9502.gif;i-mate Ultimate 9502;Released 2008, March;200g, 17.8mm thickness;Microsoft Windows Mobile 6.0 Professional;128MB RAM storage, microSD slot;12;N/A;1,041,270 hits;"2.8""";640x480 pixels;128 MB RAM;MSM7200;1620 mAh Li-Po;GSM 850 / 900 / 1800 / 1900;HSDPA 850 / 1900 / 2100;HSPA;2007, October. Released 2008, March;Discontinued;116 x 60 x 17.8 mm (4.57 x 2.36 x 0.70 in);200 g (7.05 oz);Mini-SIM;TFT resistive touchscreen, 256K colors (65K effective);2.8 inches, 24.3 cm(~34.9% screen-to-body ratio);640 x 480 pixels, 4:3 ratio (~286 ppi density);;Microsoft Windows Mobile 6.0 Professional;400 MHz ARM 11;microSD (dedicated slot);128MB RAM, 256MB ROM;3.15 MP, AF;Yes;VGA videocall camera;;Wi-Fi 802.11 b/g;2.0, A2DP;GPS;No;Proprietary;;Pocket OfficeVoice memoMP3/AAC/AAC+/WMA/OGG/AMR playerWMV/MP4 playerFile managerTV-outi-mate GPRS Configurator(WAP, MMS);Removable Li-Po 1620 mAh battery;Up to 180 h;Up to 4 h 20 min;Black;About 410 EUR;Qualcomm MSM7200;Adreno 130;LED flash;2.5 mm audio jack;;
https://www.gsmarena.com/i_mate_ultimate_8502-2157.php;https://fdn2.gsmarena.com/vv/bigpic/ultimate-8502.gif;i-mate Ultimate 8502;Released 2008, September;140g, 15mm thickness;Microsoft Windows Mobile 6.0 Professional;128MB RAM storage, microSD slot;11;N/A;479,337 hits;"2.6""";320x240 pixels;128 MB RAM;MSM7200;1530 mAh Li-Ion;GSM 850 / 900 / 1800 / 1900;HSDPA 850 / 1900 / 2100;HSPA;2007, October. Released 2008, September;Discontinued;116 x 55 x 15 mm (4.57 x 2.17 x 0.59 in);140 g (4.94 oz);Mini-SIM;TFT resistive touchscreen, 256K colors (65K effective);2.6 inches, 20.9 cm(~32.8% screen-to-body ratio);320 x 240 pixels, 4:3 ratio (~154 ppi density);;Microsoft Windows Mobile 6.0 Professional;400 MHz ARM 11;microSD (dedicated slot);128MB RAM, 256MB ROM;2 MP;Yes;No;;Wi-Fi 802.11 b/g;2.0, A2DP;GPS;No;Proprietary;;Pocket OfficeVoice memoMP3/AAC/AAC+/WMA/OGG/AMR playerWMV/MP4 playerFile managerTV-outi-mate GPRS Configurator(WAP, MMS)360° Jog wheel;Removable Li-Ion 1530 mAh battery;Up to 180 h;Up to 4 h 30 min;Black;About 200 EUR;Qualcomm MSM7200;Adreno 130;LED flash;2.5 mm audio jack;;
https://www.gsmarena.com/i_mate_jama_201-2149.php;https://fdn2.gsmarena.com/vv/bigpic/imate-jama201.gif;i-mate JAMA 201;Released 2008, October;152g, 14mm thickness;Microsoft Windows Mobile 6.0 Professional;64MB RAM storage, microSD slot;6;N/A;241,511 hits;"2.4""";320x240 pixels;64 MB RAM;;1050 mAh Li-Ion;GSM 900 / 1800 / 1900;;;2007, October. Released 2008, October;Discontinued;113 x 63 x 14 mm (4.45 x 2.48 x 0.55 in);152 g (5.36 oz);Mini-SIM;TFT resistive touchscreen, 65K colors;2.4 inches, 17.8 cm(~25.1% screen-to-body ratio);320 x 240 pixels, 4:3 ratio (~167 ppi density);;Microsoft Windows Mobile 6.0 Professional;SAMSUNG SC3 2442X 300MHz;microSD (dedicated slot);64MB RAM, 128MB ROM;2 MP, AF;Yes;No;;No;1.1;No;No;miniUSB 1.1;;Pocket OfficeVoice memoMP3/AAC/AAC+/WMA/OGG/AMR playerWMV/MP4 playerFile manager;Removable Li-Ion 1050 mAh battery;Up to 150 h;Up to 4 h;Black;About 250 EUR;;;LED flash;;Class 10;No
https://www.gsmarena.com/i_mate_jama_101-2148.php;https://fdn2.gsmarena.com/vv/bigpic/imate-jama101.gif;i-mate JAMA 101;Cancelled;110g, 15.5mm thickness;Microsoft Windows Mobile 6.0 Professional;64MB RAM storage, microSD slot;9;N/A;309,237 hits;"2.4""";320x240 pixels;64 MB RAM;;1020 mAh Li-Ion;GSM 900 / 1800 / 1900;;;2007, October;Cancelled;105 x 52.5 x 15.5 mm (4.13 x 2.07 x 0.61 in);110 g (3.63 oz);Mini-SIM;TFT resistive touchscreen, 65K colors;2.4 inches, 17.8 cm(~32.4% screen-to-body ratio);320 x 240 pixels, 4:3 ratio (~167 ppi density);Handwriting recognition4-way navigation pad;Microsoft Windows Mobile 6.0 Professional;SAMSUNG SC3 2442X 300MHz;microSD;64MB RAM, 128MB ROM;2 MP;Yes;No;;No;1.2;No;No;miniUSB 1.1;;Pocket OfficeVoice memoMP3/AAC/AAC+/WMA/OGG/AMR playerWMV/MP4 playerFile manager;Removable Li-Ion 1020 mAh battery;Up to 150 h;Up to 4 h;Black;About 250 EUR;;;;;Class 10;No
https://www.gsmarena.com/i_mate_jama-2009.php;https://fdn2.gsmarena.com/vv/bigpic/imate-jama.gif;i-mate JAMA;Released 2007, June;110g, 15.6mm thickness;Microsoft Windows Mobile 5.0 PocketPC;64MB RAM storage, microSD slot;8;N/A;479,046 hits;"2.4""";320x240 pixels;64 MB RAM;;1000 mAh Li-Ion;GSM 900 / 1800;;;2007, June;Discontinued;106 x 52.5 x 15.6 mm (4.17 x 2.07 x 0.61 in);110 g (3.88 oz);Mini-SIM;TFT resistive touchscreen, 65K colors;2.4 inches, 17.8 cm(~32.1% screen-to-body ratio);320 x 240 pixels, 4:3 ratio (~167 ppi density);Handwriting recognition4-way navigation pad;Microsoft Windows Mobile 5.0 PocketPC;Samsung SC3 2442X 300MHz;microSD (dedicated slot);64MB RAM, 128MB ROM;2 MP;Yes;No;;No;1.2;No;No;miniUSB 1.1;;Pocket OfficeVoice memoMP3/AAC/AAC+/WMA/OGG/AMR playerWMV/MP4 playerFile manager;Removable Li-Ion 1000 mAh battery;Up to 150 h;Up to 4 h;Silver;About 200 EUR;;;;;Class 10;No
https://www.gsmarena.com/i_mate_ultimate_9150-1884.php;https://fdn2.gsmarena.com/vv/bigpic/imate-ultim9150.gif;i-mate Ultimate 9150;Cancelled;19mm thickness;Microsoft Windows Mobile 6.0 Professional;128MB RAM storage, microSD slot;12;N/A;546,583 hits;"2.6""";640x480 pixels;128 MB RAM;;1400 mAh Li-Ion;GSM 850 / 900 / 1800 / 1900;HSDPA 850 / 1900 / 2100;HSPA;2007, February;Cancelled;98 x 50 x 19 mm (3.86 x 1.97 x 0.75 in);;Mini-SIM;TFT resistive touchscreen, 256K colors (65K effective);2.6 inches, 20.9 cm(~42.7% screen-to-body ratio);640 x 480 pixels, 4:3 ratio (~308 ppi density);Second OLED, 1.2 inches displayHandwriting recognition;Microsoft Windows Mobile 6.0 Professional;Intel Bulverde 520 MHz;microSD;128MB RAM, 256MB ROM;2 MP;Yes;Yes;;Wi-Fi 802.11 b/g/e/i;2.0, A2DP;No;Stereo FM radio;miniUSB;;Voice memoMP3/AAC/AAC+/WMA/OGG/AMR playerWMV/MP4 playerPocket OfficeFile managerTV-out;Removable Li-Ion 1400 mAh battery;;;Silver;About 410 EUR;;;;;;
https://www.gsmarena.com/i_mate_ultimate_8150-1883.php;https://fdn2.gsmarena.com/vv/bigpic/imate-ultim8150.jpg;i-mate Ultimate 8150;Released 2007, February;152g, 15.5mm thickness;Microsoft Windows Mobile 6.0 Professional;128MB RAM storage, microSD slot;9;N/A;553,383 hits;"2.6""";480x640 pixels;128 MB RAM;;1530 mAh Li-Ion;GSM 850 / 900 / 1800 / 1900;HSDPA 850 / 1900 / 2100;HSPA;2007, February;Discontinued;118.5 x 60.5 x 15.5 mm (4.67 x 2.38 x 0.61 in);152 g (5.36 oz);Mini-SIM;TFT resistive touchscreen, 65K colors;2.6 inches, 20.9 cm(~29.2% screen-to-body ratio);480 x 640 pixels, 4:3 ratio (~308 ppi density);Handwriting recognition;Microsoft Windows Mobile 6.0 Professional;Intel XScale PXA270 520 MHz;microSD (dedicated slot);128MB RAM, 256MB ROM;2 MP, AF;Yes;VGA videocall camera;;Wi-Fi 802.11 b/g/e/i;2.0, A2DP;No;Stereo FM radio;miniUSB;;Voice memoMP3/AAC/AAC+/WMA/OGG/AMR playerWMV/MP4 playerPocket OfficeFile managerTV-out;Removable Li-Ion 1530 mAh battery;;;Silver;About 260 EUR;;;;;;
https://www.gsmarena.com/i_mate_ultimate_7150-1882.php;https://fdn2.gsmarena.com/vv/bigpic/imate-ultim7150.gif;i-mate Ultimate 7150;Cancelled;180g, 18mm thickness;Microsoft Windows Mobile 6.0 Professional;128MB RAM storage, microSD slot;18;N/A;1,078,916 hits;"3.8""";640x480 pixels;128 MB RAM;;1400 mAh Li-Ion;GSM 850 / 900 / 1800 / 1900;HSDPA 850 / 1900 / 2100;HSPA;2007, February;Cancelled;110 x 74 x 18 mm (4.33 x 2.91 x 0.71 in);180 g (6.35 oz);Mini-SIM;TFT resistive touchscreen, 256K colors (65K effective);3.8 inches, 44.7 cm(~54.9% screen-to-body ratio);640 x 480 pixels, 4:3 ratio (~211 ppi density);Second OLED, 2.2 inches display (128 x 128 pixels)Handwriting recognition;Microsoft Windows Mobile 6.0 Professional;Intel Bulverde 520 MHz;microSD;128MB RAM, 256MB ROM;2 MP;Yes;VGA videocall camera;;Wi-Fi 802.11 b/g/e/i;2.0, A2DP;No;Stereo FM radio;miniUSB;;Voice memoMP3/AAC/AAC+/WMA/OGG/AMR playerWMV/MP4 playerPocket OfficeFile managerTV-out;Removable Li-Ion 1400 mAh battery;;;Silver;About 300 EUR;;;;;;
https://www.gsmarena.com/i_mate_ultimate_6150-1881.php;https://fdn2.gsmarena.com/vv/bigpic/imate-ultim6150.jpg;i-mate Ultimate 6150;Released 2008, January;152g, 15.5mm thickness;Microsoft Windows Mobile 6.0 Professional;128MB RAM storage, microSD slot;10;N/A;426,544 hits;"2.8""";640x480 pixels;128 MB RAM;;1530 mAh Li-Ion;GSM 850 / 900 / 1800 / 1900;HSDPA 850 / 1900 / 2100;HSPA;2007, February. Released 2008, January;Discontinued;118.5 x 60.5 x 15.5 mm (4.67 x 2.38 x 0.61 in);152 g (5.36 oz);Mini-SIM;TFT resistive touchscreen, 256K colors (65K effective);2.8 inches, 24.3 cm(~33.9% screen-to-body ratio);640 x 480 pixels, 4:3 ratio (~286 ppi density);Handwriting recognition;Microsoft Windows Mobile 6.0 Professional;Intel Bulverde 520 MHz;microSD (dedicated slot);128MB RAM, 256MB ROM;2 MP;Yes;VGA videocall camera;;Wi-Fi 802.11 b/g/e/i;2.0, A2DP;No;Stereo FM radio;miniUSB;;Voice memoMP3/AAC/AAC+/WMA/OGG/AMR playerWMV/MP4 playerPocket OfficeFile managerTV-out;Removable Li-Ion 1530 mAh battery;;;Silver;About 260 EUR;;;;;;
https://www.gsmarena.com/i_mate_ultimate_5150-1880.php;https://fdn2.gsmarena.com/vv/bigpic/imate-ultim5150.gif;i-mate Ultimate 5150;Cancelled;19.5mm thickness;Microsoft Windows Mobile 6.0 Professional;128MB RAM storage, microSD slot;10;N/A;367,336 hits;"2.8""";640x480 pixels;128 MB RAM;;1400 mAh Li-Ion;GSM 850 / 900 / 1800 / 1900;HSDPA 850 / 1900 / 2100;HSPA;2007, February;Cancelled;117 x 60.5 x 19.5 mm (4.61 x 2.38 x 0.77 in);;Mini-SIM;TFT resistive touchscreen, 256K colors (65K effective);2.8 inches, 24.3 cm(~34.3% screen-to-body ratio);640 x 480 pixels, 4:3 ratio (~286 ppi density);Handwriting recognition;Microsoft Windows Mobile 6.0 Professional;Intel Bulverde 520 MHz;microSD;128MB RAM, 256MB ROM;2 MP;Yes;Yes;;Wi-Fi 802.11 b/g/e/i;2.0, A2DP;No;Stereo FM radio;miniUSB;;Voice memoMP3/AAC/AAC+/WMA/OGG/AMR playerWMV/MP4 playerPocket OfficeFile managerTV-out;Removable Li-Ion 1400 mAh battery;;;Silver;About 300 EUR;;;;;;
https://www.gsmarena.com/i_mate_jaq4-1879.php;https://fdn2.gsmarena.com/vv/bigpic/imate-jaq4.gif;i-mate JAQ4;Cancelled;184g, 15.5mm thickness;Microsoft Windows Mobile 6.0 Professional;64MB RAM storage, miniSD slot;8;N/A;223,404 hits;"2.8""";320x240 pixels;64 MB RAM;TI OMAP 850;1660 mAh Li-Ion;GSM 850 / 900 / 1800 / 1900;;;2007, February;Cancelled;125 x 71 x 15.5 mm (4.92 x 2.80 x 0.61 in);184 g (6.49 oz);Mini-SIM;TFT resistive touchscreen, 65K colors;2.8 inches, 24.3 cm(~27.4% screen-to-body ratio);320 x 240 pixels, 4:3 ratio (~143 ppi density);Handwriting recognition;Microsoft Windows Mobile 6.0 Professional;200 MHz ARM926EJ-S;miniSD;64MB RAM, 128MB ROM;2 MP, AF;Yes;No;;Wi-Fi 802.11 b/g;1.2;GPS;No;1.1;;Voice memoMP3/AAC/AAC+/WMA/OGG/AMR playerWMV/MP4 playerFile managerPocket Office;Removable Li-Ion 1660 mAh battery;Up to 200 h;Up to 5 h;Black;About 150 EUR;TI OMAP 850;;;;Class 10;Class 10
https://www.gsmarena.com/i_mate_pdal-1787.php;https://fdn2.gsmarena.com/vv/bigpic/imate-pdal.gif;i-mate PDAL;Released 2006, November;116g, 17mm thickness;Microsoft Windows Mobile 5.0 PocketPC;64MB RAM storage, microSD slot;10;N/A;388,280 hits;"2.4""";320x240 pixels;64 MB RAM;TI OMAP 850;1100 mAh Li-Ion;GSM 850 / 900 / 1800 / 1900;;;2006, November;Discontinued;112 x 56 x 17 mm (4.41 x 2.20 x 0.67 in);116 g (4.09 oz);Mini-SIM;TFT resistive touchscreen, 65K colors;2.4 inches, 17.8 cm(~28.4% screen-to-body ratio);320 x 240 pixels, 4:3 ratio (~167 ppi density);Handwriting recognition;Microsoft Windows Mobile 5.0 PocketPC;200 MHz ARM926EJ-S;microSD (dedicated slot);64MB RAM, 128MB ROM;2 MP;Yes;No;;Wi-Fi 802.11 b/g;1.2, A2DP;No;No;1.1;;Pocket OfficeVoice memoMP3/AAC playerFile manager;Removable Li-Ion 1100 mAh battery;Up to 150 h;Up to 4 h;Silver;About 220 EUR;TI OMAP 850;;;;Class 10;Class 10
https://www.gsmarena.com/i_mate_jaq3-1786.php;https://fdn2.gsmarena.com/vv/bigpic/imate-jaq3.gif;i-mate JAQ3;Released 2006, November;160g, 14.5mm thickness;Microsoft Windows Mobile 5.0 PocketPC;64MB RAM storage, microSD slot;10;N/A;243,293 hits;"2.5""";320x240 pixels;64 MB RAM;TI OMAP 850;1200 mAh Li-Ion;GSM 850 / 900 / 1800 / 1900;;;2006, November;Discontinued;126 x 67.5 x 14.5 mm (4.96 x 2.66 x 0.57 in);160 g (5.64 oz);Mini-SIM;TFT resistive touchscreen, 65K colors;2.5 inches, 19.4 cm(~22.8% screen-to-body ratio);320 x 240 pixels, 4:3 ratio (~160 ppi density);Handwriting recognition;Microsoft Windows Mobile 5.0 PocketPC;200 MHz ARM926EJ-S;microSD (dedicated slot);64MB RAM, 128MB ROM;2 MP;Yes;No;;Wi-Fi 802.11 b/g;1.2, A2DP;No;No;1.1;;Pocket OfficeVoice memoMP3/AAC playerFile manager;Removable Li-Ion 1200 mAh battery;Up to 150 h;Up to 4 h;Black;About 240 EUR;TI OMAP 850;;;;Class 10;Class 10
https://www.gsmarena.com/i_mate_spl-1703.php;https://fdn2.gsmarena.com/vv/bigpic/imate-spl.gif;i-mate SPL;Released 2006, September;102g, 12mm thickness;Microsoft Windows Mobile 5.0 Smartphone;64MB RAM storage, miniSD slot;8;N/A;301,337 hits;"2.2""";240x320 pixels, 2.2 inches;64 MB RAM;;1100 mAh Li-Ion;GSM 900 / 1800 / 1900;;;2006, September;Discontinued;114.5 x 49 x 12 mm (4.51 x 1.93 x 0.47 in);102 g (3.60 oz);Mini-SIM;TFT, 65K colors;2.2 inches, 34 x 45 mm, 15.0 cm(~26.7% screen-to-body ratio);240 x 320 pixels, 2.2 inches, 4:3 ratio (~182 ppi density);5-way navigation;Microsoft Windows Mobile 5.0 Smartphone;200 MHz ARM926EJ-S;miniSD;64MB RAM, 128MB ROM;2 MP;QCIF;No;;No;1.2;No;No;miniUSB;;Voice memoMP3/AAC playerFile explorerPredictive text input;Removable Li-Ion 1100 mAh battery;Up to 150 h;Up to 4 h;Black;About 130 EUR;;;;;Class 10;No
https://www.gsmarena.com/i_mate_jaq-1702.php;https://fdn2.gsmarena.com/vv/bigpic/imate-jaq.gif;i-mate JAQ;Released 2006, September;160g, 22mm thickness;Microsoft Windows Mobile 5.0 PocketPC;64MB RAM storage, miniSD slot;7;N/A;334,356 hits;"2.8""";320x240 pixels;64 MB RAM;TI OMAP 850;1440 mAh Li-Ion;GSM 850 / 900 / 1800 / 1900;;;2006, September;Discontinued;122 x 71 x 22 mm (4.80 x 2.80 x 0.87 in);160 g (5.64 oz);Mini-SIM;TFT resistive touchscreen, 65K colors;2.8 inches, 24.3 cm(~28.0% screen-to-body ratio);320 x 240 pixels, 4:3 ratio (~143 ppi density);Handwriting recognition;Microsoft Windows Mobile 5.0 PocketPC;200 MHz ARM926EJ-S;miniSD;64MB RAM, 128MB ROM;No;;;;No;1.2;No;No;miniUSB;;Pocket OfficeVoice memoMP3/AAC playerFile managerPredictive text input;Removable Li-Ion 1440 mAh battery;Up to 150 h;Up to 4 h;Silver;About 180 EUR;TI OMAP 850;;;;Class 10;Class 10
https://www.gsmarena.com/i_mate_jasjam-1589.php;https://fdn2.gsmarena.com/vv/bigpic/imate-jasjam.gif;i-mate JASJAM;Released 2006, June;176g, 22mm thickness;Microsoft Windows Mobile 5.0 PocketPC;64MB RAM storage, microSD slot;13;N/A;1,024,165 hits;"2.8""";240x320 pixels, 2.8 inches;64 MB RAM;;1300 mAh Li-Ion;GSM 850 / 900 / 1800 / 1900;HSDPA 850 / 1900 / 2100;HSPA 1.8 Mbps;2006, June;Discontinued;112.5 x 58 x 22 mm (4.43 x 2.28 x 0.87 in);176 g (6.21 oz);Mini-SIM;TFT resistive touchscreen, 65K colors;2.8 inches, 42 x 57 mm, 24.3 cm(~37.2% screen-to-body ratio);240 x 320 pixels, 2.8 inches, 4:3 ratio (~143 ppi density);Handwriting recognition;Microsoft Windows Mobile 5.0 PocketPC;400 MHz Samsung;microSD (dedicated slot);64MB RAM, 128MB ROM;2 MP;Yes;QCIF videocall camera;;Wi-Fi 802.11b/g;2.0;No;No;miniUSB;;Pocket OfficeVoice memoMP3/AAC player;Removable Li-Ion 1300 mAh battery;Up to 200 h;Up to 5 h;Silver;About 220 EUR;;;LED flash;;;
https://www.gsmarena.com/i_mate_spjas-1683.php;https://fdn2.gsmarena.com/vv/bigpic/imate-spjas.gif;i-mate SPJAS;Released 2006, August;115g, 14.8mm thickness;Microsoft Windows Mobile 5.0 Smartphone;64MB RAM storage, microSD slot;8;N/A;208,748 hits;"2.2""";240x320 pixels, 2.2 inches;64 MB RAM;;1190 mAh Li-Ion;GSM 900 / 1800 / 1900;UMTS 2100;Yes, 384 kbps;2006, August;Discontinued;112.4 x 49 x 14.8 mm (4.43 x 1.93 x 0.58 in);115 g (4.06 oz);Mini-SIM;TFT, 65K colors;2.2 inches, 34 x 45 mm, 15.0 cm(~27.2% screen-to-body ratio);240 x 320 pixels, 2.2 inches, 4:3 ratio (~182 ppi density);5-way navigation button;Microsoft Windows Mobile 5.0 Smartphone;Samsung 2442 300 MHz;microSD (dedicated slot);64MB RAM, 128MB ROM;1.3 MP;Yes;CIF videocall camera;;No;1.2;No;No;1.1;;Windows MPlayer 10 mobileFile managerPocket OfficePredictive text inputOrganizerVioce dial/memo;Removable Li-Ion 1190 mAh battery;;;;About 110 EUR;;;;;;
https://www.gsmarena.com/i_mate_smartflip-1482.php;https://fdn2.gsmarena.com/vv/bigpic/imate-smartflip.gif;i-mate Smartflip;Released 2006, February;99g, 15.8mm thickness;Microsoft Windows Mobile 5.0 Smartphone;64MB RAM storage, microSD slot;10;N/A;357,194 hits;"2.2""";240x320 pixels, 2.2 inches;64 MB RAM;TI OMAP 850;750 mAh Li-Ion;GSM 850 / 900 / 1800 / 1900;;;2006, February;Discontinued;98.5 x 51.4 x 15.8 mm (3.88 x 2.02 x 0.62 in);99 g (3.49 oz);Mini-SIM;TFT, 65K colors;2.2 inches, 34 x 45 mm, 15.0 cm(~29.6% screen-to-body ratio);240 x 320 pixels, 2.2 inches, 4:3 ratio (~182 ppi density);Second external 1.2-inch TFT display, 65K colors (128 x 128 pixels);Microsoft Windows Mobile 5.0 Smartphone;200 MHz ARM926EJ-S;microSD (dedicated slot);64MB RAM, 64MB ROM;1.3 MP;Yes;No;;No;1.2;No;No;1.1;;Pocket OfficeVoice memo/dialMP3/AAC playerPredictive text input;Removable Li-Ion 750 mAh battery;;;Stylish black;About 110 EUR;TI OMAP 850;;;;Class 10;Class 10
https://www.gsmarena.com/i_mate_jamin-1420.php;https://fdn2.gsmarena.com/vv/bigpic/imate-jamin.gif;i-mate JAMin;Released 2006, Q1;150g, 18.2mm thickness;Microsoft Windows Mobile 5.0 PocketPC;64MB RAM storage, SD/MMC slot;12;N/A;850,199 hits;"2.8""";240x320 pixels, 2.8 inches;64 MB RAM;TI OMAP 850;1200 mAh Li-Po;GSM 850 / 900 / 1800 / 1900;;;2006, Q1;Discontinued;108 x 58 x 18.2 mm (4.25 x 2.28 x 0.72 in);150 g (5.29 oz);Mini-SIM;TFT resistive touchscreen, 65K colors;2.8 inches, 42 x 57 mm, 24.3 cm(~38.8% screen-to-body ratio);240 x 320 pixels, 2.8 inches, 4:3 ratio (~143 ppi density);Handwriting recognition;Microsoft Windows Mobile 5.0 PocketPC;200 MHz ARM926EJ-S;SD/MMC, up to 2 GB;64MB RAM, 128MB ROM;2 MP;CIF;No;;Wi-Fi 802.11b/g;2.0;No;No;miniUSB;;Pocket OfficeVoice memoMP3/AAC player;Removable Li-Po 1200 mAh battery;;;Stylish black;About 220 EUR;TI OMAP 850;;;;Class 10;Class 10
https://www.gsmarena.com/i_mate_jasjar-1262.php;https://fdn2.gsmarena.com/vv/bigpic/imate-jasjar.gif;i-mate JASJAR;Released 2005, August;285g, 25mm thickness;Microsoft Windows Mobile 5.0 PocketPC;64MB RAM storage, SDIO/MMC slot;23;N/A;1,147,588 hits;"3.6""";640x480 pixels, 3.6 inches;64 MB RAM;;1620 mAh Li-Ion;GSM 900 / 1800 / 1900;UMTS 2100;Yes, 384 kbps;2005, August;Discontinued;127.7 x 81 x 25 mm (5.03 x 3.19 x 0.98 in);285 g (10.05 oz);Mini-SIM;TFT resistive touchscreen, 65K colors;3.6 inches, 73 x 55 mm, 40.1 cm(~38.8% screen-to-body ratio);640 x 480 pixels, 3.6 inches, 4:3 ratio (~222 ppi density);180-degree pivot displayHandwriting recognition;Microsoft Windows Mobile 5.0 PocketPC;Intel Bulverde 520 MHz;SDIO/MMC, up to 2 GB;64MB RAM, 128MB ROM;1.3 MP;Yes;VGA videocall camera;;Wi-Fi 802.11b;Yes;No;No;miniUSB;;Pocket OfficeVoice memoMP3/AAC playerPredictive text input;Removable Li-Ion 1620 mAh battery;Up to 260 h;Up to 8 h;Stylish black;About 260 EUR;;;;Dual speakers;;
https://www.gsmarena.com/i_mate_k_jam-1278.php;https://fdn2.gsmarena.com/vv/bigpic/imate-k-jam.gif;i-mate K-JAM;Released 2005, September;160g, 23.7mm thickness;Microsoft Windows Mobile 5.0 PocketPC;64MB RAM storage, miniSD slot;11;N/A;926,839 hits;"2.8""";240x320 pixels, 2.8 inches;64 MB RAM;TI OMAP 850;1250 mAh Li-Po;GSM 850 / 900 / 1800 / 1900;;;2005, September;Discontinued;108 x 58 x 23.7 mm (4.25 x 2.28 x 0.93 in);160 g (5.64 oz);Mini-SIM;TFT resistive touchscreen, 65K colors;2.8 inches, 42 x 57 mm, 24.3 cm(~38.8% screen-to-body ratio);240 x 320 pixels, 2.8 inches, 4:3 ratio (~143 ppi density);;Microsoft Windows Mobile 5.0 PocketPC;200 MHz ARM926EJ-S;miniSD, up to 2 GB;64MB RAM, 128MB ROM;1.3 MP;Yes;No;;Wi-Fi 802.11b/g;2.0;No;No;miniUSB;;Microsoft ActiveSyncPocket OfficeMP3/AAC player;Removable Li-Po 1250 mAh battery;Up to 200 h;Up to 5 h;Stylish black;About 280 EUR;TI OMAP 850;;LED flash;;Class 10;Class 10
https://www.gsmarena.com/i_mate_sp5-1267.php;https://fdn2.gsmarena.com/vv/bigpic/imate-sp5.gif;i-mate SP5;Released 2005, August;106g, 17.5mm thickness;Microsoft Windows Mobile 5.0 Smartphone;64MB RAM storage, MiniSD slot;10;N/A;385,919 hits;"2.2""";240x320 pixels, 2.2 inches;64 MB RAM;TI OMAP 850;1050 mAh Li-Ion;GSM 850 / 900 / 1800 / 1900;;;2005, August;Discontinued;107.5 x 46.2 x 17.5 mm (4.23 x 1.82 x 0.69 in);106 g (3.74 oz);Mini-SIM;TFT, 65K colors;2.2 inches, 33 x 45 mm, 15.0 cm(~30.2% screen-to-body ratio);240 x 320 pixels, 2.2 inches, 4:3 ratio (~182 ppi density);5-way navigation button;Microsoft Windows Mobile 5.0 Smartphone;200 MHz ARM926EJ-S;MiniSD;64MB RAM, 64MB ROM;1.3 MP;Yes;No;;Wi-Fi 802.11b;1.1;No;No;miniUSB 1.1;;MP3/AAC playerPredictive text inputOrganizer;Removable Li-Ion 1050 mAh battery;Up to 250 h;Up to 5 h;;About 150 EUR;TI OMAP 850;;;;Class 10;Class 10
https://www.gsmarena.com/i_mate_sp5m-1268.php;https://fdn2.gsmarena.com/vv/bigpic/imate-sp5m.gif;i-mate SP5m;Released 2005, August;106g, 17.5mm thickness;Microsoft Windows Mobile 5.0 Smartphone;64MB RAM storage, MiniSD slot;9;N/A;277,613 hits;"2.2""";240x320 pixels, 2.2 inches;64 MB RAM;TI OMAP 730;1050 mAh Li-Ion;GSM 850 / 900 / 1800 / 1900;;;2005, August;Discontinued;107.5 x 46.2 x 17.5 mm (4.23 x 1.82 x 0.69 in);106 g (3.74 oz);Mini-SIM;TFT, 65K colors;2.2 inches, 33 x 45 mm, 15.0 cm(~30.2% screen-to-body ratio);240 x 320 pixels, 2.2 inches, 4:3 ratio (~182 ppi density);5-way navigation button;Microsoft Windows Mobile 5.0 Smartphone;200 MHz ARM926EJ-S;MiniSD;64MB RAM, 64MB ROM;1.3 MP;Yes;No;;Wi-Fi 802.11b;1.1;No;No;miniUSB 1.1;;MP3/AAC playerPredictive text inputOrganizer;Removable Li-Ion 1050 mAh battery;Up to 250 h;Up to 5 h;;About 150 EUR;TI OMAP 730;;;;Class 10;Class 10
https://www.gsmarena.com/i_mate_sp4m-1277.php;https://fdn2.gsmarena.com/vv/bigpic/imate-sp4m.gif;i-mate SP4m;Released 2005, September;100g, 19mm thickness;Microsoft Windows Mobile 5.0 Smartphone;64MB RAM storage, miniSD slot;8;N/A;151,577 hits;"2.2""";240x320 pixels;64 MB RAM;TI OMAP 850;1150 mAh Li-Po;GSM 900 / 1800 / 1900;;;2005, September;Discontinued;109 x 48 x 19 mm (4.29 x 1.89 x 0.75 in);100 g (3.53 oz);Mini-SIM;TFT, 65K colors;2.2 inches, 33 x 45 mm, 15.0 cm(~28.6% screen-to-body ratio);240 x 320 pixels, 4:3 ratio (~182 ppi density);;Microsoft Windows Mobile 5.0 Smartphone;200 MHz ARM926EJ-S;miniSD;64MB RAM, 64MB ROM;1.3 MP;Yes;No;;No;1.2;No;No;miniUSB;;Microsoft ActiveSyncMP3/AAC playerPredictive text input;Removable Li-Po 1150 mAh battery;Up to 150 h;Up to 3 h;Silver;About 130 EUR;TI OMAP 850;;;;Class 10;No
https://www.gsmarena.com/i_mate_jam_black-1263.php;https://fdn2.gsmarena.com/vv/bigpic/imate-jam_black.gif;i-mate JAM Black;Released 2005, Q3;160g, 18mm thickness;Microsoft Windows Mobile 2003 SE PocketPC;128MB RAM storage, SDIO/MMC slot;10;N/A;339,167 hits;"2.8""";240x320 pixels, 2.8 inches;128 MB RAM;;1200 mAh Li-Po;GSM 900 / 1800 / 1900;;;2005, Q3;Discontinued;108 x 58 x 18 mm (4.25 x 2.28 x 0.71 in);160 g (5.64 oz);Mini-SIM;TFT resistive touchscreen, 65K colors;2.8 inches, 42 x 57 mm, 24.3 cm(~38.8% screen-to-body ratio);240 x 320 pixels, 2.8 inches, 4:3 ratio (~143 ppi density);Handwriting recognition;Microsoft Windows Mobile 2003 SE PocketPC;Intel Bulverde 416 MHz;SDIO/MMC;128MB RAM, 64MB ROM;1.3 MP;Yes;No;;No;1.2;No;No;Proprietary;;Pocket OfficeVoice memoMP3/AAC playerPredictive text input;Removable Li-Po 1200 mAh battery;;;Stylish black;About 270 EUR;;;;;Class 10;No
https://www.gsmarena.com/i_mate_jam-963.php;https://fdn2.gsmarena.com/vv/bigpic/imjam.gif;i-mate JAM;Released 2004, Q4;150g, 18mm thickness;Microsoft Windows Mobile 2003 SE PocketPC;64MB RAM storage, SDIO/MMC slot;13;N/A;807,003 hits;"2.8""";240x320 pixels;64 MB RAM;;1200 mAh Li-Ion;GSM 900 / 1800 / 1900;;;2004, Q4;Discontinued;108 x 58 x 18 mm (4.25 x 2.28 x 0.71 in);150 g (5.29 oz);Mini-SIM;TFT resistive touchscreen, 65K colors;2.8 inches, 42 x 57 mm, 24.3 cm(~38.8% screen-to-body ratio);240 x 320 pixels, 4:3 ratio (~143 ppi density);Handwriting recognition;Microsoft Windows Mobile 2003 SE PocketPC;Intel PXA272 416 MHz;SDIO/MMC, up to 2 GB;64MB RAM;1.3 MP;Yes;No;;No;Yes;No;No;Proprietary;;Pocket OfficeVoice memoMP3/AAC playerPredictive text input;Removable Li-Ion 1200 mAh battery;Up to 180 h;Up to 3 h 30 min;Stylish black and silver;About 260 EUR;;;;;Class 10;No
https://www.gsmarena.com/i_mate_pda2-1185.php;https://fdn2.gsmarena.com/vv/bigpic/imate-pda2.gif;i-mate PDA2;Released 2004, Q4;190g, 19mm thickness;Microsoft Windows Mobile 2003 SE PocketPC;128MB RAM storage, MMC/SDIO slot;12;N/A;346,292 hits;"3.5""";240x320 pixels, 3.5 inches;128 MB RAM;;1300 mAh Li-Ion;GSM 900 / 1800 / 1900;;;2004, Q4;Discontinued;130 x 69 x 19 mm (5.12 x 2.72 x 0.75 in);190 g (6.70 oz);Mini-SIM;TFT resistive touchscreen, 65K colors;3.5 inches, 53 x 71 mm, 37.9 cm(~42.3% screen-to-body ratio);240 x 320 pixels, 3.5 inches, 4:3 ratio (~114 ppi density);Handwriting recognition;Microsoft Windows Mobile 2003 SE PocketPC;Intel XScale PXA272 520 MHz;MMC/SDIO, up to 2 GB;128MB RAM, 64MB ROM;1.3 MP;Yes;No;;Wi-Fi 802.11b;v.1.2;No;No;Proprietary;;Pocket OfficeMP3/MP4 playerPDF, PPT viewerVoice memo;Removable Li-Ion 1300 mAh battery;Up to 150 h;Up to 3 h 30 min;;;;;;;Class 10;No
https://www.gsmarena.com/i_mate_pda2k-962.php;https://fdn2.gsmarena.com/vv/bigpic/impda2k.gif;i-mate PDA2k;Released 2004, Q3;210g, 18.7mm thickness;Microsoft Windows Mobile 2003 SE PocketPC;128MB RAM storage, SDIO/MMC slot;11;N/A;464,001 hits;"3.5""";240x320 pixels, 3.5 inches;128 MB RAM;;1050 mAh Li-Ion;GSM 850 / 900 / 1800 / 1900;;;2004, Q3;Discontinued;125 x 71.6 x 18.7 mm (4.92 x 2.82 x 0.74 in);210 g (7.41 oz);Mini-SIM;TFT resistive touchscreen, 65K colors;3.5 inches, 53 x 71 mm, 37.9 cm(~42.4% screen-to-body ratio);240 x 320 pixels, 3.5 inches, 4:3 ratio (~114 ppi density);;Microsoft Windows Mobile 2003 SE PocketPC;Intel PXA263 400 MHz;SDIO/MMC;128MB RAM, 64MB ROM;VGA;Yes;No;;Wi-Fi 802.11b;1.1;No;No;Proprietary;;Microsoft ActiveSyncMP3/AAC playerPredictive text input;Removable Li-Ion 1050 mAh battery;Up to 168 h;Up to 4 h;Stylish black and silver;;;;;;Class 10;No
https://www.gsmarena.com/i_mate_sp3i-961.php;https://fdn2.gsmarena.com/vv/bigpic/imsp3i.gif;i-mate SP3i;Released 2004, Q3;102g, 18mm thickness;Microsoft Windows Mobile 2003 SE Smartphone;32MB RAM storage, MiniSD slot;9;N/A;304,813 hits;"2.2""";176x220 pixels, 2.2 inches;32 MB RAM;TI OMAP 730;1050 mAh Li-Ion;GSM 900 / 1800 / 1900;;;2004, Q3;Discontinued;107.5 x 44.5 x 18 mm (4.23 x 1.75 x 0.71 in);102 g (3.60 oz);Mini-SIM;TFT, 65K colors;2.2 inches, 35 x 44 mm, 15.2 cm(~31.8% screen-to-body ratio);176 x 220 pixels, 2.2 inches (~128 ppi density);5-way navigation button3-color LED indicatorDownloadable logos;Microsoft Windows Mobile 2003 SE Smartphone;200 MHz ARM926EJ-S;MiniSD;32MB RAM, 64MB ROM;VGA;Yes;No;;No;1.1;No;No;Proprietary;;MP3/AAC playerPredictive text inputOrganizer;Removable Li-Ion 1050 mAh battery;Up to 140 h;Up to 3 h 30 min;Stylish black and silver;;TI OMAP 730;;;;Class 10;No
https://www.gsmarena.com/i_mate_sp3-960.php;https://fdn2.gsmarena.com/vv/bigpic/imsp3.gif;i-mate SP3;Released 2004, Q2;106.3g, 17mm thickness;Microsoft Windows Mobile 2003 SE Smartphone;32MB RAM storage, MiniSD slot;9;N/A;299,061 hits;"2.2""";176x220 pixels, 2.2 inches;32 MB RAM;TI OMAP 730;1050 mAh Li-Ion;GSM 900 / 1800 / 1900;;;2004, Q2;Discontinued;107.5 x 46.2 x 17 mm (4.23 x 1.82 x 0.67 in);106.3 g (3.74 oz);Mini-SIM;TFT, 65K colors;2.2 inches, 35 x 44 mm, 15.2 cm(~30.7% screen-to-body ratio);176 x 220 pixels, 2.2 inches (~128 ppi density);5-way navigation button3-color LED indicatorDownloadable logos;Microsoft Windows Mobile 2003 SE Smartphone;200 MHz ARM926EJ-S;MiniSD;32MB RAM, 64MB ROM;VGA;Yes;No;;No;1.1;No;No;Proprietary;;Microsoft ActiveSyncMP3/AAC playerPredictive text input;Removable Li-Ion 1050 mAh battery;Up to 140 h;Up to 3 h 30 min;Cool metallic, Light blue;;TI OMAP 730;;;;Class 10;No
https://www.gsmarena.com/i_mate_pocket_pc-959.php;https://fdn2.gsmarena.com/vv/bigpic/impocket.gif;i-mate Pocket PC;Released 2004, Q2;190g, 18mm thickness;Microsoft Windows Mobile 2003 PocketPC;64MB RAM storage, SDIO/MMC slot;12;N/A;538,899 hits;"3.5""";240x320 pixels;64 MB RAM;;1200 mAh Li-Ion;GSM 900 / 1800 / 1900;;;2004, Q2;Discontinued;130 x 70 x 18 mm, 105 cc (5.12 x 2.76 x 0.71 in);190 g (6.70 oz);Mini-SIM;TFT resistive touchscreen, 65K colors;3.5 inches, 53 x 71 mm, 37.9 cm(~41.7% screen-to-body ratio);240 x 320 pixels, 4:3 ratio (~114 ppi density);5-way navigation buttonDownloadable logos;Microsoft Windows Mobile 2003 PocketPC;Intel PXA263 400 MHz;SDIO/MMC;64MB RAM (128MB optional);VGA;Yes;No;;No;Yes;No;No;Proprietary;;Microsoft ActiveSyncMP3 playerPredictive text input;Removable Li-Ion 1200 mAh battery;Up to 160 h;Up to 3 h 30 min;Silver;;;;;;Class 10;No
https://www.gsmarena.com/i_mate_smartphone2-958.php;https://fdn2.gsmarena.com/vv/bigpic/imsmart2.gif;i-mate Smartphone2;Released 2004, Q1;130g, 24.4mm thickness;Microsoft Smartphone 2003 OS;32MB RAM storage, SDIO/MMC slot;7;N/A;174,744 hits;"2.2""";176x220 pixels, 2.2 inches;32 MB RAM;TI OMAP 710;1000 mAh Li-Ion;GSM 900 / 1800 / 1900;;;2004, Q1;Discontinued;120.4 x 50.1 x 24.4 mm, 105 cc (4.74 x 1.97 x 0.96 in);130 g (4.59 oz);Mini-SIM;TFT, 65K colors;2.2 inches, 35 x 44 mm, 15.2 cm(~25.3% screen-to-body ratio);176 x 220 pixels, 2.2 inches (~128 ppi density);White LED back light5-way navigation buttonDownloadable logos;Microsoft Smartphone 2003 OS;133 MHz  ARM925;SDIO/MMC, up to 2 GB;32MB RAM, 64MB ROM;VGA;No;No;;No;Yes;No;No;1.1;;Microsoft ActiveSyncCalculatorPredictive text inputMP3 player;Removable Li-Ion 1000 mAh battery;Up to 90 h;Up to 3 h 30 min;;;TI OMAP 710;;;;Class 8;No
https://www.gsmarena.com/i_mate_smartphone-957.php;https://fdn2.gsmarena.com/vv/bigpic/imsmart.gif;i-mate Smartphone;Released 2004, Q1;130g, 23.5mm thickness;Microsoft Windows Mobile Smartphone;16MB RAM storage, SD/SDIO slot;12;N/A;274,561 hits;"2.2""";176x220 pixels;16 MB RAM;;920 mAh Li-Ion;GSM 900 / 1800 / 1900;;;2004, Q1;Discontinued;120 x 50 x 23.5 mm, 105 cc (4.72 x 1.97 x 0.93 in);130 g (4.59 oz);Mini-SIM;TFT, 65K colors;2.2 inches, 35 x 44 mm, 15.2 cm(~25.4% screen-to-body ratio);176 x 220 pixels (~128 ppi density);White LED back light5-way navigation buttonDownloadable logos;Microsoft Windows Mobile Smartphone;120 MHz;SD/SDIO;16MB RAM, 32MB ROM;No;;;;No;No;No;No;Proprietary;;OrganizerPredictive text inputMP3 player;Removable Li-Ion battery;Up to 90 h;Up to 6 h;;;;;;;Class 8;No
