Link;Image;Name;Release date;Weight;OS;Storage;Fans;Popularity;Hits;Screen_size;Screen_resolution;RAM;SOC;Battery;net2g;net3g;speed;year;status;dimensions;weight;sim;displaytype;displaysize;displayresolution;displayother;os;memoryslot;cam1modules;cam1video;cam2modules;wlan;bluetooth;gps;radio;usb;sensors;featuresother;batdescription1;batstandby1;battalktime1;colors;bodyother;internalmemory;gprstext;edge;cam1features
https://www.gsmarena.com/i_mobile_i858-3327.php;https://fdn2.gsmarena.com/vv/bigpic/i858.jpg;i-mobile i858;Released 2010;12.8mm thickness;Android 2.0;microSDHC slot;10;N/A;350,387 hits;"4.3""";480x800 pixels; ;;1500 mAh Li-Ion;GSM 850 / 900 / 1800 / 1900;HSDPA 2100;HSPA;2010. Released 2010;Discontinued;120 x 67 x 12.8 mm (4.72 x 2.64 x 0.50 in);-;Mini-SIM;TFT, 256K colors;4.3 inches, 52.6 cm(~65.5% screen-to-body ratio);480 x 800 pixels, 5:3 ratio (~217 ppi density);3D Widget UI;Android 2.0 (Donut);microSDHC (dedicated slot);5 MP, AF;Yes;No;Wi-Fi 802.11 b/g;2.0, A2DP;GPS, A-GPS;Stereo FM radio;Proprietary;Accelerometer;TV tunerMP3/WAV/AAC playerMP4/H.263 playerOrganizerVoice memoPredictive text input;Removable Li-Ion 1500 mAh battery;Up to 250 h;Up to 4 h 30 min;Black, White;;;;;
https://www.gsmarena.com/i_mobile_8500-3328.php;https://fdn2.gsmarena.com/vv/bigpic/8500.jpg;i-mobile 8500;Released 2010;14.9mm thickness;Android OS;256MB 128MB RAM storage, microSDHC slot;6;N/A;133,081 hits;"3.2""";320x480 pixels;128 MB RAM;;1500 mAh Li-Ion;GSM 850 / 900 / 1800 / 1900;HSDPA 2100;HSPA;2010. Released 2010;Discontinued;112 x 56.5 x 14.9 mm (4.41 x 2.22 x 0.59 in);-;Mini-SIM;TFT, 256K colors;3.2 inches, 30.5 cm(~48.2% screen-to-body ratio);320 x 480 pixels, 3:2 ratio (~180 ppi density);;Android OS;microSDHC (dedicated slot);5 MP;Yes;No;Wi-Fi 802.11 b/g;2.0, A2DP;GPS, A-GPS;Stereo FM radio;Proprietary;Accelerometer;MP3/WAV/AAC playerMP4/H.263 playerOrganizerVoice memoPredictive text input;Removable Li-Ion 1500 mAh battery;Up to 250 h;Up to 8 h;Silver;Trackball;256MB 128MB RAM;;;
https://www.gsmarena.com/i_mobile_5230-3329.php;https://fdn2.gsmarena.com/vv/bigpic/5230.jpg;i-mobile 5230;Released 2010;14.4mm thickness;Feature phone;48MB storage, microSD slot;8;N/A;139,633 hits;"2.8""";240x320 pixels; ;;1200 mAh Li-Ion;GSM 900 / 1800 / 1900 - SIM 1;;;2010. Released 2010;Discontinued;116 x 58 x 14.4 mm (4.57 x 2.28 x 0.57 in);-;Dual SIM (Mini-SIM);TFT resistive touchscreen, 256K colors;2.8 inches, 24.3 cm(~36.1% screen-to-body ratio);240 x 320 pixels, 4:3 ratio (~143 ppi density);;;microSD (dedicated slot);5 MP, AF;176x144@15fps;No;No;2.0, A2DP;No;Stereo FM radio;miniUSB 2.0;Accelerometer;Analog TVMP3/AAC+ playerH.263 playerOrganizerVoice memoPredictive text input;Removable Li-Ion 1200 mAh battery;Up to 400 h;Up to 7 h 30 min;Silver;;48MB;Class 12;Class 12;LED flash
https://www.gsmarena.com/i_mobile_hitz_2206-3331.php;https://fdn2.gsmarena.com/vv/bigpic/imobile-hitz-2206.jpg;i-mobile Hitz 2206;Released 2010;13.4mm thickness;Feature phone;microSD slot;6;N/A;101,965 hits;;220x176 pixels; ;;1000 mAh Li-Ion;GSM 900 / 1800 - SIM 1;;;2010. Released 2010;Discontinued;110 x 59.4 x 13.4 mm (4.33 x 2.34 x 0.53 in);-;Dual SIM (Mini-SIM);TFT, 65K colors;;220 x 176 pixels;;;microSD (dedicated slot);Yes;No;No;No;No;No;Stereo FM radio;No;;OrganizerVoice memoPredictive text input;Removable Li-Ion 1000 mAh battery;Up to 667 h;Up to 4 h;Silver;Flashlight;;Class 10;No;
https://www.gsmarena.com/i_mobile_5220-3330.php;https://fdn2.gsmarena.com/vv/bigpic/5220.jpg;i-mobile 5220;Released 2010;13mm thickness;Feature phone;microSD slot;10;N/A;78,751 hits;"2.4""";240x320 pixels; ;;1100 mAh Li-Ion;GSM 900 / 1800 / 1900;;;2010. Released 2010;Discontinued;116.5 x 52.5 x 13 mm (4.59 x 2.07 x 0.51 in);-;Mini-SIM;TFT, 256K colors;2.4 inches, 17.8 cm(~29.2% screen-to-body ratio);240 x 320 pixels, 4:3 ratio (~167 ppi density);;;microSD (dedicated slot);5 MP, AF;Yes;No;No;2.0, A2DP;No;Stereo FM radio;miniUSB;;TV tuner/recorderMP3/AAC playerH.263 playerOrganizerVoice memoPredictive text input;Removable Li-Ion 1100 mAh battery;Up to 420 h;Up to 8 h;Black, White, Red;;;Class 10;Class 10;LED flash
https://www.gsmarena.com/i_mobile_tv658_touch&move-2974.php;https://fdn2.gsmarena.com/vv/bigpic/imobile-hitz658.jpg;i-mobile TV658 Touch&Move;Released 2009, October;13mm thickness;Feature phone;microSD slot;9;N/A;201,943 hits;"3.0""";240x400 pixels; ;;1050 mAh Li-Ion;GSM 900 / 1800 / 1900;;;2009, October. Released 2009, October;Discontinued;111 x 56 x 13 mm (4.37 x 2.20 x 0.51 in);;Dual SIM (Mini-SIM);TFT, 256K colors;3.0 inches, 25.6 cm(~41.2% screen-to-body ratio);240 x 400 pixels, 5:3 ratio (~155 ppi density);;;microSD (dedicated slot);8 MP, AF;Yes;No;No;1.2, A2DP;No;FM radio, built-in antenna;miniUSB;Accelerometer;TV tunerMP3 playerMP4/3GP playerOrganizerVoice memoPredictive text input;Removable Li-Ion 1050 mAh battery;Up to 300 h;Up to 4 h;Black;;;Class 10;Class 10;flash
https://www.gsmarena.com/i_mobile_hitz_212-2972.php;https://fdn2.gsmarena.com/vv/bigpic/imobile-hitz212.jpg;i-mobile Hitz 212;Released 2009, October;80g, 13.3mm thickness;Feature phone;microSD slot;4;N/A;76,729 hits;"1.77""";128x160 pixels; ;;750 mAh Li-Ion;GSM 900 / 1800;;;2009, October. Released 2009, October;Discontinued;105 x 46 x 13.3 mm (4.13 x 1.81 x 0.52 in);80 g (2.82 oz);Dual SIM (Mini-SIM);TFT, 65K colors;1.77 inches, 9.9 cm(~20.4% screen-to-body ratio);128 x 160 pixels (~116 ppi density);;;microSD (dedicated slot);CIF;No;No;No;Yes;No;FM radio;Proprietary;;MP3 playerOrganizerVoice memoPredictive text input;Removable Li-Ion 750 mAh battery;Up to 240 h;Up to 3 h;Black-Green, Silver-Blue, Silver-Orange, Pink;;;No;No;
https://www.gsmarena.com/i_mobile_hitz_210-2971.php;https://fdn2.gsmarena.com/vv/bigpic/imobile-hitz210.jpg;i-mobile Hitz 210;Released 2009, October;12.8mm thickness;Feature phone;microSD slot;6;N/A;76,703 hits;"1.8""";128x160 pixels; ;;700 mAh Li-Ion;GSM 900 / 1800 / 1900;;;2009, October. Released 2009, October;Discontinued;112 x 49 x 12.8 mm (4.41 x 1.93 x 0.50 in);;Dual SIM (Mini-SIM);TFT, 65K colors;1.8 inches, 10.2 cm(~18.6% screen-to-body ratio);128 x 160 pixels (~114 ppi density);;;microSD (dedicated slot);CIF;No;No;No;No;No;FM radio;Proprietary;;MP3 playerOrganizerPredictive text input;Removable Li-Ion 700 mAh battery;Up to 150 h;Up to 2 h 30 min;Black;;;No;No;
https://www.gsmarena.com/i_mobile_tv650_touch-2878.php;https://fdn2.gsmarena.com/vv/bigpic/i-mobile-tv650-touch.jpg;i-mobile TV650 Touch;Released 2009, Q4;13.4mm thickness;Feature phone;microSDHC slot;10;N/A;191,397 hits;"3.0""";240x320 pixels; ;;1000 mAh Li-Ion;GSM 900 / 1800 / 1900;;;2009, July. Released 2009, Q4;Discontinued;110 x 55 x 13.4 mm (4.33 x 2.17 x 0.53 in);;Dual SIM (Mini-SIM);TFT, 256K colors;3.0 inches, 27.9 cm(~46.1% screen-to-body ratio);240 x 320 pixels, 4:3 ratio (~133 ppi density);;;microSDHC (dedicated slot);3.15 MP;Yes;No;No;1.2, A2DP;No;FM radio;miniUSB;Accelerometer;TV tunerMP3 playerMP4/3GP playerOrganizerPredictive text input;Removable Li-Ion 1000 mAh battery;Up to 200 h;Up to 2 h 30 min;Black;;;Class 10;Class 10;
https://www.gsmarena.com/i_mobile_tv550_touch-2877.php;https://fdn2.gsmarena.com/vv/bigpic/i-mobile-tv550-touch.jpg;i-mobile TV550 Touch;Released 2009, Q4;14mm thickness;Feature phone;microSDHC slot;10;N/A;128,742 hits;"2.8""";240x320 pixels; ;;1000 mAh Li-Ion;GSM 900 / 1800 / 1900;;;2009, July. Released 2009, Q4;Discontinued;108 x 52 x 14 mm (4.25 x 2.05 x 0.55 in);;Dual SIM (Mini-SIM);TFT, 256K colors;2.8 inches, 24.3 cm(~43.2% screen-to-body ratio);240 x 320 pixels, 4:3 ratio (~143 ppi density);;;microSDHC (dedicated slot);VGA;Yes;No;No;1.2, A2DP;No;FM radio;miniUSB;Accelerometer;TV tunerMP3 playerMP4/3GP playerOrganizerPredictive text input;Removable Li-Ion 1000 mAh battery;Up to 200 h;Up to 2 h 30 min;Black;;;Class 10;Class 10;
https://www.gsmarena.com/i_mobile_tv_630-2875.php;https://fdn2.gsmarena.com/vv/bigpic/i-mobile-630.jpg;i-mobile TV 630;Released 2009, Q4;102g, 13mm thickness;Feature phone;microSDHC slot;9;N/A;123,089 hits;"2.4""";240x320 pixels; ;;1100 mAh Li-Ion;GSM 900 / 1800 / 1900;;;2009, July. Released 2009, Q4;Discontinued;115 x 52.5 x 13 mm (4.53 x 2.07 x 0.51 in);102 g (3.60 oz);Dual SIM (Mini-SIM);TFT, 256K colors;2.4 inches, 17.8 cm(~29.5% screen-to-body ratio);240 x 320 pixels, 4:3 ratio (~167 ppi density);;;microSDHC (dedicated slot);8 MP, AF;480p;No;No;Yes;No;FM radio;miniUSB;;TV tuner/recorderMP3 playerMP4/3GP playerOrganizerPredictive text input;Removable Li-Ion 1100 mAh battery;Up to 420 h;Up to 8 h;Black;;;Class 10;Class 10;
https://www.gsmarena.com/i_mobile_tv_628-2874.php;https://fdn2.gsmarena.com/vv/bigpic/i-mobile-628.jpg;i-mobile TV 628;Released 2009, Q4;109.5g, 17mm thickness;Feature phone;10MB storage, microSDHC slot;9;N/A;95,281 hits;"2.4""";240x320 pixels; ;;950 mAh Li-Ion;GSM 900 / 1800 / 1900;;;2009, July. Released 2009, Q4;Discontinued;113 x 51 x 17 mm (4.45 x 2.01 x 0.67 in);109.5 g (3.84 oz);Dual SIM (Mini-SIM);TFT, 256K colors;2.4 inches, 17.8 cm(~31.0% screen-to-body ratio);240 x 320 pixels, 4:3 ratio (~167 ppi density);;;microSDHC (dedicated slot);3.15 MP;Yes;No;No;Yes;No;FM radio;miniUSB;;TV tunerMP3 playerMP4/3GP playerOrganizerPredictive text input;Removable Li-Ion 950 mAh battery;Up to 380 h;Up to 7 h;Black;;10MB;Class 12;No;
https://www.gsmarena.com/i_mobile_tv_620-2873.php;https://fdn2.gsmarena.com/vv/bigpic/i-mobile-620.jpg;i-mobile TV 620;Released 2009, July;98g, 14.6mm thickness;Feature phone;14MB storage, microSDHC slot;9;N/A;90,381 hits;"2.4""";240x320 pixels; ;;1050 mAh Li-Ion;GSM 900 / 1800 / 1900;;;2009, July;Discontinued;114 x 51.5 x 14.6 mm (4.49 x 2.03 x 0.57 in);98 g (3.46 oz);Dual SIM (Mini-SIM);TFT, 256K colors;2.4 inches, 17.8 cm(~30.4% screen-to-body ratio);240 x 320 pixels, 4:3 ratio (~167 ppi density);;;microSDHC (dedicated slot);3.15 MP;Yes;No;No;1.2, A2DP;No;FM radio;miniUSB;;TV tunerMP3 playerMP4/3GP playerOrganizerPredictive text input;Removable Li-Ion 1050 mAh battery;Up to 420 h;Up to 8 h;Black;;14MB;Class 10;;
https://www.gsmarena.com/i_mobile_tv_536-2872.php;https://fdn2.gsmarena.com/vv/bigpic/i-mobile-536.jpg;i-mobile TV 536;Released 2009, Q4;13.7mm thickness;Feature phone;microSDHC slot;10;N/A;92,540 hits;"2.4""";240x320 pixels; ;;1000 mAh Li-Ion;GSM 900 / 1800 / 1900;;;2009, July. Released 2009, Q4;Discontinued;112 x 51 x 13.7 mm (4.41 x 2.01 x 0.54 in);;Dual SIM (Mini-SIM);TFT, 256K colors;2.4 inches, 17.8 cm(~31.2% screen-to-body ratio);240 x 320 pixels, 4:3 ratio (~167 ppi density);;;microSDHC (dedicated slot);VGA;Yes;No;No;1.2, A2DP;No;FM radio;miniUSB;;TV tunerMP3 playerMP4/3GP playerOrganizerPredictive text input;Removable Li-Ion 1000 mAh battery;Up to 250 h;Up to 3 h;Black, Silver;;;Class 10;No;
https://www.gsmarena.com/i_mobile_638cg-2876.php;https://fdn2.gsmarena.com/vv/bigpic/i-mobile-638cg.jpg;i-mobile 638CG;Released 2009, Q4;14.5mm thickness;Feature phone;25MB storage, microSDHC slot;8;N/A;89,742 hits;"2.4""";240x320 pixels; ;;1050 mAh Li-Ion;GSM 900 / 1800 / 1900;;;2009, July. Released 2009, Q4;Discontinued;113 x 51 x 14.5 mm (4.45 x 2.01 x 0.57 in);;Dual SIM (Mini-SIM);TFT, 256K colors;2.4 inches, 17.8 cm(~31.0% screen-to-body ratio);240 x 320 pixels, 4:3 ratio (~167 ppi density);;;microSDHC (dedicated slot);3.15 MP;Yes;No;No;Yes;No;FM radio;microUSB;;TV tunerMP3 playerMP4/3GP playerOrganizerPredictive text input;Removable Li-Ion 1050 mAh battery;Up to 400 h;Up to 8 h 30 min;Black;;25MB;Class 12;No;
https://www.gsmarena.com/i_mobile_hitz_232cg-2871.php;https://fdn2.gsmarena.com/vv/bigpic/i-mobile-232cg.jpg;i-mobile Hitz 232CG;Released 2009, Q4;11.1mm thickness;Feature phone;microSDHC slot;6;N/A;70,620 hits;"2.0""";176x220 pixels; ;;1050 mAh Li-Ion;GSM 900 / 1800 / 1900;;;2009, July. Released 2009, Q4;Discontinued;109.5 x 47.8 x 11.1 mm (4.31 x 1.88 x 0.44 in);-;Mini-SIM;TFT, 65K colors;2.0 inches, 12.6 cm(~24.1% screen-to-body ratio);176 x 220 pixels (~141 ppi density);;;microSDHC (dedicated slot);CIF;No;No;No;Yes;No;FM radio;microUSB (charging and headset only);;MP3 playerOrganizerPredictive text input;Removable Li-Ion 1050 mAh battery;Up to 850 h;Up to 9 h;Black, Silver;;;Class 10;No;
https://www.gsmarena.com/i_mobile_tv_535-2680.php;https://fdn2.gsmarena.com/vv/bigpic/i-mobile-535.jpg;i-mobile TV 535;Released 2009, January;90g, 13.8mm thickness;Feature phone;microSD slot;9;N/A;101,942 hits;"2.2""";240x320 pixels; ;;1000 mAh Li-Ion;GSM 900 / 1800 / 1900;;;2009, January. Released 2009, January;Discontinued;108 x 48 x 13.8 mm (4.25 x 1.89 x 0.54 in);90 g (3.17 oz);Dual SIM (Mini-SIM);TFT, 256K colors;2.2 inches, 15.0 cm(~28.9% screen-to-body ratio);240 x 320 pixels, 4:3 ratio (~182 ppi density);;;microSD (dedicated slot);1.3 MP;Yes;No;No;1.2, A2DP;No;"FM radio; built-in antenna";miniUSB;;TV tunerYamaha audio amplifierMP3 playerMP4/3GP playerOrganizerStop watchPrivate menuPredictive text input;Removable Li-Ion 1000 mAh battery;Up to 250 h;Up to 3 h;Black, Silver;;;Class 10;No;
https://www.gsmarena.com/i_mobile_627-2681.php;https://fdn2.gsmarena.com/vv/bigpic/i-mobile-627.jpg;i-mobile 627;Released 2008, October;90g, 15.2mm thickness;Feature phone;63MB storage, microSD slot;7;N/A;79,949 hits;"2.0""";240x320 pixels; ;;830 mAh Li-Ion;GSM 900 / 1800 / 1900;;;2008, October. Released 2008, October;Discontinued;109 x 46 x 15.2 mm (4.29 x 1.81 x 0.60 in);90 g (3.17 oz);Mini-SIM;TFT, 256K colors;2.0 inches, 12.4 cm(~24.7% screen-to-body ratio);240 x 320 pixels, 4:3 ratio (~200 ppi density);;;microSD (dedicated slot);3.15 MP, Casio-Hitachi module, AF;Yes;No;No;1.2, A2DP;No;"FM radio; built-in antenna";miniUSB;Accelerometer;Yamaha audio amplifierMP3 playerMP4/3GP playerOrganizerStop watchTalking disctionaryPrivate menuPredictive text input;Removable Li-Ion 830 mAh battery;Up to 250 h;Up to 3 h;Black, Silver;;63MB;Class 10;Class 10;LED flash
https://www.gsmarena.com/i_mobile_tv_533-2679.php;https://fdn2.gsmarena.com/vv/bigpic/i-mobile-533.jpg;i-mobile TV 533;Released 2009, January;105g, 14.5mm thickness;Feature phone;microSD slot;8;N/A;92,251 hits;"2.4""";240x320 pixels; ;;1100 mAh Li-Ion;GSM 900 / 1800;;;2009, January. Released 2009, January;Discontinued;112.7 x 50 x 14.5 mm (4.44 x 1.97 x 0.57 in);105 g (3.70 oz);Dual SIM (Mini-SIM, dual stand-by);TFT, 256K colors;2.4 inches, 17.8 cm(~31.7% screen-to-body ratio);240 x 320 pixels, 4:3 ratio (~167 ppi density);;;microSD (dedicated slot);VGA;Yes;No;No;1.2, A2DP;No;FM radio;miniUSB;;TV tunerYamaha Audio AmplifierMP3 playerMP4/3GP playerOrganizerStop watchPredictive text input;Removable Li-Ion 1100 mAh battery;Up to 250 h;Up to 3 h;Black, Silver;;;Class 10;No;
https://www.gsmarena.com/i_mobile_tv_530-2678.php;https://fdn2.gsmarena.com/vv/bigpic/i-mobile-530.jpg;i-mobile TV 530;Released 2008, October;105g, 16.4mm thickness;Feature phone;microSD slot;10;N/A;84,631 hits;"2.4""";240x320 pixels; ;;1100 mAh Li-Ion;GSM 900 / 1800;;;2008, September. Released 2008, October;Discontinued;112 x 50 x 16.4 mm (4.41 x 1.97 x 0.65 in);105 g (3.70 oz);Mini-SIM;TFT, 256K colors;2.4 inches, 17.8 cm(~31.9% screen-to-body ratio);240 x 320 pixels, 4:3 ratio (~167 ppi density);;;microSD (dedicated slot);VGA;Yes;No;No;1.2, A2DP;No;No;miniUSB;;TV tunerYamaha Audio AmplifierMP3 playerMP4/3GP playerOrganizerStop watchPredictive text input;Removable Li-Ion 1100 mAh battery;Up to 300 h;Up to 3 h 30 min;Black;;;Class 10;No;
https://www.gsmarena.com/i_mobile_tv_523-2597.php;https://fdn2.gsmarena.com/vv/bigpic/i-mobile-523.jpg;i-mobile TV 523;Released 2008, October;98g, 14.5mm thickness;Feature phone;microSD slot;8;N/A;106,826 hits;"2.2""";240x320 pixels; ;;1000 mAh Li-Ion;GSM 900 / 1800 / 1900;;;2008, October. Released 2008, October;Discontinued;110 x 49 x 14.5 mm (4.33 x 1.93 x 0.57 in);98 g (3.46 oz);Mini-SIM;TFT, 256K colors;2.2 inches, 15.0 cm(~27.8% screen-to-body ratio);240 x 320 pixels, 4:3 ratio (~182 ppi density);;;microSD (dedicated slot);VGA;Yes;No;No;1.2, A2DP;No;FM radio;Proprietary;;TV tunerMotion sensorMP3 playerMP4 playerOrganizerWorld clockStop watchTalking dictionary;Removable Li-Ion 1000 mAh battery;Up to 300 h;Up to 3 h;Black, Silver;;;Class 12;No;
https://www.gsmarena.com/i_mobile_522-2596.php;https://fdn2.gsmarena.com/vv/bigpic/i-mobile-522.jpg;i-mobile 522;Released 2008, October;93.6g, 14.5mm thickness;Feature phone;120MB storage, microSD slot;7;N/A;103,537 hits;"2.2""";240x320 pixels; ;;1000 mAh Li-Ion;GSM 900 / 1800 / 1900;;;2008, October. Released 2008, October;Discontinued;111 x 49 x 14.5 mm (4.37 x 1.93 x 0.57 in);93.6 g (3.28 oz);Dual SIM (Mini-SIM);TFT, 256K colors;2.2 inches, 15.0 cm(~27.6% screen-to-body ratio);240 x 320 pixels, 4:3 ratio (~182 ppi density);;;microSD (dedicated slot);VGA;No;No;No;1.2, A2DP;No;FM radio;Proprietary;;Built-in Yamaha Audio AmplifierMP3 playerMP4 playerOrganizerWorld clockStop watchTalking dictionary;Removable Li-Ion 1000 mAh battery;Up to 200 h;Up to 3 h;Black, Silver;;120MB;Class 10;No;
https://www.gsmarena.com/i_mobile_320-2677.php;https://fdn2.gsmarena.com/vv/bigpic/i-mobile-320.jpg;i-mobile 320;Released 2008, December;95g, 12.8mm thickness;Feature phone;microSD slot;4;N/A;70,219 hits;"2.2""";240x320 pixels; ;;750 mAh Li-Ion;GSM 900 / 1800 / 1900;;;2008, October. Released 2008, December;Discontinued;112 x 49 x 12.8 mm (4.41 x 1.93 x 0.50 in);95 g (3.35 oz);Mini-SIM;TFT, 256K colors;2.2 inches, 15.0 cm(~27.3% screen-to-body ratio);240 x 320 pixels, 4:3 ratio (~182 ppi density);wallpapers, themes;;microSD (dedicated slot);VGA;Yes;No;No;Yes;No;FM radio;miniUSB;;Yamaha audio amplifierMP3 playerMP4/3GP playerOrganizerWorld clockStop watchPredictive text input;Removable Li-Ion 750 mAh battery;Up to 250 h;Up to 2 h 30 min;Black, White;;;Class 10;No;
https://www.gsmarena.com/i_mobile_319-2595.php;https://fdn2.gsmarena.com/vv/bigpic/i-mobile-319.jpg;i-mobile 319;Released 2008, September;80g, 13.9mm thickness;Feature phone;50MB storage, microSD slot;6;N/A;72,946 hits;"1.67""";128x160 pixels; ;;830 mAh Li-Ion;GSM 900 / 1800 / 1900;;;2008, September. Released 2008, September;Discontinued;96 x 44 x 13.9 mm (3.78 x 1.73 x 0.55 in);80 g (2.82 oz);Mini-SIM;TFT, 256K colors;1.67 inches, 8.8 cm(~20.8% screen-to-body ratio);128 x 160 pixels (~123 ppi density);;;microSD (dedicated slot);VGA, AF;Yes;No;No;1.2, A2DP;No;FM radio;Proprietary;;Yamaha Audio AmplifierMotion sensorMP3 playerVideo playerOrganizerWorld clockStop watchTalking dictionary;Removable Li-Ion 830 mAh battery;;;Black, White, Gray;;50MB;Class 10;No;LED flash
https://www.gsmarena.com/i_mobile_tv_626-2477.php;https://fdn2.gsmarena.com/vv/bigpic/i-mobile-626.jpg;i-mobile TV 626;Released 2008;90g, 15.5mm thickness;Feature phone;87MB storage, microSD slot;8;N/A;127,152 hits;"2.4""";240x320 pixels; ;;1000 mAh Li-Ion;GSM 900 / 1800 / 1900;;;2008, July. Released 2008;Discontinued;113.9 x 50 x 15.5 mm (4.48 x 1.97 x 0.61 in);90 g (3.17 oz);Mini-SIM;TFT, 256K colors;2.4 inches, 17.8 cm(~31.3% screen-to-body ratio);240 x 320 pixels, 4:3 ratio (~167 ppi density);Wallpapers, themes;;microSD (dedicated slot);3.15 MP, Casio-Hitachi module, AF;Yes;No;No;1.2, A2DP;No;FM radio;Proprietary;;TV tunerTV-outMP3 playerMP4 playerOrganizerWorld clockStop watchVoice memo;Removable Li-Ion 1000 mAh battery;Up to 210 h;Up to 2 h 30 min;Black, Silver, White;;87MB;Class 10;No;LED flash
https://www.gsmarena.com/i_mobile_902-2421.php;https://fdn2.gsmarena.com/vv/bigpic/imobile-902.jpg;i-mobile 902;Released 2007, October;94g, 17.5mm thickness;Feature phone;128MB storage, microSD slot;8;N/A;121,955 hits;"2.0""";240x320 pixels; ;;1100 mAh Li-Ion;GSM 900 / 1800 / 1900;;;2007, October;Discontinued;102 x 48 x 17.5 mm (4.02 x 1.89 x 0.69 in);94 g (3.32 oz);Mini-SIM;TFT, 16M;2.0 inches, 12.4 cm(~25.3% screen-to-body ratio);240 x 320 pixels, 4:3 ratio (~200 ppi density);Wallpapers, themes;;microSD (dedicated slot), 1 GB included;5 MP;480p;No;No;2.0, A2DP;No;Stereo FM radio, RDS;miniUSB;;TV-outMP3 playerMP4 playerPredictive text inputOrganizerWorld clockStop watch;Removable Li-Ion 1100 mAh battery;Up to 300 h;Up to 3 h 30 min;Silver;;128MB;Class 10;No;LED flash
https://www.gsmarena.com/i_mobile_625-2401.php;https://fdn2.gsmarena.com/vv/bigpic/i-mobile-625.jpg;i-mobile 625;Released 2008, May;90g, 13mm thickness;Feature phone;60MB storage, microSD slot;9;N/A;130,160 hits;"2.0""";240x320 pixels; ;;830 mAh Li-Ion;GSM 900 / 1800 / 1900;;;2008, May. Released 2008, May;Discontinued;105 x 47 x 13 mm (4.13 x 1.85 x 0.51 in);90 g (3.17 oz);Mini-SIM;TFT, 256K colors;2.0 inches, 12.4 cm(~25.1% screen-to-body ratio);240 x 320 pixels, 4:3 ratio (~200 ppi density);wallpapers, themes;;microSD (dedicated slot), 1 GB included;3.15 MP, Casio-Hitachi module, AF;Yes;No;No;2.0, A2DP;No;FM radio;Proprietary;;Yamaha audio amplifierMP3 playerMP4 playerOrganizerWorld clockStop watch;Removable Li-Ion 830 mAh battery;Up to 210 h;Up to 2 h 30 min;Black, Silver;;60MB;Class 10;No;LED flash
https://www.gsmarena.com/i_mobile_903-2402.php;https://fdn2.gsmarena.com/vv/bigpic/i-mobile-903.jpg;i-mobile 903;Released 2007, May;88g, 17mm thickness;Feature phone;64MB storage, microSD slot;6;N/A;73,422 hits;"2.0""";240x320 pixels; ;;850 mAh Li-Ion;GSM 900 / 1800 / 1900;;;2007, May. Released 2007, May;Discontinued;106 x 47 x 17 mm (4.17 x 1.85 x 0.67 in);88 g (3.10 oz);Mini-SIM;TFT, 256K colors;2.0 inches, 12.4 cm(~24.9% screen-to-body ratio);240 x 320 pixels, 4:3 ratio (~200 ppi density);wallpapers;;microSD (dedicated slot), 1 GB included;2 MP;Yes;No;No;2.0, A2DP;No;FM radio;Proprietary;;MP3 playerMP4 playerTalkie Gang (short-distance radio transceiver function)OrganizerWorld clockStop watch;Removable Li-Ion 850 mAh battery;Up to 200 h;Up to 2 h;Black, White;;64MB;Class 10;No;
https://www.gsmarena.com/i_mobile_613-2400.php;https://fdn2.gsmarena.com/vv/bigpic/i-mobile-613.jpg;i-mobile 613;Released 2007, December;74.5g, 18mm thickness;Feature phone;87MB storage, microSD slot;7;N/A;107,932 hits;"2.2""";240x320 pixels; ;;1000 mAh Li-Ion;GSM 900 / 1800 / 1900;;;2007, December. Released 2007, December;Discontinued;113 x 50 x 18 mm (4.45 x 1.97 x 0.71 in);74.5 g (2.61 oz);Mini-SIM;TFT, 256K colors;2.2 inches, 15.0 cm(~26.5% screen-to-body ratio);240 x 320 pixels, 4:3 ratio (~182 ppi density);;;microSD (dedicated slot), 1 GB included;3.15 MP, AF;Yes;No;No;1.2, A2DP;No;FM radio;Proprietary;Accelerometer;TV-outMP3 playerMP4 playerOrganizerWorld clockStop watch;Removable Li-Ion 1000 mAh battery;Up to 300 h;Up to 3 h;Black;;87MB;Class 12;No;
https://www.gsmarena.com/i_mobile_520-2399.php;https://fdn2.gsmarena.com/vv/bigpic/i-mobile-520.jpg;i-mobile 520;Released 2007, December;80g, 12.4mm thickness;Feature phone;56MB storage, microSD slot;7;N/A;105,208 hits;"1.76""";176x220 pixels; ;;750 mAh Li-Ion;GSM 900 / 1800 / 1900;;;2007, December. Released 2007, December;Discontinued;104 x 46 x 12.4 mm (4.09 x 1.81 x 0.49 in);80 g (2.82 oz);Mini-SIM;TFT, 256K colors;1.76 inches, 9.7 cm(~20.4% screen-to-body ratio);176 x 220 pixels (~160 ppi density);wallpapers, themes;;microSD (dedicated slot), 1 GB included;1.3 MP;Yes;No;No;2.0, A2DP;No;FM radio;Proprietary;;Yamaha audio amplifierMP3 playerMP4 playerOrganizerWorld clockStop watch;Removable Li-Ion 750 mAh battery;Up to 200 h;Up to 3 h;Black, Silver;;56MB;Class 10;No;
https://www.gsmarena.com/i_mobile_518-2398.php;https://fdn2.gsmarena.com/vv/bigpic/i-mobile-518.jpg;i-mobile 518;Released 2007, December;101g, 16.5mm thickness;Feature phone;88MB storage, microSD slot;7;N/A;94,188 hits;"2.0""";240x320 pixels; ;;1000 mAh Li-Ion;GSM 900 / 1800 / 1900;;;2007, December. Released 2007, December;Discontinued;105.5 x 49 x 16.5 mm (4.15 x 1.93 x 0.65 in);101 g (3.56 oz);Mini-SIM;TFT, 256K colors;2.0 inches, 12.4 cm(~24.0% screen-to-body ratio);240 x 320 pixels, 4:3 ratio (~200 ppi density);wallpapers;;microSD (dedicated slot);2 MP;Yes;No;No;2.0, A2DP;No;"FM radio, recording; built-in antenna";miniUSB;;TV-outMP3 playerMP4 playerVoice memoOrganizerWorld clockStop watchSolar-Lunar calendar;Removable Li-Ion 1000 mAh battery;Up to 250 h;Up to 3 h;Black;;88MB;Class 10;No;
https://www.gsmarena.com/i_mobile_510-2397.php;https://fdn2.gsmarena.com/vv/bigpic/i-mobile-510.jpg;i-mobile 510;Released 2006, April;75g, 15mm thickness;Feature phone;64MB storage, microSD slot;6;N/A;79,784 hits;;128x160 pixels; ;;720 mAh Li-Ion;GSM 900 / 1800 / 1900;;;2006, April. Released 2006, April;Discontinued;99 x 44 x 15 mm (3.90 x 1.73 x 0.59 in);75 g (2.65 oz);Mini-SIM;TFT, 256K colors;;128 x 160 pixels;wallpapers;;microSD (dedicated slot);VGA;Yes;No;No;No;No;FM radio;Proprietary;;MP3 playerVideo playerOrganizerWorld clockStop watch;Removable Li-Ion 720 mAh battery;Up to 200 h;Up to 3 h;;;64MB;Class 10;No;
https://www.gsmarena.com/i_mobile_318-2396.php;https://fdn2.gsmarena.com/vv/bigpic/i-mobile-318.jpg;i-mobile 318;Released 2008, March;85.9g, 14.8mm thickness;Feature phone;120MB storage, microSD slot;7;N/A;104,516 hits;"1.8""";176x220 pixels; ;;700 mAh Li-Ion;GSM 900 / 1800;;;2008, March. Released 2008, March;Discontinued;107 x 45 x 14.8 mm (4.21 x 1.77 x 0.58 in);85.9 g (3.03 oz);Mini-SIM;TFT, 256K colors;1.8 inches, 10.2 cm(~21.2% screen-to-body ratio);176 x 220 pixels (~157 ppi density);wallpapers, themes;;microSD (dedicated slot);VGA;Yes;No;No;1.2, A2DP;No;FM radio;Proprietary;;Yamaha audio amplifierMP3 playerVideo playerOrganizerWorld clockStop watch;Removable Li-Ion 700 mAh battery;Up to 180 h;Up to 2 h;;;120MB;Class 10;No;
https://www.gsmarena.com/i_mobile_315-2395.php;https://fdn2.gsmarena.com/vv/bigpic/i-mobile-315.jpg;i-mobile 315;Released 2007, November;80g, 15.1mm thickness;Feature phone;microSD slot;7;N/A;79,517 hits;"1.5""";128x128 pixels; ;;720 mAh Li-Ion;GSM 900 / 1800 / 1900;;;2007, November. Released 2007, November;Discontinued;98 x 46.3 x 15.1 mm (3.86 x 1.82 x 0.59 in);80 g (2.82 oz);Mini-SIM;TFT, 256K colors;1.5 inches, 7.3 cm(~16.0% screen-to-body ratio);128 x 128 pixels, 1:1 ratio (~121 ppi density);wallpapers, themes;;microSD (dedicated slot);VGA;No;No;No;No;No;FM radio;Proprietary;;MP3 playerClockCalculator;Removable Li-Ion 720 mAh battery;Up to 200 h;Up to 3 h;;;;Class 8;No;
https://www.gsmarena.com/i_mobile_202-2676.php;https://fdn2.gsmarena.com/vv/bigpic/i-mobile-202.jpg;i-mobile 202;Released 2008, December;95g, 14.5mm thickness;Feature phone;microSD slot;6;N/A;70,557 hits;"1.8""";128x160 pixels; ;;750 mAh Li-Ion;GSM 900 / 1800;;;2008, November. Released 2008, December;Discontinued;105 x 44 x 14.5 mm (4.13 x 1.73 x 0.57 in);95 g (3.35 oz);Mini-SIM;CSTN, 65K colors;1.8 inches, 10.2 cm(~22.1% screen-to-body ratio);128 x 160 pixels (~114 ppi density);wallpapers, themes;;microSD (dedicated slot);VGA;No;No;No;No;No;FM radio;miniUSB;;MP3 playerVoice memoPredictive text inputOrganizerStop watch;Removable Li-Ion 750 mAh battery;Up to 220 h;Up to 2 h 30 min;Black, White;;;Yes;No;
https://www.gsmarena.com/i_mobile_201-2394.php;https://fdn2.gsmarena.com/vv/bigpic/i-mobile-201.jpg;i-mobile 201;Released 2008, May;73g, 15.5mm thickness;Feature phone;microSD slot;6;N/A;77,560 hits;"1.5""";128x128 pixels; ;;750 mAh Li-Ion;GSM 900 / 1800;;;2008, May. Released 2008, May;Discontinued;106 x 45 x 15.5 mm (4.17 x 1.77 x 0.61 in);73 g (2.57 oz);Mini-SIM;CSTN, 65K colors;1.5 inches, 7.3 cm(~15.2% screen-to-body ratio);128 x 128 pixels, 1:1 ratio (~121 ppi density);wallpapers, themes;;microSD (dedicated slot);VGA;Yes;No;No;No;No;FM radio;Proprietary;;Yamaha Audio AmplifierMP3 playerMP4/AVI playerVoice memoPredictive text inputOrganizerWorld clockStop watch;Removable Li-Ion 750 mAh battery;Up to 150 h;Up to 2 h;Gray-Blue, Black-Orange;;;No;No;
https://www.gsmarena.com/i_mobile_101-2393.php;https://fdn2.gsmarena.com/vv/bigpic/i-mobile.jpg;i-mobile 101;Released 2008, May;69.6g, 14.4mm thickness;Feature phone;No card slot;6;N/A;72,175 hits;"1.5""";128x128 pixels; ;;680 mAh Li-Ion;GSM 900 / 1800;;;2008, May. Released 2008, May;Discontinued;103 x 45 x 14.4 mm (4.06 x 1.77 x 0.57 in);69.6 g (2.36 oz);Mini-SIM;CSTN, 65K colors;1.5 inches, 7.3 cm(~15.7% screen-to-body ratio);128 x 128 pixels, 1:1 ratio (~121 ppi density);wallpapers;;No;No;;;No;No;No;No;No;;OrganizerWorld clockStop watch;Removable Li-Ion 680 mAh battery;Up to 150 h;Up to 2 h 30 min;Black, White, Gray;;;No;No;
