Link;Image;Name;Release date;Weight;OS;Storage;Fans;Popularity;Hits;Screen_size;Screen_resolution;RAM;SOC;Battery;net2g;net3g;net4g;speed;year;status;dimensions;weight;sim;displaytype;displaysize;displayresolution;os;chipset;cpu;gpu;memoryslot;cam1modules;cam1features;cam1video;cam2modules;cam2video;wlan;bluetooth;gps;nfc;radio;usb;sensors;batdescription1;colors;gprstext;edge;internalmemory;featuresother;batstandby1;battalktime1;displayother;bodyother;batmusicplayback1;price
https://www.gsmarena.com/icemobile_g8_lte-8786.php;https://fdn2.gsmarena.com/vv/bigpic/icemobile-g8-.jpg;Icemobile G8 LTE;Released 2017, July;320g, 10mm thickness;Android 5.1;microSD slot;1;N/A;55,393 hits;"7.0""";600x1024 pixels; ;MT8735;2800 mAh Li-Ion;GSM 850 / 900 / 1800 / 1900;HSDPA 850 / 1700(AWS) / 1900 / 900;2, 4, 5, 7, 17;HSPA, LTE;2017, July. Released 2017, July;Discontinued;188 x 108 x 10 mm (7.40 x 4.25 x 0.39 in);320 g (11.29 oz);Micro-SIM;IPS LCD;7.0 inches, 137.9 cm(~67.9% screen-to-body ratio);600 x 1024 pixels, 16:9 ratio (~170 ppi density);Android 5.1 (Lollipop);Mediatek MT8735;Quad-core 1.3 GHz Cortex-A53;Mali-T720MP2;microSD;5 MP, AF;LED flash;Yes;VGA;;Wi-Fi 802.11 a/b/g/n, hotspot;4.0, A2DP, EDR;GPS;No;FM radio;microUSB 2.0;Accelerometer;Li-Ion 2800 mAh, non-removable;Black, Silver, Gold;;;;;;;;;;
https://www.gsmarena.com/icemobile_mash-7982.php;https://fdn2.gsmarena.com/vv/bigpic/icemobile-mash.jpg;Icemobile Mash;Released 2016, March;13.5mm thickness;Feature phone;32MB 32MB RAM storage, microSDHC slot;3;N/A;62,417 hits;"2.2""";320x240 pixels;32 MB RAM;Spreadtrum 6531DA;800 mAh Li-Ion;GSM 850 / 900 / 1800 / 1900 - SIM 1 & SIM 2;;;;2016, March. Released 2016, March;Discontinued;110 x 64 x 13.5 mm (4.33 x 2.52 x 0.53 in);-;Dual SIM;TFT;2.2 inches, 15.0 cm(~21.3% screen-to-body ratio);320 x 240 pixels, 4:3 ratio (~182 ppi density);;Spreadtrum 6531DA;;;microSDHC (dedicated slot);VGA;;No;No;;No;2.0;No;No;FM radio;microUSB;;Li-Ion 800 mAh, removable;White, Black, Red, Gold;Yes;No;32MB 32MB RAM;MP4/H.263 playerMP3 player;Up to 150 h;Up to 3 h;;;;
https://www.gsmarena.com/icemobile_g8-7560.php;https://fdn2.gsmarena.com/vv/bigpic/icemobile-g8.jpg;Icemobile G8;Released 2015, September;320g, 13mm thickness;Android 4.4.2;microSD slot;0;N/A;61,420 hits;"7.0""";600x1024 pixels; ;MT6572;2600 mAh Li-Ion;GSM 850 / 900 / 1800 / 1900;HSDPA 850 / 1900 / 2100;;HSPA;2015, September. Released 2015, September;Discontinued;190 x 110 x 13 mm (7.48 x 4.33 x 0.51 in);320 g (11.29 oz);Micro-SIM;IPS LCD;7.0 inches, 137.9 cm(~66.0% screen-to-body ratio);600 x 1024 pixels, 16:9 ratio (~170 ppi density);Android 4.4.2 (KitKat);Mediatek MT6572 (28 nm);Dual-core 1.0 GHz Cortex-A7;Mali-400;microSD (dedicated slot);5 MP, AF;LED flash;Yes;VGA;;Wi-Fi 802.11 b/g/n;2.1, EDR;GPS;No;FM radio;2.0;Accelerometer;Li-Ion 2600 mAh, non-removable;White, Black, Blue;;;;;Up to 280 h;Up to 10 h;;;;
https://www.gsmarena.com/icemobile_prime_5_0_plus-7040.php;https://fdn2.gsmarena.com/vv/bigpic/icemobile-prime-5-plus.jpg;Icemobile Prime 5.0 Plus;Released 2015, February;;Android 4.4.2;8GB storage, microSDHC;2;N/A;68,781 hits;"5.0""";720x1280 pixels;1 GB RAM;MT6582;2000 mAh Li-Ion;GSM 850 / 900 / 1800 / 1900 - SIM 1 & SIM 2;HSDPA 850 / 1700 / 1900;;HSPA;2015, February. Released 2015, February;Discontinued;-;-;Dual SIM;IPS LCD;5.0 inches, 68.9 cm;720 x 1280 pixels, 16:9 ratio (~294 ppi density);Android 4.4.2 (KitKat);Mediatek MT6582 (28 nm);Quad-core 1.3 GHz Cortex-A7;Mali-400MP2;microSDHC;8 MP, AF;LED flash;Yes;2 MP;;Wi-Fi 802.11 b/g/n;4.0, A2DP;GPS;No;FM radio;microUSB 2.0;Accelerometer, proximity;Li-Ion 2000 mAh, removable;Black, Blue;;;8GB 1GB RAM;;;;Flashlight;;;
https://www.gsmarena.com/icemobile_prime_5_0-7041.php;https://fdn2.gsmarena.com/vv/bigpic/icemobile-prime-5.jpg;Icemobile Prime 5.0;Released 2015, February;8.7mm thickness;Android 4.4.2;4GB 512MB RAM storage, microSDHC slot;0;N/A;59,942 hits;"5.0""";480x854 pixels;512 MB RAM;MT6572A;1600 mAh Li-Ion;GSM 850 / 900 / 1800 / 1900 - SIM 1 & SIM 2;HSDPA 850 / 1900;;HSPA;2015, February. Released 2015, February;Discontinued;142 x 72.3 x 8.7 mm (5.59 x 2.85 x 0.34 in);-;Dual SIM;IPS LCD;5.0 inches, 68.9 cm(~67.1% screen-to-body ratio);480 x 854 pixels, 16:9 ratio (~196 ppi density);Android 4.4.2 (KitKat);Mediatek MT6572A;Dual-core 1.3 GHz Cortex-A7;Mali-400;microSDHC;5 MP;LED flash;Yes;1.3 MP;;Wi-Fi 802.11 b/g/n;2.0;GPS;No;FM radio;microUSB 2.0;Accelerometer, proximity;Li-Ion 1600 mAh, removable;Black, White;;;4GB 512MB RAM;;;Up to 3 h;Flashlight;;;
https://www.gsmarena.com/icemobile_prime_4_0_plus-7039.php;https://fdn2.gsmarena.com/vv/bigpic/icemobile-prime-4-plus.jpg;Icemobile Prime 4.0 Plus;Released 2015, February;10mm thickness;Android 4.4.2;4GB 512MB RAM storage, microSDHC slot;0;N/A;48,207 hits;;480x800 pixels;512 MB RAM;MT6572;1400 mAh Li-Ion;GSM 850 / 900 / 1800 / 1900 - SIM 1 & SIM 2;HSDPA 850 / 1700 / 1900;;HSPA;2015, February. Released 2015, February;Discontinued;125 x 64 x 10 mm (4.92 x 2.52 x 0.39 in);-;Dual SIM;IPS LCD;, -;480 x 800 pixels, 5:3 ratio;Android 4.4.2 (KitKat);Mediatek MT6572 (28 nm);Dual-core 1.3 GHz Cortex-A7;Mali-400;microSDHC;2 MP;LED flash;Yes;VGA;;Wi-Fi 802.11 b/g/n;2.0;GPS;No;FM radio;microUSB 2.0;Accelerometer;Li-Ion 1400 mAh, removable;Black, Blue;;;4GB 512MB RAM;;;;Flashlight;;;
https://www.gsmarena.com/icemobile_gravity_4_0-6810.php;https://fdn2.gsmarena.com/vv/bigpic/icemobile-gravity-40.jpg;Icemobile Gravity 4.0;Released 2014, November;316g, 16.3mm thickness;Android 4.4.2;8GB storage, microSDHC;1;N/A;58,356 hits;"4.02""";480x854 pixels;1 GB RAM;MT6582;2800 mAh Li-Ion;GSM 850 / 900 / 1800 / 1900 - SIM 1 & SIM 2;HSDPA 850 / 1900 / 2100;;HSPA 21.1/5.76 Mbps;2014. Released 2014, November;Discontinued;140.4 x 75.8 x 16.3 mm (5.53 x 2.98 x 0.64 in);316 g (11.15 oz);Micro-SIM;IPS LCD;4.02 inches, 44.5 cm(~41.8% screen-to-body ratio);480 x 854 pixels, 16:9 ratio (~244 ppi density);Android 4.4.2 (KitKat);Mediatek MT6582 (28 nm);Quad-core 1.2 GHz Cortex-A7;Mali-400MP2;microSDHC (dedicated slot);8 MP, AF;LED flash;Yes;1.3 MP;;Wi-Fi 802.11 b/g/n, hotspot;4.0, A2DP;GPS;No;FM radio;microUSB 2.0;;Li-Ion 2800 mAh, removable;Black, White, Orange, Yellow, Green;;;8GB 1GB RAM;;Up to 300 h (2G) / Up to 300 h (3G);Up to 12 h (2G) / Up to 7 h 30 min (3G);;IP68 dust/water resistant (up to 1.5m for 30 min);;
https://www.gsmarena.com/icemobile_rock_2_4-6809.php;https://fdn2.gsmarena.com/vv/bigpic/icemobile-rock-24.jpg;Icemobile Rock 2.4;Released 2014;60g, 13.8mm thickness;Feature phone;32MB 32MB storage, microSDHC slot;1;N/A;50,723 hits;"2.4""";176x220 pixels;32 MB RAM;;1000 mAh Li-Ion;GSM 850 / 900 / 1800 / 1900 - SIM 1 & SIM 2;;;;2014. Released 2014;Discontinued;120 x 50 x 13.8 mm (4.72 x 1.97 x 0.54 in);60 g (2.12 oz);Dual SIM (Mini-SIM);TFT;2.4 inches, 18.1 cm(~30.2% screen-to-body ratio);176 x 220 pixels (~117 ppi density);;;;;microSDHC;VGA;;Yes;No;;No;2.0;No;No;FM radio;microUSB;;Li-Ion 1000 mAh, removable;Black, White, Red, Pink, Green, White&blue;Yes;No;32MB 32MB;MP3/MP4/WAV playerCalendarPredictive text input;Up to 100 h;Up to 9 h;;;;
https://www.gsmarena.com/icemobile_prime_5_5-6618.php;https://fdn2.gsmarena.com/vv/bigpic/icemobile-prime-55.jpg;Icemobile Prime 5.5;Released 2014, August;8.6mm thickness;Android 4.4.2;16GB storage, microSDXC;1;N/A;61,205 hits;"5.46""";720x1280 pixels;1 GB RAM;MT6582A;2250 mAh Li-Ion;GSM 850 / 900 / 1800 / 1900 - SIM 1 & SIM 2;HSDPA 850 / 1900;;HSPA;2014, August. Released 2014, August;Discontinued;152.5 x 77 x 8.6 mm (6.00 x 3.03 x 0.34 in);-;Dual SIM;IPS LCD;5.46 inches, 82.2 cm(~70.0% screen-to-body ratio);720 x 1280 pixels, 16:9 ratio (~269 ppi density);Android 4.4.2 (KitKat);Mediatek MT6582A/W;Quad-core 1.3 GHz Cortex-A7;Mali-400MP2;microSDXC;8 MP;LED flash;Yes;2 MP;;Wi-Fi 802.11 b/g/n;Yes;;No;FM radio;Proprietary;;Li-Ion 2250 mAh, removable;White;;;16GB 1GB RAM;;;;;;;
https://www.gsmarena.com/icemobile_prime_3_5-6544.php;https://fdn2.gsmarena.com/vv/bigpic/icemobile-prime-35.jpg;Icemobile Prime 3.5;Released 2014, July;10.9mm thickness;Android 4.2.2;4GB 512MB RAM storage, microSDHC slot;0;N/A;49,644 hits;"3.5""";320x480 pixels;512 MB RAM;MT6572M;1200 mAh Li-Ion;GSM 850 / 900 / 1800 / 1900 - SIM 1 & SIM 2;HSDPA 850 / 1900;;HSPA 7.2/5.76 Mbps;2014, July. Released 2014, July;Discontinued;119.5 x 63.5 x 10.9 mm (4.70 x 2.5 x 0.43 in);-;Dual SIM;TFT;3.5 inches, 36.5 cm(~48.1% screen-to-body ratio);320 x 480 pixels, 3:2 ratio (~165 ppi density);Android 4.2.2 (Jelly Bean);Mediatek MT6572M (28 nm);Dual-core 1.2 GHz Cortex-A7;Mali-400;microSDHC;2 MP;LED flash;480p@30fps;VGA;;Wi-Fi 802.11 b/g;2.1;GPS;No;No;microUSB 2.0;Accelerometer;Li-Ion 1200 mAh, removable;White, Black;;;4GB 512MB RAM;;;;;;;
https://www.gsmarena.com/icemobile_prime_4_0-6361.php;https://fdn2.gsmarena.com/vv/bigpic/icemobile-prime-4.jpg;Icemobile Prime 4.0;Released 2014, May;9.3mm thickness;Android 4.2.2;4GB 512MB RAM storage, microSDHC slot;0;N/A;56,070 hits;"3.97""";480x800 pixels;512 MB RAM;MT6572M;1550 mAh Li-Ion;GSM 850 / 900 / 1800 / 1900 - SIM 1 & SIM 2;HSDPA 850 / 2100;;HSPA;2014, May. Released 2014, May;Discontinued;124 x 66 x 9.3 mm (4.88 x 2.60 x 0.37 in);-;Dual SIM (Mini-SIM);IPS LCD;3.97 inches, 44.9 cm(~54.8% screen-to-body ratio);480 x 800 pixels, 5:3 ratio (~235 ppi density);Android 4.2.2 (Jelly Bean);Mediatek MT6572M/W;Dual-core Cortex-A7;Mali-400;microSDHC;2 MP;LED flash;Yes;VGA;;Wi-Fi 802.11 b/g/n;2.0;GPS;No;FM radio;microUSB;Accelerometer;Li-Ion 1550 mAh, removable;White, Black, Blue;;;4GB 512MB RAM;;Up to 120 h;Up to 3 h 20 min;Flashlight;;;
https://www.gsmarena.com/icemobile_apollo_touch_3g-6106.php;https://fdn2.gsmarena.com/vv/bigpic/icemobile-apollo-touch-3g.jpg;Icemobile Apollo Touch 3G;Released 2014, February;100g, 12.4mm thickness;Android 4.0;512MB 512MB RAM storage, microSDHC slot;2;N/A;50,923 hits;"3.5""";320x480 pixels;512 MB RAM;;1200 mAh Li-Ion;GSM 850 / 900 / 1800 / 1900 - SIM 1 & SIM 2;HSDPA 850 / 2100;;HSPA;2014, February. Released 2014, February;Discontinued;110.5 x 64.5 x 12.4 mm (4.35 x 2.54 x 0.49 in);100 g (3.53 oz);Dual SIM (Mini-SIM);TFT;3.5 inches, 36.5 cm(~51.2% screen-to-body ratio);320 x 480 pixels, 3:2 ratio (~165 ppi density);Android 4.0 (Ice Cream Sandwich);;1.0 GHz Cortex-A9;;microSDHC (dedicated slot);2 MP;LED flash;Yes;VGA;;Wi-Fi 802.11 b/g/n, hotspot;2.1, EDR;A-GPS only;No;FM radio;microUSB 2.0;Accelerometer;Li-Ion 1200 mAh, removable;White, Black, Blue;;;512MB 512MB RAM;;Up to 240 h;Up to 6 h;;;;
https://www.gsmarena.com/icemobile_apollo_3g-6105.php;https://fdn2.gsmarena.com/vv/bigpic/apollo-3g.jpg;Icemobile Apollo 3G;Released 2014, February;100g, 12.4mm thickness;Android 4.2.2;512MB 512MB RAM storage, microSDHC slot;3;N/A;75,325 hits;"2.6""";480x320 pixels;512 MB RAM;;1200 mAh Li-Ion;GSM 850 / 900 / 1800 / 1900 - SIM 1 & SIM 2;HSDPA 850 / 2100;;HSPA;2014, February. Released 2014, February;Discontinued;110.5 x 64.5 x 12.4 mm (4.35 x 2.54 x 0.49 in);100 g (3.53 oz);Dual SIM (Mini-SIM);TFT;2.6 inches, 20.1 cm(~28.2% screen-to-body ratio);480 x 320 pixels, 3:2 ratio (~222 ppi density);Android 4.2.2 (Jelly Bean);;1.0 GHz Cortex-A9;;microSDHC (dedicated slot);2 MP;LED flash;Yes;VGA;;Wi-Fi 802.11 b/g/n;2.0;A-GPS only;No;FM radio;microUSB 2.0;Accelerometer;Li-Ion 1200 mAh, removable;White, Black, Pink, Blue, Green, Red;;;512MB 512MB RAM;;Up to 240 h;Up to 6 h;;;;
https://www.gsmarena.com/icemobile_g7_pro-6076.php;https://fdn2.gsmarena.com/vv/bigpic/icemobile-g7-pro.jpg;Icemobile G7 Pro;Released 2014;307g, 10.7mm thickness;Android 4.2.2;4GB 512MB RAM storage, microSDHC slot;0;N/A;57,211 hits;"7.0""";600x1024 pixels;512 MB RAM;MT6572W;2800 mAh Li-Po;GSM 850 / 900 / 1800 / 1900;HSDPA 850 / 2100;;HSPA;2014. Released 2014;Discontinued;197.6 x 122.3 x 10.7 mm (7.78 x 4.81 x 0.42 in);307 g (10.83 oz);Micro-SIM;IPS LCD;7.0 inches, 137.9 cm(~57.1% screen-to-body ratio);600 x 1024 pixels, 16:9 ratio (~170 ppi density);Android 4.2.2 (Jelly Bean);Mediatek MT6572W;Dual-core 1.2 GHz Cortex-A7;Mali-400;microSDHC (dedicated slot);2 MP;;Yes;VGA;;Wi-Fi 802.11 b/g/n;4.0, A2DP;No;No;No;2.0;Accelerometer;Li-Po 2800 mAh, non-removable;Black, Red, White, Gray;;;4GB 512MB RAM;;;;;;;
https://www.gsmarena.com/icemobile_g3-6075.php;https://fdn2.gsmarena.com/vv/bigpic/icemobile-g3.jpg;Icemobile G3;Released 2014;300g, 10mm thickness;Android 4.2.2;4GB 512MB RAM storage, microSDHC slot;0;N/A;49,614 hits;"7.0""";600x1024 pixels;512 MB RAM;;2800 mAh Li-Ion;N/A;;;;2014. Released 2014;Discontinued;194 x 117 x 10 mm (7.64 x 4.61 x 0.39 in);300 g (10.58 oz);No;TFT;7.0 inches, 137.9 cm(~60.8% screen-to-body ratio);600 x 1024 pixels, 16:9 ratio (~170 ppi density);Android 4.2.2 (Jelly Bean);;Dual-core 1.0 GHz Cotex-A7;;microSDHC (dedicated slot);1.3 MP;LED flash;Yes;VGA;;Wi-Fi 802.11 b/g/n;3.0;No;No;No;2.0, OTG;Accelerometer;Li-Ion 2800 mAh, non-removable;Black, Red, White;No;No;4GB 512MB RAM;HDMI port;;Up to 3 h 30 min (multimedia);;;Up to 8 h;
https://www.gsmarena.com/icemobile_prime_4_5-6044.php;https://fdn2.gsmarena.com/vv/bigpic/icemobile-prime-45.jpg;Icemobile Prime 4.5;Released 2014, January;9.5mm thickness;Android 4.2.2;4GB 512MB RAM storage, microSDHC slot;0;N/A;57,576 hits;"4.46""";540x960 pixels;512 MB RAM;MT6572AW;1550 mAh Li-Ion;GSM 850 / 900 / 1800 / 1900 - SIM 1 & SIM 2;HSDPA 850 / 2100;;HSPA;2014, January. Released 2014, January;Discontinued;133.5 x 67 x 9.5 mm (5.26 x 2.64 x 0.37 in);-;Dual SIM;IPS LCD;4.46 inches, 54.8 cm(~61.3% screen-to-body ratio);540 x 960 pixels, 16:9 ratio (~247 ppi density);Android 4.2.2 (Jelly Bean);Mediatek MT6572AW;Dual-core Cortex-A7;Mali-400;microSDHC (dedicated slot);2 MP;LED flash;Yes;VGA;;Wi-Fi 802.11 b/g/n;2.1;;No;FM radio;microUSB;;Li-Ion 1550 mAh, removable;Black, White/Blue;;;4GB 512MB RAM;;;;;Flashlight;;
https://www.gsmarena.com/icemobile_charm_ii-6043.php;https://fdn2.gsmarena.com/vv/bigpic/icemobile-charm2.jpg;Icemobile Charm II;Released 2014, January;17.4mm thickness;Feature phone;microSDHC slot;0;N/A;50,733 hits;"2.0""";220x176 pixels; ;;1000 mAh Li-Ion;GSM 850 / 900 / 1800 / 1900 - SIM 1 & SIM 2;;;;2014, January. Released 2014, January;Discontinued;100 x 48.9 x 17.4 mm (3.94 x 1.93 x 0.69 in);-;Dual SIM;TFT;2.0 inches, 12.6 cm(~25.7% screen-to-body ratio);220 x 176 pixels (~141 ppi density);;;;;microSDHC (dedicated slot);VGA;;Yes;No;;No;2.0;No;No;Stereo FM radio;miniUSB;;Li-Ion 1000 mAh, removable;Black, Red, Sliver, Blue, Pink;Class 10;No;;MP3/MP4 playerPredictive text input;Up to 150 h;Up to 7 h;;;;
https://www.gsmarena.com/icemobile_g10-5976.php;https://fdn2.gsmarena.com/vv/bigpic/icemobile-g10.jpg;Icemobile G10;Released 2014, January;10.2mm thickness;Android 4.2;microSD slot;1;N/A;59,969 hits;"10.1""";800x1280 pixels; ;MT8389;6000 mAh Li-Ion;GSM 850 / 900 / 1800 / 1900;HSDPA 850 / 1900 / 2100;;HSPA;2014, January. Released 2014, January;Discontinued;246 x 175 x 10.2 mm (9.69 x 6.89 x 0.40 in);-;Micro-SIM;TFT;10.1 inches, 295.8 cm(~68.7% screen-to-body ratio);800 x 1280 pixels, 16:10 ratio (~149 ppi density);Android 4.2 (Jelly Bean);Mediatek MT8389;Quad-core 1.2 GHz Cortex-A7;PowerVR SGX544;microSD (dedicated slot);2 MP;LED flash;Yes;VGA;;Wi-Fi 802.11 b/g/n;2.1, EDR;GPS;No;FM radio;2.0;Accelerometer;Li-Ion 6000 mAh, non-removable;White, Black;;;;;Up to 120 h;Up to 8 h;;;;
https://www.gsmarena.com/icemobile_gravity_pro-5874.php;https://fdn2.gsmarena.com/vv/bigpic/icemobile-gravity-pro.jpg;Icemobile Gravity Pro;Released 2013;240g, 17.6mm thickness;Android 4.0;4GB 1GB RAM storage, microSDHC slot;1;N/A;69,372 hits;"4.02""";480x854 pixels;1 GB RAM;MT6589;2800 mAh Li-Ion;GSM 850 / 900 / 1800 / 1900 - SIM 1 & SIM 2;HSDPA 850 / 2100;;HSPA 7.2/5.76 Mbps;2013. Released 2013;Discontinued;139.7 x 76.4 x 17.6 mm (5.5 x 3.01 x 0.69 in);240 g (8.47 oz);Yes;IPS LCD;4.02 inches, 44.5 cm(~41.7% screen-to-body ratio);480 x 854 pixels, 16:9 ratio (~244 ppi density);Android 4.0 (Ice Cream Sandwich);Mediatek MT6589 (28 nm);Quad-core 1.2 GHz Cortex-A7;PowerVR SGX544;microSDHC (dedicated slot);8 MP, AF;LED flash;Yes;1.3 MP;;Wi-Fi 802.11 b/g/n, hotspot;4.1, A2DP;GPS;No;FM radio;microUSB 2.0;;Li-Ion 2800 mAh, removable;Black, White, Orange;;;4GB 1GB RAM;;Up to 700 h;Up to 11 h;;IP67 dust/water resistant (up to 1m for 30 min);;
https://www.gsmarena.com/icemobile_sol_iii-5844.php;https://fdn2.gsmarena.com/vv/bigpic/icemobile-sol-3.jpg;Icemobile Sol III;Released 2013, November;10.2mm thickness;Feature phone;microSDHC slot;0;N/A;55,440 hits;"4.0""";320x480 pixels; ;;1000 mAh Li-Ion;GSM 850 / 1900 - SIM 1 & SIM 2;;;;2013, November. Released 2013, November;Discontinued;128 x 68.7 x 10.2 mm (5.04 x 2.70 x 0.40 in);-;Dual SIM (Mini-SIM, dual stand-by);TFT;4.0 inches, 47.6 cm(~54.2% screen-to-body ratio);320 x 480 pixels, 3:2 ratio (~144 ppi density);;;;;microSDHC (dedicated slot);VGA;LED flash;;No;;Wi-Fi 802.11 b/g/n;Yes;No;No;Stereo FM radio;Proprietary;;Li-Ion 1000 mAh, removable;Black, Red, White, Blue;Yes;No;;TV appOrganizerMP4 playerMP3 playerPredictive text input;;;;Flashlight;;
https://www.gsmarena.com/icemobile_hydro-5838.php;https://fdn2.gsmarena.com/vv/bigpic/icemobile-hydro.jpg;Icemobile Hydro;Released 2013;85g, 11.8mm thickness;Feature phone;microSDHC slot;1;N/A;50,722 hits;"2.0""";144x176 pixels; ;;500 mAh Li-Ion;GSM 850 / 900 / 1800 / 1900;;;;2013. Released 2013;Discontinued;114 x 54 x 11.8 mm (4.49 x 2.13 x 0.46 in);85 g (3.00 oz);Yes;TFT;2.0 inches, 12.6 cm(~20.5% screen-to-body ratio);144 x 176 pixels (~114 ppi density);;;;;microSDHC (dedicated slot);1.3 MP;;Yes;No;;No;2.0;No;No;FM radio;microUSB 2.0;;Li-Ion 500 mAh, removable;Black, White, Blue;Yes;No;;MP3/MP4 player;Up to 80 h;Up to 5 h;;IP54, dust and water resistantFlashlight;;
https://www.gsmarena.com/icemobile_rock_bold-5738.php;https://fdn2.gsmarena.com/vv/bigpic/icemobile-rock-bold.jpg;Icemobile Rock Bold;Released 2013;46g (w/out battery), 14.5mm thickness;Feature phone;microSD slot;0;N/A;50,280 hits;"1.8""";128x160 pixels; ;;700 mAh Li-Ion;GSM 850 / 900 / 1800 / 1900 - SIM 1 & SIM 2;;;;2013. Released 2013;Discontinued;103.2 x 45.2 x 14.5 mm (4.06 x 1.78 x 0.57 in);46 g (w/out battery) (1.62 oz);Dual SIM (Mini-SIM);TFT;1.8 inches, 10.2 cm(~21.9% screen-to-body ratio);128 x 160 pixels (~114 ppi density);;;;;microSD (dedicated slot);1.3 MP;;Yes;No;;No;No;No;No;Stereo FM radio;miniUSB (charging only);;Li-Ion 700 mAh, removable;Black, White, Red, Blue;Class 10;No;;MP3/MP4 playerPredictive text input;Up to 180 h;Up to 6 h;;Flashlight;;
https://www.gsmarena.com/icemobile_g2-5607.php;https://fdn2.gsmarena.com/vv/bigpic/icemobile-g2.jpg;Icemobile G2;Released 2013, July;450g, 9.8mm thickness;Android OS;microSDHC slot;1;N/A;60,033 hits;"7.0""";600x1024 pixels; ;;2800 mAh Li-Po;GSM 850 / 900 / 1800 / 1900;;;;2013, July. Released 2013, July;Discontinued;195 x 124 x 9.8 mm (7.68 x 4.88 x 0.39 in);450 g (0.99 lb);Yes;TFT;7.0 inches, 137.9 cm(~57.0% screen-to-body ratio);600 x 1024 pixels, 16:9 ratio (~170 ppi density);Android OS;;;;microSDHC (dedicated slot);3.15 MP;;Yes;VGA;;Wi-Fi 802.11 b/g;2.1, EDR;GPS;No;No;2.0;Accelerometer;Li-Po 2800 mAh, non-removable;White, Black;Class 12;Yes;;Analog TV;Up to 120 h;Up to 4 h;;Flashlight;;
https://www.gsmarena.com/icemobile_gprime_extreme-5538.php;https://fdn2.gsmarena.com/vv/bigpic/icemobile-gprime-extreme.jpg;Icemobile Gprime Extreme;Released 2013;125g, 10mm thickness;Android 4.2.1;microSDHC slot;4;N/A;79,829 hits;"5.0""";720x1280 pixels; ;MT6589;1600 mAh Li-Ion;GSM 850 / 900 / 1800 / 1900 - SIM 1 & SIM 2;HSDPA 850 / 2100;;HSPA;2013. Released 2013;Discontinued;143 x 72.8 x 10 mm (5.63 x 2.87 x 0.39 in);125 g (4.41 oz);Dual SIM (Mini-SIM);TFT;5.0 inches, 68.9 cm(~66.2% screen-to-body ratio);720 x 1280 pixels, 16:9 ratio (~294 ppi density);Android 4.2.1 (Jelly Bean);Mediatek MT6589 (28 nm);Quad-core 1.2 GHz Cortex-A7;PowerVR SGX544;microSDHC (dedicated slot);8 MP, AF;LED flash;Yes;2 MP;;Wi-Fi 802.11 b/g/n, hotspot;2.1, EDR;GPS;No;FM radio;microUSB 2.0;Accelerometer, proximity;Li-Ion 1600 mAh, removable;Black, White;;;;;Up to 240 h;Up to 6 h;;;;
https://www.gsmarena.com/icemobile_g7-5393.php;https://fdn2.gsmarena.com/vv/bigpic/icemobile-g7.jpg;Icemobile G7;Released 2013, April;450g, 9.8mm thickness;Android OS;microSDHC slot;4;N/A;84,348 hits;"7.0""";600x1024 pixels; ;;2800 mAh Li-Po;GSM 850 / 900 / 1800 / 1900;HSDPA 850 / 1900 / 2100;;HSPA;2013, April. Released 2013, April;Discontinued;195 x 124 x 9.8 mm (7.68 x 4.88 x 0.39 in);450 g (0.99 lb);Yes;TFT;7.0 inches, 137.9 cm(~57.0% screen-to-body ratio);600 x 1024 pixels, 16:9 ratio (~170 ppi density);Android OS;;;;microSDHC (dedicated slot);3.15 MP;;Yes;VGA;;Wi-Fi 802.11 b/g;2.1, EDR;GPS;No;No;2.0;Accelerometer;Li-Po 2800 mAh, non-removable;White, Black;;;;Analog TV;Up to 120 h;Up to 4 h;;Flashlight;;
https://www.gsmarena.com/icemobile_g5-5260.php;https://fdn2.gsmarena.com/vv/bigpic/icemobile-g51.jpg;Icemobile G5;Released 2013, January;345g, 11.1mm thickness;Android 4.0;microSDHC slot;3;N/A;86,737 hits;"7.0""";600x1024 pixels; ;MT6575;3000 mAh Li-Po;GSM 850 / 900 / 1800 / 1900;HSDPA 850 / 1900 / 2100;;HSPA;2013, January. Released 2013, January;Discontinued;196.6 x 123.3 x 11.1 mm (7.74 x 4.85 x 0.44 in);345 g (12.17 oz);Mini-SIM;TFT;7.0 inches, 137.9 cm(~56.9% screen-to-body ratio);600 x 1024 pixels, 16:9 ratio;Android 4.0 (Ice Cream Sandwich);Mediatek MT6575 (40 nm);1.0 GHz Cortex-A9;PowerVR SGX531;microSDHC (dedicated slot);2 MP;;Yes;VGA;;Wi-Fi 802.11 b/g/n;Yes;GPS;No;FM radio;2.0;Accelerometer;Li-Po 3000 mAh, non-removable;White/Black;;;;Analog TV;;;;;;
https://www.gsmarena.com/icemobile_tropical_3-5116.php;https://fdn2.gsmarena.com/vv/bigpic/icemobile-tropical3.jpg;Icemobile Tropical 3;Released 2012, November;13.3mm thickness;Feature phone;microSDHC slot;6;N/A;60,491 hits;"1.8""";128x160 pixels; ;;800 mAh Li-Ion;GSM 850 / 900 / 1800 / 1900 - SIM 1;;;;2011, November. Released 2012, November;Discontinued;103 x 55 x 13.3 mm (4.06 x 2.17 x 0.52 in);-;Dual SIM (Mini-SIM);TFT;1.8 inches, 10.2 cm(~18.0% screen-to-body ratio);128 x 160 pixels (~114 ppi density);;;;;microSDHC (dedicated slot);VGA;;;No;;No;Yes;No;No;Stereo FM radio;miniUSB;;Li-Ion 800 mAh, removable;Black, Red, Blue, Silver, White;Class 10;No;;MP3/MP4 playerPredictive text input;Up to 180 h;Up to 7 h;;Flashlight;;
https://www.gsmarena.com/icemobile_quattro-5115.php;https://fdn2.gsmarena.com/vv/bigpic/icemobile-quattro.jpg;Icemobile Quattro;Released 2012, November;10.3mm thickness;Feature phone;microSDHC slot;5;N/A;59,783 hits;"2.3""";320x240 pixels;8 MB RAM;;1500 mAh Li-Ion;GSM 850 / 900 / 1800 / 1900 - SIM 1;;;;2012, November. Released 2012, November;Discontinued;104 x 54 x 10.3 mm (4.09 x 2.13 x 0.41 in);-;Dual SIM (Mini-SIM);TFT;2.3 inches, 16.4 cm(~29.2% screen-to-body ratio);320 x 240 pixels, 4:3 ratio (~174 ppi density);;;;;microSDHC (dedicated slot);Yes;;;;;No;Yes;No;No;Stereo FM radio;miniUSB;;Li-Ion 1500 mAh, removable (BP-4L);White, Black, Silver, Blue, Red;Class 10;No;;MP4/H.263 playerMP3 playerPredictive text input;Up to 220 h;Up to 8 h;;Flashlight;;
https://www.gsmarena.com/icemobile_prime_plus-5101.php;https://fdn2.gsmarena.com/vv/bigpic/icemobile-galaxy-prime-plus.jpg;Icemobile Prime Plus;Released 2012, October;135g, 10.5mm thickness;Android 4.0;4GB 512MB RAM storage, microSDHC slot;7;N/A;124,585 hits;"5.0""";480x800 pixels;512 MB RAM;Snapdragon S4 Play;2150 mAh Li-Ion;GSM 850 / 900 / 1800 / 1900 - SIM 1 & SIM 2;HSDPA 850 / 1900 / 2100;;HSPA;2012, October. Released 2012, October;Discontinued;141.6 x 76.1 x 10.5 mm (5.57 x 3.00 x 0.41 in);135 g (4.76 oz);Dual SIM (Mini-SIM);TFT;5.0 inches, 71.2 cm(~66.0% screen-to-body ratio);480 x 800 pixels, 5:3 ratio (~187 ppi density);Android 4.0 (Ice Cream Sandwich);Qualcomm MSM8225 Snapdragon S4 Play;Dual-core 1.0 GHz Cortex-A5;Adreno 203;microSDHC (dedicated slot);5 MP, AF;LED flash;Yes;VGA;;Wi-Fi 802.11 b/g/n, hotspot;4.0, EDR;GPS;No;No;microUSB 2.0, OTG;Accelerometer, proximity;Li-Ion 2150 mAh, removable;Black, White;;;4GB 512MB RAM;;Up to 120 h;Up to 8 h;;;;
https://www.gsmarena.com/icemobile_submarine-5076.php;https://fdn2.gsmarena.com/vv/bigpic/icemobile-submarine.jpg;Icemobile Submarine;Released 2012, October;135g, 20mm thickness;Feature phone;microSDHC slot;8;N/A;74,278 hits;"2.0""";176x144 pixels; ;;1800 mAh Li-Ion;GSM 850 / 900 / 1800 / 1900 - SIM 1 & SIM 2;;;;2012, October. Released 2012, October;Discontinued;119 x 53 x 20 mm (4.69 x 2.09 x 0.79 in);135 g (4.76 oz);Dual SIM (Mini-SIM);TFT;2.0 inches, 12.6 cm(~20.1% screen-to-body ratio);176 x 144 pixels (~114 ppi density);;;;;microSDHC (dedicated slot);1.3 MP;;Yes;No;;Wi-Fi 802.11 b/g/n;Yes;No;No;FM radio;1.1;;Li-Ion 1800 mAh, removable;Black, Orange, Gray;Yes;No;;;Up to 550 h;Up to 12 h;;Flashlight;;
https://www.gsmarena.com/icemobile_charm-5075.php;https://fdn2.gsmarena.com/vv/bigpic/icemobile-charm.jpg;Icemobile Charm;Released 2012, October;20.8mm thickness;Feature phone;microSDHC slot;10;N/A;61,302 hits;"1.8""";128x160 pixels; ;;800 mAh Li-Ion;GSM 850 / 900 / 1800 / 1900 - SIM 1;;;;2012, October. Released 2012, October;Discontinued;92 x 43.5 x 20.8 mm (3.62 x 1.71 x 0.82 in);-;Dual SIM (Mini-SIM);TFT;1.8 inches, 10.2 cm(~25.5% screen-to-body ratio);128 x 160 pixels (~114 ppi density);;;;;microSDHC (dedicated slot);VGA;;No;No;;No;Yes;No;No;Stereo FM radio;miniUSB (charging only);;Li-Ion 800 mAh, removable;Black, Red, Silver, Blue, Pink;Class 10;No;;MP3/MP4 playerPredictive text input;Up to 150 h;Up to 7 h;;Flashlight;;
https://www.gsmarena.com/icemobile_apollo_touch-5074.php;https://fdn2.gsmarena.com/vv/bigpic/icemobile-apollo-touch.jpg;Icemobile Apollo Touch;Released 2012, October;;Android 2.3.6;microSDHC slot;9;N/A;78,228 hits;"3.5""";320x480 pixels;8 MB RAM;MT6515;1200 mAh Li-Ion;GSM 850 / 900 / 1800 / 1900 - SIM 1;;;;2012, October. Released 2012, October;Discontinued;-;-;Dual SIM (Mini-SIM);TFT;3.5 inches, 36.5 cm;320 x 480 pixels, 3:2 ratio (~165 ppi density);Android 2.3.6 (Gingerbread);Mediatek MT6515;1.0 GHz Cortex-A9;PowerVR SGX531;microSDHC (dedicated slot);2 MP;;Yes;VGA;;Wi-Fi 802.11 b/g/n;Yes;No;No;FM radio;microUSB 2.0;Accelerometer;Li-Ion 1200 mAh, removable;White, Black, Pink, Blue, Green, Red, Yellow;Class 12;Yes;;MP4/H.264 playerMP3/WAV/eAAC+ playerDocument viewerPhoto viewer/editor;;;;;;
https://www.gsmarena.com/icemobile_apollo-5073.php;https://fdn2.gsmarena.com/vv/bigpic/icemobile-apollo.jpg;Icemobile Apollo;Released 2012, October;;Android 2.3.6;microSDHC slot;9;N/A;89,630 hits;"2.6""";480x320 pixels;8 MB RAM;MT6515;1200 mAh Li-Ion;GSM 850 / 900 / 1800 / 1900 - SIM 1;;;;2012, October. Released 2012, October;Discontinued;-;-;Dual SIM (Mini-SIM);TFT;2.6 inches, 20.1 cm;480 x 320 pixels, 3:2 ratio (~222 ppi density);Android 2.3.6 (Gingerbread);Mediatek MT6515;1.0 GHz Cortex-A9;PowerVR SGX531;microSDHC (dedicated slot);2 MP;;Yes;VGA;;Wi-Fi 802.11 b/g/n;Yes;No;No;FM radio;microUSB 2.0;Accelerometer;Li-Ion 1200 mAh, removable;White, Black, Pink, Blue, Green, Red;Class 12;Yes;;MP4/H.264 playerMP3/WAV/eAAC+ playerDocument viewerPhoto viewer/editor;;;;;;
https://www.gsmarena.com/icemobile_sol_ii-4990.php;https://fdn2.gsmarena.com/vv/bigpic/icemobile-sol2.jpg;Icemobile Sol II;Released 2012, August;65g, 12.6mm thickness;Feature phone;microSDHC slot;7;N/A;66,584 hits;"2.8""";240x320 pixels; ;;1000 mAh Li-Ion;GSM 850 / 900 / 1800 / 1900 - SIM 1;;;;2012, August. Released 2012, August;Discontinued;101 x 55.6 x 12.6 mm (3.98 x 2.19 x 0.50 in);65 g (2.29 oz);Dual SIM (Mini-SIM);TFT resistive touchscreen, 65K colors;2.8 inches, 24.3 cm(~43.2% screen-to-body ratio);240 x 320 pixels, 4:3 ratio (~143 ppi density);;;;;microSDHC (dedicated slot);1.3 MP;;Yes;No;;No;Yes;No;;Stereo FM radio;miniUSB (charging only);;Removable Li-Ion 1000 mAh battery;Black, Red, Pink, White, Blue;Class 10;No;;TV appOrganizerMP4 playerMP3 playerPredictive text input;Up to 200 h;Up to 8 h;;Flashlight;;
https://www.gsmarena.com/icemobile_diamond_dust-4904.php;https://fdn2.gsmarena.com/vv/bigpic/icemobile-diamond-dust.jpg;Icemobile Diamond Dust;Released 2012, August;12.8mm thickness;Feature phone;16MB ROM storage, microSDHC slot;6;N/A;69,511 hits;"2.2""";176x144 pixels;8 MB RAM;MT6252C;950 mAh Li-Ion;GSM 850 / 900 / 1800 / 1900 - SIM 1;;;;2012, August. Released 2012, August;Discontinued;115 x 61 x 12.8 mm (4.53 x 2.40 x 0.50 in);-;Dual SIM (Mini-SIM);TFT;2.2 inches, 15.3 cm(~21.8% screen-to-body ratio);176 x 144 pixels (~103 ppi density);;Mediatek MT6252C;;;microSDHC (dedicated slot);VGA;;Yes;No;;Wi-Fi 802.11 b/g/n;2.0;No;;FM radio;Proprietary;;Removable Li-Ion 950 mAh battery;White, Black, Pink, Blue, Violet;Class 12;No;16MB ROM;TV appMP3/3gp playerOrganizerE-book readerUnit converter;;;;;;
https://www.gsmarena.com/icemobile_blizzard-4741.php;https://fdn2.gsmarena.com/vv/bigpic/icemobile-blizzard.jpg;Icemobile Blizzard;Released 2012, May;13.5mm thickness;Feature phone;128MB 32MB storage, microSD slot;7;N/A;64,505 hits;"2.0""";176x220 pixels; ;;1000 mAh Li-Ion;GSM 900 / 1800 - SIM 1 & SIM 2;;;;2012, May;Discontinued;106.3 x 46 x 13.5 mm (4.19 x 1.81 x 0.53 in);-;Dual SIM (Mini-SIM, dual stand-by);TFT;2.0 inches, 12.6 cm(~25.7% screen-to-body ratio);176 x 220 pixels;;;;;microSD (dedicated slot);VGA;;Yes;No;;No;2.0, A2DP;No;;FM radio;microUSB;;Removable Li-Ion 1000 mAh battery;Black, Silver, Red, Blue, Pink;Yes;No;128MB 32MB;Mobile TVMP3/MP4 playerOrganizerPredictive text input;Up to 100 h;Up to 2 h 10 min;;Flashlight;;
https://www.gsmarena.com/icemobile_rock_lite-4740.php;https://fdn2.gsmarena.com/vv/bigpic/icemobile-rock-lite.jpg;Icemobile Rock Lite;Released 2012, May;51g without battery, 13.9mm thickness;Feature phone;microSD slot;4;N/A;67,475 hits;"1.8""";128x160 pixels; ;;700 mAh Li-Ion;GSM 850 / 900 / 1800 / 1900 - SIM 1;;;;2012, May;Discontinued;108 x 47 x 13.9 mm (4.25 x 1.85 x 0.55 in);51 g without battery (1.80 oz);Dual SIM (Mini-SIM);TFT;1.8 inches, 10.2 cm(~20.1% screen-to-body ratio);128 x 160 pixels (~114 ppi density);;;;;microSD (dedicated slot);No;;;;;No;No;No;;Stereo FM radio;miniUSB (charging only);;Removable Li-Ion 700 mAh battery;Black, Red, White, Red, Silver;No;No;;MP3/MP4 playerPredictive text input;Up to 180 h;Up to 6 h;;Flashlight;;
https://www.gsmarena.com/icemobile_cenior-4742.php;https://fdn2.gsmarena.com/vv/bigpic/icemobile-cenior.jpg;Icemobile Cenior;Released 2012, May;16mm thickness;Feature phone;64MB 32MB storage, microSDHC slot;7;N/A;69,994 hits;"1.8""";128x160 pixels; ;;1200 mAh Li-Ion;GSM 850 / 1900 - SIM 1 & SIM 2;;;;2012, May;Discontinued;110 x 46 x 16 mm (4.33 x 1.81 x 0.63 in);-;Dual SIM (Mini-SIM);TFT;1.8 inches, 10.2 cm(~20.2% screen-to-body ratio);128 x 160 pixels;;;;;microSDHC (dedicated slot);VGA;;Yes;No;;No;2.0, A2DP (optional);No;;FM radio;microUSB;;Removable Li-Ion 1200 mAh battery;Black, Brown, Red;Yes;No;64MB 32MB;MP3/MP4 playerOrganizer;Up to 150 h;Up to 3 h 20 min;;Flashlight;;
https://www.gsmarena.com/icemobile_acqua-4716.php;https://fdn2.gsmarena.com/vv/bigpic/icemobile-acqua.jpg;Icemobile Acqua;Released 2012, September;168g, 23mm thickness;Feature phone;2GB storage, no card slot;9;N/A;87,337 hits;"1.77""";128x160 pixels; ;;3600 mAh Li-Ion;GSM 850 / 900 / 1800 / 1900;;;;2012, April. Released 2012, September;Discontinued;120 x 54 x 23 mm (4.72 x 2.13 x 0.91 in);168 g (5.93 oz);Mini-SIM;TFT;1.77 inches, 9.9 cm(~15.2% screen-to-body ratio);128 x 160 pixels (~116 ppi density);;;;;No;1.3 MP;;Yes;No;;No;Yes;No;;FM radio (external);1.1;;Removable Li-Ion 3600 mAh battery;Black, Orange, Green;Class 12;No;2GB;;Up to 600 h;Up to 24 h;;IP68 dust/water resistant (up to 1.5m for 30 min)Flashlight;;
https://www.gsmarena.com/icemobile_prime-4715.php;https://fdn2.gsmarena.com/vv/bigpic/icemobile-galaxy-prime.jpg;Icemobile Prime;Released 2012;;Android 2.3;512MB 512MB RAM storage, microSDHC slot;7;N/A;131,288 hits;"5.2""";480x800 pixels;512 MB RAM;MT6573;2200 mAh Li-Ion;GSM 850 / 900 / 1800 / 1900 - SIM 1 & SIM 2;HSDPA 850 / 1900 / 2100;;HSPA 7.2/5.76 Mbps;2012;Discontinued;-;-;Dual SIM (Mini-SIM);TFT;5.2 inches, 77.0 cm;480 x 800 pixels, 5:3 ratio (~179 ppi density);Android 2.3 (Gingerbread);Mediatek MT6573 (65 nm);650 MHz Cortex-A9;PowerVR SGX531;microSDHC (dedicated slot);5 MP, AF;LED flash;Yes;VGA;;Wi-Fi 802.11 b/g, hotspot;2.0;GPS, A-GPS;;Stereo FM radio;microUSB 2.0;Accelerometer, gyro, proximity, compass;Removable Li-Ion 2200 mAh battery;Black, White;;;512MB 512MB RAM;MP3/WAV/WMA/AAC playerMP4/H.263 playerOrganizerPhoto/video editorDocument viewerVoice memo/dialPredictive text input;;;;;;
https://www.gsmarena.com/icemobile_rock_mini-4651.php;https://fdn2.gsmarena.com/vv/bigpic/icemobile-rock-mini.jpg;Icemobile Rock Mini;Released 2012, March;46g without battery, 14.5mm thickness;Feature phone;microSD slot;9;N/A;66,552 hits;"1.8""";128x160 pixels; ;;700 mAh Li-Ion;GSM 850 / 900 / 1800 / 1900 - SIM 1;;;;2012, March;Discontinued;103.2 x 45.2 x 14.5 mm (4.06 x 1.78 x 0.57 in);46 g without battery (1.62 oz);Dual SIM (Mini-SIM);TFT;1.8 inches, 10.2 cm(~21.9% screen-to-body ratio);128 x 160 pixels (~114 ppi density);;;;;microSD (dedicated slot);1.3 MP;;Yes;No;;No;No;No;;Stereo FM radio;miniUSB (charging only);;Removable Li-Ion 700 mAh battery;Black, White, Red, Silver;Class 10;No;;MP3/MP4 playerPredictive text input;Up to 180 h;Up to 6 h;;Flashlight;;
https://www.gsmarena.com/icemobile_twilight_ii-4639.php;https://fdn2.gsmarena.com/vv/bigpic/icemobile-twilight2.jpg;Icemobile Twilight II;Released 2012;100g, 17.6mm thickness;Feature phone;microSDHC slot;6;N/A;68,071 hits;"2.4""";240x320 pixels; ;;700 mAh Li-Ion;GSM 850 / 900 / 1800 / 1900 - SIM 1;;;;2012;Discontinued;100 x 51.2 x 17.6 mm (3.94 x 2.02 x 0.69 in);100 g (3.53 oz);Dual SIM (Mini-SIM);TFT;2.4 inches, 17.8 cm(~34.8% screen-to-body ratio);240 x 320 pixels, 4:3 ratio (~167 ppi density);;;;;microSDHC (dedicated slot);2 MP;;Yes;VGA;;No;2.0;No;;Stereo FM radio;miniUSB;;Removable Li-Ion 700 mAh battery;Black, Red, White;Yes;No;;OrganizerTV appMP3/MP4 playerPredictive Text Input;Up to 180 h;Up to 6 h;;Flashlight;;
https://www.gsmarena.com/icemobile_fuego-4449.php;https://fdn2.gsmarena.com/vv/bigpic/icemobile-fuego.jpg;Icemobile Fuego;Released 2012, January;90g, 17.5mm thickness;Feature phone;microSDHC slot;7;N/A;70,899 hits;"2.0""";220x176 pixels; ;;950 mAh Li-Ion;GSM 850 / 900 / 1800 / 1900 - SIM 1;;;;2012, January. Released 2012, January;Discontinued;88.5 x 57.6 x 17.5 mm (3.48 x 2.27 x 0.69 in);90 g (3.17 oz);Dual SIM (Mini-SIM);TFT;2.0 inches, 12.6 cm(~24.7% screen-to-body ratio);220 x 176 pixels (~141 ppi density);;;;;microSDHC (dedicated slot);1.3 MP;;Yes;VGA;;No;Yes;No;;Stereo FM radio;miniUSB (charging only);;Removable Li-Ion 950 mAh battery;Black, Red, White;No;No;;TV appMP4 playerMP3 playerPredictive text input;Up to 500 h;Up to 6 h;;Flashlight;;
https://www.gsmarena.com/icemobile_hurricane_ii-4367.php;https://fdn2.gsmarena.com/vv/bigpic/icemobile-hurricane-ii.jpg;Icemobile Hurricane II;Released 2011, December;90g, 12.8mm thickness;Feature phone;64MB 128MB storage, microSDHC slot;7;N/A;67,377 hits;"2.2""";240x320 pixels; ;;1050 mAh Li-Ion;GSM 850 / 900 / 1800 / 1900 - SIM 1;;;;2011, December. Released 2011, December;Discontinued;111.5 x 60 x 12.8 mm (4.39 x 2.36 x 0.50 in);90 g (3.17 oz);Dual SIM (Mini-SIM, dual stand-by);TFT;2.2 inches, 15.0 cm(~22.4% screen-to-body ratio);240 x 320 pixels, 4:3 ratio;;;;;microSDHC (dedicated slot);VGA;;Yes;No;;Wi-Fi 802.11 b/g/n;Yes;No;;FM radio;Proprietary;;Removable Li-Ion 1050 mAh battery;Black, White, Gold, Blue;Yes;No;64MB 128 MB;TV appMP4 playerMP3 player;Up to 72 h;Up to 8 h;;Flashlight;;
https://www.gsmarena.com/icemobile_sol-4299.php;https://fdn2.gsmarena.com/vv/bigpic/icemobile-sol.jpg;Icemobile Sol;Released Exp. release 2012, Q1;59g, 13.2mm thickness;Feature phone;microSDHC slot;4;N/A;66,578 hits;"2.4""";240x320 pixels; ;;850 mAh Li-Ion;GSM 850 / 900 / 1800 / 1900 - SIM 1;;;;2011, October. Released Exp. release 2012, Q1;Discontinued;96.2 x 52 x 13.2 mm (3.79 x 2.05 x 0.52 in);59 g (2.08 oz);Dual SIM (Mini-SIM);TFT resistive touchscreen, 65K colors;2.4 inches, 17.8 cm(~35.7% screen-to-body ratio);240 x 320 pixels, 4:3 ratio (~167 ppi density);;;;;microSDHC (dedicated slot);VGA;;;No;;No;Yes;No;;Stereo FM radio;miniUSB (charging only);;Removable Li-Ion 850 mAh battery;Red, Pink, White, Blue;Class 10;No;;TV appOrganizerMP4 playerMP3 playerPredictive text input;Up to 580 h;Up to 8 h;;Flashlight;;
https://www.gsmarena.com/icemobile_twister-4298.php;https://fdn2.gsmarena.com/vv/bigpic/icemobile-twister.jpg;Icemobile Twister;Released Exp. release 2012, Q1;90g, 13mm thickness;Feature phone;microSDHC slot;5;N/A;58,464 hits;"2.4""";240x320 pixels; ;;1000 mAh Li-Ion;GSM 850 / 900 / 1800 / 1900 - SIM 1;HSDPA 850 / 2100 - SIM 1 only;;HSPA;2011, October. Released Exp. release 2012, Q1;Discontinued;111.3 x 50 x 13 mm (4.38 x 1.97 x 0.51 in);90 g (3.17 oz);Dual SIM (Mini-SIM);TFT, 65K colors;2.4 inches, 17.8 cm(~32.1% screen-to-body ratio);240 x 320 pixels, 4:3 ratio (~167 ppi density);;;;;microSDHC (dedicated slot);2 MP;;Yes;Yes;;No;Yes;No;;Stereo FM radio;miniUSB (charging only);;Removable Li-Ion 1000 mAh battery;Black, Blue, White, Pink;;;;OrganizerMP4 playerMP3 playerPredictive text input;Up to 600 h;Up to 9 h;;Flashlight;;
https://www.gsmarena.com/icemobile_wave-4297.php;https://fdn2.gsmarena.com/vv/bigpic/icemobile-wave.jpg;Icemobile Wave;Released 2011, October;86g, 14.3mm thickness;Feature phone;microSDHC slot;4;N/A;58,219 hits;"2.2""";240x320 pixels; ;;800 mAh Li-Ion;GSM 850 / 900 / 1800 / 1900 - SIM 1;;;;2011, October. Released 2011, October;Discontinued;111 x 50 x 14.3 mm (4.37 x 1.97 x 0.56 in);86 g (3.03 oz);Dual SIM (Mini-SIM);TFT, 65K colors;2.2 inches, 15.0 cm(~27.0% screen-to-body ratio);240 x 320 pixels, 4:3 ratio (~182 ppi density);;;;;microSDHC (dedicated slot);VGA;;Yes;Yes;;No;Yes;No;;Stereo FM radio;miniUSB (charging only);;Removable Li-Ion 800 mAh battery;Black/Red, Blue/White, Black/Silver, Black;Class 10;No;;TV appOrganizerMP4 playerMP3 playerPredictive text input;Up to 580 h;Up to 8 h;;Flashlight;;
https://www.gsmarena.com/icemobile_tornado_ii-4215.php;https://fdn2.gsmarena.com/vv/bigpic/icemobile-tornado-ii.jpg;Icemobile Tornado II;Released 2011, October;101g, 13.8mm thickness;Feature phone;microSD slot;3;N/A;69,070 hits;"2.2""";320x240 pixels; ;;1050 mAh Li-Ion;GSM 850 / 900 / 1800 / 1900 - SIM 1;;;;2011, September. Released 2011, October;Discontinued;107 x 45.4 x 13.8 mm (4.21 x 1.79 x 0.54 in);101 g (3.56 oz);Dual SIM (Mini-SIM);TFT, 65K colors;2.2 inches, 15.0 cm(~30.9% screen-to-body ratio);320 x 240 pixels, 4:3 ratio (~182 ppi density);;;;;microSD (dedicated slot);VGA;;Yes;Yes;;Wi-Fi 802.11 b/g/n;Yes;No;;Stereo FM radio;miniUSB (charging only);;Removable Li-Ion 1050 mAh battery;Black, Red, Orange, Blue, Silver;Yes;No;;TV appOrganizerMP4 playerMP3 playerPredictive text input;Up to 200 h;Up to 4 h 10 min;;Flashlight;;
https://www.gsmarena.com/icemobile_storm-4193.php;https://fdn2.gsmarena.com/vv/bigpic/icemobile-storm.jpg;Icemobile Storm;Released 2011, September;14.6mm thickness;Feature phone;microSDHC slot;4;N/A;66,467 hits;"2.0""";220x176 pixels; ;;1000 mAh Li-Ion;GSM 850 / 900 / 1800 / 1900 - SIM 1;;;;2011, August. Released 2011, September;Discontinued;106.5 x 59 x 14.6 mm (4.19 x 2.32 x 0.57 in);-;Triple SIM (Mini-SIM);TFT, 26K colors;2.0 inches, 12.6 cm(~20.0% screen-to-body ratio);220 x 176 pixels (~141 ppi density);;;;;microSDHC (dedicated slot);VGA;LED flash;Yes;Yes;;No;Yes;No;;Stereo FM radio;miniUSB (charging only);;Removable Li-Ion 1000 mAh battery;Purple, Black, Red, Rose, Coffee, Blue, Yellow;Class 10;No;;TV appOrganizerMP4 playerMP3 playerPredictive text input;Up to 580 h;Up to 8 h;;Flashlight;;
https://www.gsmarena.com/icemobile_clima_ii-4300.php;https://fdn2.gsmarena.com/vv/bigpic/icemobile-clima-ii.jpg;Icemobile Clima II;Released 2011, December;106g, 12.5mm thickness;Android 2.2;microSDHC slot;6;N/A;76,258 hits;"2.4""";640x320 pixels; ;MT6516;1000 mAh Li-Ion;GSM 850 / 900 / 1800 / 1900 - SIM 1;;;;2011, May. Released 2011, December;Discontinued;108.6 x 60 x 12.5 mm (4.28 x 2.36 x 0.49 in);106 g (3.74 oz);Dual SIM (Mini-SIM);TFT resistive touchscreen, 65K colors;2.4 inches, 14.9 cm(~22.8% screen-to-body ratio);640 x 320 pixels, 18:9 ratio (~298 ppi density);Android 2.2 (Froyo);Mediatek MT6516;416 MHz;;microSDHC (dedicated slot);2 MP;;Yes;VGA;;Wi-Fi 802.11 b/g/n;Yes;No;;Stereo FM radio;miniUSB (charging only);;Removable Li-Ion 1000 mAh battery;Black, Blue, White;Class 10;No;;TV appOrganizerDocument viewerMP4 playerMP3 playerPredictive text input;Up to 680 h;Up to 8 h;;Flashlight;;About 70 EUR
https://www.gsmarena.com/icemobile_flurry_ii-4192.php;https://fdn2.gsmarena.com/vv/bigpic/icemobile-flurryII.jpg;Icemobile Flurry II;Released 2011, September;13.5mm thickness;Feature phone;microSDHC slot;3;N/A;57,828 hits;"2.0""";220x176 pixels; ;;800 mAh Li-Ion;GSM 850 / 900 / 1800 / 1900 - SIM 1;;;;2011, August. Released 2011, September;Discontinued;98 x 53 x 13.5 mm (3.86 x 2.09 x 0.53 in);-;Dual SIM (Mini-SIM, dual stand-by);TFT;2.0 inches, 12.6 cm(~24.2% screen-to-body ratio);220 x 176 pixels (~141 ppi density);;;;;microSDHC (dedicated slot);VGA;;Yes;Yes;;No;Yes;No;;Stereo FM radio;miniUSB (charging only);;Removable Li-Ion 800 mAh battery;Black, Red, Blue, Pink, White;Class 10;No;;TV appOrganizerMP4 playerMP3 playerPredictive text input;Up to 580 h;Up to 8 h;;Flashlight;;
https://www.gsmarena.com/icemobile_shine-4035.php;https://fdn2.gsmarena.com/vv/bigpic/icemobile-shine.jpg;Icemobile Shine;Released 2011, July;126g, 13.5mm thickness;Android 2.2;512MB 256MB RAM storage, microSDHC slot;3;N/A;94,431 hits;"3.2""";320x480 pixels;256 MB RAM;;;GSM 850 / 900 / 1800 / 1900;HSDPA 850 / 2100;;HSPA 7.2/0.384 Mbps;2011, June. Released 2011, July;Discontinued;112 x 58 x 13.5 mm (4.41 x 2.28 x 0.53 in);126 g (4.44 oz);Mini-SIM;TFT,  65K colors;3.2 inches, 30.5 cm(~46.9% screen-to-body ratio);320 x 480 pixels, 3:2 ratio (~180 ppi density);Android 2.2 (Froyo);;;;microSDHC (dedicated slot);2 MP;;Yes;Yes;;Wi-Fi 802.11 b/g;2.1, A2DP;GPS, A-GPS;Optional;FM radio;microUSB 2.0;Accelerometer, compass;Removable Li-Ion battery;White, Black, Red;;;512MB 256MB RAM;OrganizerPhoto/video editorDocument viewerMP4/H.264 playerMP3/AAC+ playerPredictive text input;;;;;;
https://www.gsmarena.com/icemobile_crystal-3979.php;https://fdn2.gsmarena.com/vv/bigpic/icemobile-crystal.jpg;Icemobile Crystal;Released 2011, Q2;13.1mm thickness;Android 2.2;512MB 256MB storage, microSD slot;4;N/A;83,548 hits;"3.5""";240x400 pixels;256 MB RAM;MT6516;1050 mAh Li-Ion;GSM 850 / 900 / 1800 / 1900 - SIM 1;;;;2011, February. Released 2011, Q2;Discontinued;111.5 x 56.2 x 13.1 mm (4.39 x 2.21 x 0.52 in);-;Dual SIM (Mini-SIM, dual stand-by);TFT,  65K colors;3.5 inches, 34.9 cm(~55.6% screen-to-body ratio);240 x 400 pixels, 5:3 ratio (~133 ppi density);Android 2.2 (Froyo);Mediatek MT6516;416 MHz;;microSD (dedicated slot);1.3 MP;LED flash;Yes;Yes;;Wi-Fi 802.11;Yes;GPS, A-GPS;;Stereo FM radio;microUSB 2.0;Accelerometer;Removable Li-Ion 1050 mAh battery;Black, White;Yes;No;512MB 256MB;TV appOrganizerMP4/H.264 playerMP3/AAC+ playerPredictive text input;Up to 180 h;Up to 5 h;;TrackballFlashlight;;
https://www.gsmarena.com/icemobile_comet_ii-3975.php;https://fdn2.gsmarena.com/vv/bigpic/icemobile-cometII.jpg;Icemobile Comet II;Released 2011, June;90g, 12.8mm thickness;Feature phone;microSD slot;3;N/A;58,904 hits;"2.2""";220x176 pixels; ;;1050 mAh Li-Ion;GSM 850 / 900 / 1800 / 1900 - SIM 1;;;;2011, June;Discontinued;111.5 x 60 x 12.8 mm (4.39 x 2.36 x 0.50 in);90 g (3.17 oz);Dual SIM (Mini-SIM, dual stand-by);TFT, 65K colors;2.2 inches, 15.2 cm(~22.8% screen-to-body ratio);220 x 176 pixels (~128 ppi density);;;;;microSD (dedicated slot);VGA;;;No;;Wi-Fi 802.11 b/g/n;Yes;No;;Stereo FM radio;miniUSB (charging only);;Removable Li-Ion 1050 mAh battery;Black, Pink, Brown;Yes;No;;TV appOrganizerMP4 playerMP3 playerPredictive text input;Up to 200 h;Up to 4 h 10 min;;Flashlight;;
https://www.gsmarena.com/icemobile_viento_ii-3978.php;https://fdn2.gsmarena.com/vv/bigpic/icemobile-viento-II.jpg;Icemobile Viento II;Released 2011, June;13.5mm thickness;Feature phone;microSD slot;3;N/A;62,888 hits;"2.0""";220x176 pixels; ;;800 mAh Li-Ion;GSM 850 / 900 / 1800 / 1900 - SIM 1;;;;2011, June;Discontinued;100 x 55 x 13.5 mm (3.94 x 2.17 x 0.53 in);-;Dual SIM (Mini-SIM, dual stand-by);TFT, 65K colors;2.0 inches, 12.6 cm(~22.9% screen-to-body ratio);220 x 176 pixels (~141 ppi density);;;;;microSD (dedicated slot);VGA;;;No;;No;2.0;No;;Stereo FM radio;miniUSB (charging only);;Removable Li-Ion 800 mAh battery;Purple, Black, Red;Class 10;No;;TV appOrganizerMP4 playerMP3 playerPredictive text input;Up to 580 h;Up to 8 h;;Flashlight;;
https://www.gsmarena.com/icemobile_rock-3976.php;https://fdn2.gsmarena.com/vv/bigpic/icemobile-rock.jpg;Icemobile Rock;Released 2011, July;15mm thickness;Feature phone;microSD slot;4;N/A;58,732 hits;"1.77""";128x160 pixels; ;;800 mAh Li-Ion;GSM 850 / 900 / 1800 / 1900 - SIM 1;;;;2011, June. Released 2011, July;Discontinued;109.7 x 46.6 x 15 mm (4.32 x 1.83 x 0.59 in);-;Dual SIM (Mini-SIM, dual stand-by);TFT, 65K colors;1.77 inches, 9.9 cm(~19.3% screen-to-body ratio);128 x 160 pixels (~116 ppi density);;;;;microSD (dedicated slot);Yes;;;No;;No;No;No;;Stereo FM radio;miniUSB (charging only);;Removable Li-Ion 800 mAh battery;Purple, Blue, Black, Red, Yellow;Class 10;No;;MP3/MP4 playerOrganizerPredictive text input;Up to 580 h;Up to 8 h;;Flashlight;;
https://www.gsmarena.com/icemobile_tropical-3985.php;https://fdn2.gsmarena.com/vv/bigpic/icemobile-tropical-1.jpg;Icemobile Tropical;Released 2011, May;81g, 13.5mm thickness;Feature phone;microSD slot;3;N/A;55,580 hits;"1.8""";160x128 pixels; ;;800 mAh Li-Ion;GSM 850 / 900 / 1800 / 1900 - SIM 1;;;;2011, May;Discontinued;108.5 x 57 x 13.5 mm (4.27 x 2.24 x 0.53 in);81 g (2.86 oz);Dual SIM (Mini-SIM, dual stand-by);TFT, 65K colors;1.8 inches, 10.2 cm(~16.5% screen-to-body ratio);160 x 128 pixels (~114 ppi density);;;;;microSD (dedicated slot);VGA;;Yes;No;;No;Yes;No;;Stereo FM radio;miniUSB (charging only);;Removable Li-Ion 800 mAh battery;Black/Red, White/Black, Pink/Black;Class 10;No;;OrganizerMP3 playerPredictive text input;Up to 600 h;Up to 3 h;;Flashlight;;
https://www.gsmarena.com/icemobile_tropical_ii-3977.php;https://fdn2.gsmarena.com/vv/bigpic/icemobile-tropical-ii-new.jpg;Icemobile Tropical II;Released 2011, May;12.9mm thickness;Feature phone;microSD slot;3;N/A;57,267 hits;"1.8""";160x128 pixels; ;;800 mAh Li-Ion;GSM 850 / 900 / 1800 / 1900 - SIM 1;;;;2011, May;Discontinued;99 x 55.5 x 12.9 mm (3.90 x 2.19 x 0.51 in);-;Dual SIM (Mini-SIM, dual stand-by);TFT, 65K colors;1.8 inches, 10.2 cm(~18.6% screen-to-body ratio);160 x 128 pixels (~114 ppi density);;;;;microSD (dedicated slot);VGA;;;No;;No;Yes;No;;Stereo FM radio;miniUSB (charging only);;Removable Li-Ion 800 mAh battery;Purple, Black, Red;Class 10;No;;OrganizerMP3 playerPredictive text input;Up to 580 h;Up to 8 h;;Flashlight;;
https://www.gsmarena.com/icemobile_rainbow_ii-3971.php;https://fdn2.gsmarena.com/vv/bigpic/icemobile-rainbow2.jpg;Icemobile Rainbow II;Released 2011, April;78g, 14.1mm thickness;Feature phone;microSD slot;2;N/A;57,683 hits;"1.8""";120x160 pixels; ;;;GSM 850 / 900 / 1800 / 1900 - SIM 1;;;;2011, April. Released 2011, April;Discontinued;109 x 47 x 14.1 mm (4.29 x 1.85 x 0.56 in);78 g (2.75 oz);Dual SIM (Mini-SIM, dual stand-by);TFT, 65K colors;1.8 inches, 10.0 cm(~19.6% screen-to-body ratio);120 x 160 pixels, 4:3 ratio (~111 ppi density);;;;;microSD (dedicated slot);0.3 MP;;Yes;No;;No;Yes;No;;Stereo FM radio;Proprietary;;Removable Li-Ion battery;Black, Blue, Red, Purple, Yellow;Yes;No;;MP3 playerOrganizerVoice memo;Up to 360 h;Up to 10 h;;Flashlight;;
https://www.gsmarena.com/icemobile_rainbow-3989.php;https://fdn2.gsmarena.com/vv/bigpic/icemobile-rainbow.jpg;Icemobile Rainbow;Released 2011;80g, 15mm thickness;Feature phone;microSD slot;5;N/A;54,217 hits;"1.8""";120x160 pixels; ;;580 mAh Li-Ion;GSM 850 / 900 / 1800 / 1900 - SIM 1;;;;2011. Released 2011;Discontinued;109.7 x 57 x 15 mm (4.32 x 2.24 x 0.59 in);80 g (2.82 oz);Dual SIM (Mini-SIM, dual stand-by);TFT, 65K colors;1.8 inches, 10.0 cm(~16.0% screen-to-body ratio);120 x 160 pixels, 4:3 ratio (~111 ppi density);;;;;microSD (dedicated slot);0.3 MP;;No;No;;No;Yes;No;;FM radio;No;;Removable Li-Ion 580 mAh battery;Black, Blue, Red, Pink, White;Yes;No;;MP3/MP4 playerOrganizerVoice memo;Up to 580 h;Up to 8 h;;Flashlight;;
https://www.gsmarena.com/icemobile_twilight-4194.php;https://fdn2.gsmarena.com/vv/bigpic/icemobile-twilight.jpg;Icemobile Twilight;Released 2010, October;103g, 14mm thickness;Feature phone;microSDHC slot;5;N/A;77,689 hits;"1.8""";240x320 pixels; ;;650 mAh Li-Ion;GSM 850 / 900 / 1800 / 1900 - SIM 1;;;;2010, December. Released 2010, October;Discontinued;88 x 59 x 14 mm (3.46 x 2.32 x 0.55 in);103 g (3.63 oz);Dual SIM (Mini-SIM);TFT;1.8 inches, 10.0 cm(~19.3% screen-to-body ratio);240 x 320 pixels, 4:3 ratio (~222 ppi density);;;;;microSDHC (dedicated slot);0.3 MP;;Yes;Yes;;Wi-Fi 802.11 b/g/n;Yes;No;;FM radio;No;;Removable Li-Ion 650 mAh battery;Black, White, Red;Yes;No;;OrganizerAnalog TVMP3 PlayerPredictive Text Input;Up to 45 h;Up to 6 h;;;;
