Link;Image;Name;Release date;Weight;OS;Storage;Fans;Popularity;Hits;Screen_size;Screen_resolution;RAM;SOC;Battery;net2g;net3g;speed;year;status;dimensions;weight;build;sim;displaytype;displaysize;displayresolution;displayprotection;os;cpu;memoryslot;internalmemory;cam1modules;cam1features;cam1video;cam2modules;cam2video;wlan;bluetooth;gps;nfc;radio;usb;sensors;batdescription1;colors;price;batstandby1;battalktime1;chipset;gpu;sar-eu;gprstext;edge;featuresother;sar-us;bodyother
https://www.gsmarena.com/karbonn_titanium_mach_two_s360-7236.php;https://fdn2.gsmarena.com/vv/bigpic/karbonn-titanium-mach-two.jpg;Karbonn Titanium Mach Two S360;Released 2015, March;112g, 6.3mm thickness;Android 4.4.2, up to 5.0;8GB storage, microSDHC;12;0.1%;412,956 hits;"5.0""";720x1280 pixels;1 GB RAM;;1900 mAh Li-Ion;GSM 900 / 1800 / 1900 - SIM 1 & SIM 2;HSDPA 2100;HSPA;2015, March. Released 2015, March;Discontinued;138 x 70.5 x 6.3 mm (5.43 x 2.78 x 0.25 in);112 g (3.95 oz);Glass front (Asahi Dragontrail Glass), glass back (Gorilla Glass 3), aluminum frame;Dual SIM;IPS LCD;5.0 inches, 68.9 cm(~70.8% screen-to-body ratio);720 x 1280 pixels, 16:9 ratio (~294 ppi density);Corning Gorilla Glass 3;Android 4.4.2 (KitKat), upgradable to 5.0 (Lollipop);Octa-core 1.4 GHz Cortex-A7;microSDHC;8GB 1GB RAM;8 MP, AF;LED flash, HDR;Yes;8 MP;;Wi-Fi 802.11 b/g/n, hotspot;4.0, A2DP;GPS;No;FM radio;microUSB 2.0;Accelerometer, proximity;Li-Ion 1900 mAh, non-removable;Deep Blue;About 140 EUR;;;;;;;;;;
https://www.gsmarena.com/karbonn_titanium_wind_w4-7209.php;https://fdn2.gsmarena.com/vv/bigpic/karbonn-w4.jpg;Karbonn Titanium Wind W4;Released 2014, September;11mm thickness;Microsoft Windows Phone 8.1;4GB 512MB RAM storage, microSDHC slot;7;N/A;150,546 hits;"4.0""";480x800 pixels;512 MB RAM;;1950 mAh Li-Ion;GSM 900 / 1800 / 1900 - SIM 1 & SIM 2;HSDPA 2100;HSPA;2014, September. Released 2014, September;Discontinued;125.1 x 64.3 x 11 mm (4.93 x 2.53 x 0.43 in);-;;Dual SIM;TFT, 256K colors;4.0 inches, 45.5 cm(~56.6% screen-to-body ratio);480 x 800 pixels, 5:3 ratio (~233 ppi density);;Microsoft Windows Phone 8.1;Quad-core 1.2 GHz;microSDHC;4GB 512MB RAM;5 MP, AF;LED flash;Yes;VGA;;Wi-Fi 802.11 b/g/n, hotspot;2.0;GPS;No;FM radio;microUSB 2.0;Yes;Li-Ion 1950 mAh, removable;Black,White, Red;;Up to 240 h;Up to 8 h;;;;;;;;
https://www.gsmarena.com/karbonn_titanium_s99-7210.php;https://fdn2.gsmarena.com/vv/bigpic/karbonn-s99.jpg;Karbonn Titanium S99;Released 2014, June;9.7mm thickness;Android 4.4;4GB 512MB RAM storage, microSDHC slot;1;N/A;78,530 hits;"4.0""";480x800 pixels;512 MB RAM;;1400 mAh Li-Ion;GSM 900 / 1800 / 1900 - SIM 1 & SIM 2;HSDPA 2100;HSPA;2014, June. Released 2014, June;Discontinued;133 x 66 x 9.7 mm (5.24 x 2.60 x 0.38 in);-;;Dual SIM;IPS LCD;4.0 inches, 45.5 cm(~51.9% screen-to-body ratio);480 x 800 pixels, 5:3 ratio (~233 ppi density);;Android 4.4 (KitKat);Quad-core 1.3 GHz;microSDHC;4GB 512MB RAM;5 MP;LED flash;Yes;VGA;;Wi-Fi 802.11 b/g/n, hotspot;2.0;GPS;No;FM radio;microUSB 2.0;Yes;Li-Ion 1400 mAh battery;Black,White;;Up to 168 h;Up to 5 h;;;;;;;;
https://www.gsmarena.com/karbonn_sparkle_v-6687.php;https://fdn2.gsmarena.com/vv/bigpic/karbonn-sparkle-v.jpg;Karbonn Sparkle V;Released 2014, September;138g, 9.2mm thickness;Android 4.4.4, up to 6.0, Android One;4GB 1GB RAM storage, microSDHC slot;23;N/A;1,011,338 hits;"4.5""";480x854 pixels;1 GB RAM;MT6582;1700 mAh Li-Ion;GSM 850 / 900 / 1800 / 1900 - SIM 1 & SIM 2;HSDPA 850 / 2100;HSPA;2014, September. Released 2014, September;Discontinued;132 x 67 x 9.2 mm (5.20 x 2.64 x 0.36 in);138 g (4.87 oz);;Dual SIM;IPS LCD;4.5 inches, 55.8 cm(~63.1% screen-to-body ratio);480 x 854 pixels, 16:9 ratio (~218 ppi density);;Android 4.4.4 (KitKat), upgradable to 6.0 (Marshmallow), Android One;Quad-core 1.3 GHz Cortex-A7;microSDHC;4GB 1GB RAM;5 MP, AF;LED flash;720p;2 MP;;Wi-Fi 802.11 b/g/n, hotspot;4.0, A2DP;GPS;No;FM radio;microUSB 2.0;Accelerometer, proximity;Li-Ion 1700 mAh, removable;Red;About 80 EUR;Up to 160 h;Up to 8 h;Mediatek MT6582 (28 nm);Mali-400MP2;;;;;;
https://www.gsmarena.com/karbonn_titanium_s19-6597.php;https://fdn2.gsmarena.com/vv/bigpic/karbonn-titanium-s19.jpg;Karbonn Titanium S19;Released 2014, August;;Android 4.4.2;8GB storage, microSDHC;5;N/A;306,619 hits;"5.0""";720x1280 pixels;1 GB RAM;;2000 mAh Li-Ion;GSM 900 / 1800 - SIM 1 & SIM 2;HSDPA 2100;HSPA;2014, August. Released 2014, August;Discontinued;-;-;;Dual SIM;IPS LCD;5.0 inches, 68.9 cm;720 x 1280 pixels, 16:9 ratio (~294 ppi density);;Android 4.4.2 (KitKat);Quad-core 1.3 GHz;microSDHC;8GB 1GB RAM;13 MP, AF;LED flash;Yes;5 MP;;Wi-Fi 802.11 b/g/n, hotspot;4.0, A2DP;GPS;No;FM radio;microUSB 2.0;Accelerometer, proximity;Li-Ion 2000 mAh battery;Black, White;About 110 EUR;;;;;;;;;;
https://www.gsmarena.com/karbonn_smart_a12_star-6530.php;https://fdn2.gsmarena.com/vv/bigpic/karbonn-smart-a12-star.jpg;Karbonn Smart A12 Star;Released 2014, July;130g, 10.1mm thickness;Android 4.4.2;4GB 512MB RAM storage, microSDHC slot;4;N/A;425,665 hits;"4.0""";480x800 pixels;512 MB RAM;;1400 mAh Li-Ion;GSM 900 / 1800 - SIM 1 & SIM 2;HSDPA 2100;HSPA;2014, July. Released 2014, July;Discontinued;124.2 x 64.2 x 10.1 mm (4.89 x 2.53 x 0.40 in);130 g (4.59 oz);;Dual SIM (Micro-SIM, dual stand-by);IPS LCD;4.0 inches, 45.5 cm(~57.1% screen-to-body ratio);480 x 800 pixels, 5:3 ratio (~233 ppi density);;Android 4.4.2 (KitKat);Dual-core 1.2 GHz;microSDHC;4GB 512MB RAM;5 MP;LED flash;Yes;VGA;;Wi-Fi 802.11 b/g/n, hotspot;2.0;GPS;No;FM radio;microUSB 2.0;Accelerometer, proximity;Li-Ion 1400 mAh battery;Black;About 50 EUR;Up to 300 h;;;;0.79 W/kg (head);;;;;
https://www.gsmarena.com/karbonn_titanium_s1_plus-6372.php;https://fdn2.gsmarena.com/vv/bigpic/karbonn-titanium-s1-plus.jpg;Karbonn Titanium S1 Plus;Released 2014, May;129g, 10.3mm thickness;Android 4.3;4GB 1GB RAM storage, microSDHC slot;7;N/A;378,113 hits;"4.0""";480x800 pixels;1 GB RAM;;1500 mAh Li-Ion;GSM 900 / 1800 - SIM 1 & SIM 2;HSDPA 2100;HSPA;2014, May. Released 2014, May;Discontinued;124 x 64 x 10.3 mm (4.88 x 2.52 x 0.41 in);129 g (4.55 oz);;Dual SIM;TFT;4.0 inches, 45.5 cm(~57.4% screen-to-body ratio);480 x 800 pixels, 5:3 ratio (~233 ppi density);;Android 4.3 (Jelly Bean);Quad-core 1.2 GHz;microSDHC;4GB 1GB RAM;5 MP, AF;LED flash;Yes;VGA;;Wi-Fi 802.11 b/g/n, hotspot;2.0;GPS;No;FM radio;microUSB 2.0;Accelerometer, proximity;Li-Ion 1500 mAh battery;White;About 80 EUR;;;;Adreno 302;;;;;;
https://www.gsmarena.com/karbonn_titanium_hexa-6218.php;https://fdn2.gsmarena.com/vv/bigpic/karbonn-titanium-hexa.jpg;Karbonn Titanium Hexa;Released 2014, April;6.9mm thickness;Android 4.4.2;16GB storage, microSDHC;16;N/A;466,838 hits;"5.5""";1080x1920 pixels;2 GB RAM;MT6591;2050 mAh Li-Po;GSM 850 / 900 / 1800 / 1900 - SIM 1 & SIM 2;HSDPA;HSPA 42.2/5.76 Mbps;2014, March. Released 2014, April;Discontinued;154 x 76.8 x 6.9 mm (6.06 x 3.02 x 0.27 in);-;;Dual SIM;IPS LCD;5.5 inches, 83.4 cm(~70.5% screen-to-body ratio);1080 x 1920 pixels, 16:9 ratio (~401 ppi density);;Android 4.4.2 (KitKat);Hexa-core 1.5 GHz Cortex-A7;microSDHC;16GB 2GB RAM;13 MP, AF;LED flash, panorama;Yes;5 MP;;Wi-Fi 802.11 b/g/n, hotspot;4.0, A2DP;GPS;No;No;microUSB 2.0, OTG;Accelerometer, proximity;Li-Po 2050 mAh battery;Black, White;About 200 EUR;;;Mediatek MT6591;Mali-450MP4;;Yes;Yes;;;
https://www.gsmarena.com/karbonn_titanium_octane_plus-6219.php;https://fdn2.gsmarena.com/vv/bigpic/karbonn-titanium-octane-plus.jpg;Karbonn Titanium Octane Plus;Released 2014, April;7.6mm thickness;Android 4.4.2;16GB storage, microSDHC;74;N/A;2,415,440 hits;"5.0""";1080x1920 pixels;2 GB RAM;MT6592;2000 mAh Li-Ion;GSM 850 / 900 / 1800 / 1900 - SIM 1 & SIM 2;HSDPA;HSPA 42.2/5.76 Mbps;2014, March. Released 2014, April;Discontinued;147.3 x 72.6 x 7.6 mm (5.80 x 2.86 x 0.30 in);-;;Dual SIM;IPS LCD;5.0 inches, 68.9 cm(~64.4% screen-to-body ratio);1080 x 1920 pixels, 16:9 ratio (~441 ppi density);;Android 4.4.2 (KitKat);Octa-core 1.7 GHz Cortex-A7;microSDHC;16GB 2GB RAM;16 MP, AF;LED flash, panorama;Yes;8 MP;;Wi-Fi 802.11 b/g/n, hotspot;4.0, A2DP;GPS;No;No;microUSB 2.0;Accelerometer, gyro, proximity, compass;Li-Ion 2000 mAh, removable;Black, White;About 220 EUR;;;Mediatek MT6592 (28 nm);Mali-450MP4;;Yes;Yes;;;
https://www.gsmarena.com/karbonn_titanium_octane-6220.php;https://fdn2.gsmarena.com/vv/bigpic/karbonn-titanium-octane-plus.jpg;Karbonn Titanium Octane;Released 2014, April;7.9mm thickness;Android 4.4.2;16GB storage, microSDHC;13;N/A;1,146,495 hits;"5.0""";720x1280 pixels;1 GB RAM;MT6592;2000 mAh Li-Ion;GSM 850 / 900 / 1800 / 1900 - SIM 1 & SIM 2;HSDPA;HSPA 42.2/5.76 Mbps;2014, March. Released 2014, April;Discontinued;145.7 x 71.2 x 7.9 mm (5.74 x 2.80 x 0.31 in);-;;Dual SIM;IPS LCD;5.0 inches, 68.9 cm(~66.4% screen-to-body ratio);720 x 1280 pixels, 16:9 ratio (~294 ppi density);;Android 4.4.2 (KitKat);Octa-core 1.7 GHz Cortex-A7;microSDHC;16GB 1GB RAM;13 MP, AF;LED flash, panorama;Yes;5 MP;;Wi-Fi 802.11 b/g/n, hotspot;4.0, A2DP;GPS;No;FM radio;microUSB 2.0;Accelerometer, gyro, proximity, compass;Li-Ion 2000 mAh, removable;Black, White;About 170 EUR;;;Mediatek MT6592 (28 nm);Mali-450MP4;;Yes;Yes;;;
https://www.gsmarena.com/karbonn_titanium_x-5999.php;https://fdn2.gsmarena.com/vv/bigpic/karbonn-titanium-x.jpg;Karbonn Titanium X;Released 2014, January;143g, 9.9mm thickness;Android 4.2.2;16GB storage, microSDHC;9;N/A;417,772 hits;"5.0""";1080x1920 pixels;1 GB RAM;MT6589T;2300 mAh Li-Ion;GSM 900 / 1800;HSDPA 2100;HSPA;2014, January. Released 2014, January;Discontinued;143.9 x 70.5 x 9.9 mm (5.67 x 2.78 x 0.39 in);143 g (5.04 oz);;Micro-SIM;IPS LCD;5.0 inches, 68.9 cm(~67.9% screen-to-body ratio);1080 x 1920 pixels, 16:9 ratio (~441 ppi density);;Android 4.2.2 (Jelly Bean);Quad-core 1.5 GHz Cortex-A7;microSDHC (dedicated slot);16GB 1GB RAM;13 MP, AF;Dual-LED flash, HDR, panorama;Yes;5 MP;;Wi-Fi 802.11 b/g/n;4.0, A2DP;GPS;Yes;FM radio;microUSB 2.0, OTG;Accelerometer, proximity;Li-Ion 2300 mAh, non-removable;Black;About 200 EUR;Up to 240 h;Up to 6 h;Mediatek MT6589T (28 nm);PowerVR SGX544MP2;;;;;;
https://www.gsmarena.com/karbonn_a16-6172.php;https://fdn2.gsmarena.com/vv/bigpic/karbonn-a16.jpg;Karbonn A16;Released 2014, January;;Android 4.2;4GB 512MB RAM storage, microSDHC slot;2;N/A;214,423 hits;"3.9""";480x800 pixels;512 MB RAM;;1350 mAh Li-Ion;GSM 900 / 1800 - SIM 1 & SIM 2;HSDPA 2100;HSPA;2014, January. Released 2014, January;Discontinued;-;-;;Dual SIM;TFT;3.9 inches, 43.3 cm;480 x 800 pixels, 5:3 ratio (~239 ppi density);;Android 4.2 (Jelly Bean);Dual-core 1.3 GHz;microSDHC;4GB 512MB RAM;5 MP;;Yes;Yes;;Wi-Fi 802.11 b/g/n, hotspot;2.0;GPS;No;FM radio;microUSB 2.0;Accelerometer, proximity;Li-Ion 1350 mAh, removable;Black;About 60 EUR;;;;;;;;;;
https://www.gsmarena.com/karbonn_a12+-5931.php;https://fdn2.gsmarena.com/vv/bigpic/karbonn-a12-plus.jpg;Karbonn A12+;Released 2013, October;;Android 4.2;4GB 512MB RAM storage, microSDHC slot;11;N/A;429,999 hits;"4.0""";480x800 pixels;512 MB RAM;;1400 mAh Li-Ion;GSM 900 / 1800 - SIM 1 & SIM 2;HSDPA 2100;HSPA;2013, October. Released 2013, October;Discontinued;-;-;;Dual SIM;IPS LCD;4.0 inches, 45.5 cm;480 x 800 pixels, 5:3 ratio (~233 ppi density);;Android 4.2 (Jelly Bean);Dual-core 1.3 GHz;microSDHC (dedicated slot);4GB 512MB RAM;5 MP, AF;LED flash;Yes;VGA;;Wi-Fi 802.11 b/g/n, hotspot;Yes;GPS;No;FM radio;microUSB 2.0;Accelerometer, proximity;Li-Ion 1400 mAh battery;Black/White;About 60 EUR;;;;;;;;;;
https://www.gsmarena.com/karbonn_titanium_s5_plus-5925.php;https://fdn2.gsmarena.com/vv/bigpic/karbonn-titanium-s5-plus.jpg;Karbonn Titanium S5 Plus;Released 2013, December;104.5g, 7.9mm thickness;Android 4.2.2;4GB 1GB RAM storage, microSDHC slot;15;N/A;1,820,001 hits;"5.0""";540x960 pixels;1 GB RAM;;1800 mAh Li-Ion;GSM 900 / 1800 - SIM 1 & SIM 2;HSDPA 2100;HSPA 21.1/5.76 Mbps;2013, December. Released 2013, December;Discontinued;138 x 70.5 x 7.9 mm (5.43 x 2.78 x 0.31 in);104.5 g (3.70 oz);;Dual SIM (Mini-SIM);IPS LCD;5.0 inches, 68.9 cm(~70.8% screen-to-body ratio);540 x 960 pixels, 16:9 ratio (~220 ppi density);;Android 4.2.2 (Jelly Bean);Quad-core 1.3 GHz;microSDHC (dedicated slot);4GB 1GB RAM;8 MP, AF;LED flash;Yes;Yes;;Wi-Fi 802.11 b/g/n, hotspot;Yes;GPS;No;FM radio;microUSB 2.0;Accelerometer, proximity;Li-Ion 1800 mAh, removable;Black, White;About 120 EUR;;;;;;;;;;
https://www.gsmarena.com/karbonn_s7_titanium-5880.php;https://fdn2.gsmarena.com/vv/bigpic/karbonn-titanium-s7.jpg;Karbonn S7 Titanium;Released 2013, December;9.3mm thickness;Android 4.2;16GB storage, microSDHC;7;N/A;345,468 hits;"5.0""";1080x1920 pixels;1 GB RAM;;2000 mAh Li-Ion;GSM 850 / 900 / 1800 / 1900 - SIM 1 & SIM 2;HSDPA 2100;HSPA;2013, November. Released 2013, December;Discontinued;143.5 x 72 x 9.3 mm (5.65 x 2.83 x 0.37 in);-;;Dual SIM;IPS LCD;5.0 inches, 68.9 cm(~66.7% screen-to-body ratio);1080 x 1920 pixels, 16:9 ratio (~441 ppi density);;Android 4.2 (Jelly Bean);Quad-core 1.5 GHz;microSDHC (dedicated slot);16GB 1GB RAM;13 MP, AF;LED flash;Yes;2 MP;;Wi-Fi 802.11 b/g/n, hotspot;Yes;GPS;No;FM radio;Proprietary;Accelerometer, gyro, proximity, compass;Li-Ion 2000 mAh battery;Black;About 180 EUR;Up to 200 h;Up to 4 h;;;;;;;;
https://www.gsmarena.com/karbonn_s9_titanium-5645.php;https://fdn2.gsmarena.com/vv/bigpic/karbonn-s9.jpg;Karbonn S9 Titanium;Released 2013, July;176.5;Android 4.2;16GB storage, microSDHC;16;N/A;1,235,813 hits;"5.5""";720x1280 pixels;1 GB RAM;MT6589;2600 mAh Li-Ion;GSM 900 / 1800 / 1900 - SIM 1 & SIM 2;HSDPA 2100;HSPA;2013, July. Released 2013, July;Discontinued;-;176.5 (6.21 oz);;Dual SIM;IPS LCD;5.5 inches, 83.4 cm;720 x 1280 pixels, 16:9 ratio (~267 ppi density);;Android 4.2 (Jelly Bean);Quad-core 1.2 GHz Cortex-A7;microSDHC (dedicated slot);16GB 1GB RAM;13 MP, AF;LED flash;Yes;5 MP;;Wi-Fi 802.11 b/g/n, hotspot, DLNA;Yes;GPS;No;FM radio;Proprietary;Accelerometer, proximity;Li-Ion 2600 mAh battery;White;About 170 EUR;;;Mediatek MT6589 (28 nm);PowerVR SGX544;;;;;;
https://www.gsmarena.com/karbonn_a10-5644.php;https://fdn2.gsmarena.com/vv/bigpic/karbonn-a10.jpg;Karbonn A10;Released 2013, July;;Android 4.1;512MB 512MB RAM storage, microSDHC slot;4;N/A;393,259 hits;"3.9""";480x800 pixels;512 MB RAM;MT6577;1400 mAh Li-Ion;GSM 900 / 1800 - SIM 1 & SIM 2;HSDPA 2100;HSPA;2013, July. Released 2013, July;Discontinued;-;-;;Dual SIM;IPS LCD;3.9 inches, 43.3 cm;480 x 800 pixels, 5:3 ratio (~239 ppi density);;Android 4.1 (Jelly Bean);Dual-core 1.0 GHz Cortex-A9;microSDHC (dedicated slot);512MB 512MB RAM;5 MP, AF;LED flash;Yes;VGA;;Wi-Fi 802.11 b/g/n, hotspot;Yes;GPS;No;FM radio;Proprietary;Accelerometer, proximity;Li-Ion 1400 mAh battery;Black;About 70 EUR;;;Mediatek MT6577 (40 nm);PowerVR SGX531u;;;;;;
https://www.gsmarena.com/karbonn_a5-5643.php;https://fdn2.gsmarena.com/vv/bigpic/karbonn-a5.jpg;Karbonn A5;Released 2013, July;;Android 2.3;512MB 256MB RAM storage, microSDHC slot;2;N/A;374,053 hits;"3.2""";320x480 pixels;256 MB RAM;;1200 mAh Li-Ion;GSM 900 / 1800 - SIM 1 & SIM 2;HSDPA 2100;HSPA;2013, July. Released 2013, July;Discontinued;-;-;;Dual SIM;TFT, 256K colors;3.2 inches, 30.5 cm;320 x 480 pixels, 3:2 ratio (~180 ppi density);;Android 2.3 (Gingerbread);1.0 GHz;microSDHC (dedicated slot);512MB 256MB RAM;3.15 MP;;Yes;VGA;;Wi-Fi 802.11 b/g/n;Yes;GPS;No;FM radio;Proprietary;Accelerometer;Li-Ion 1200 mAh battery;Black;About 50 EUR;;;;;;;;;;
https://www.gsmarena.com/karbonn_a37-5522.php;https://fdn2.gsmarena.com/vv/bigpic/karbonn-a37.jpg;Karbonn A37;Released 2013;335g, 12.3mm thickness;Android 4.1;4GB 512MB RAM storage, microSDHC slot;4;N/A;203,999 hits;"7.0""";480x800 pixels;512 MB RAM;;3000 mAh Li-Ion;GSM 900 / 1800 / 1900 - SIM 1 & SIM 2;HSDPA 2100;HSPA 7.2/0.384 Mbps;2013. Released 2013;Discontinued;197 x 124 x 12.3 mm (7.76 x 4.88 x 0.48 in);335 g (11.82 oz);;Dual SIM;TFT;7.0 inches, 139.5 cm(~57.1% screen-to-body ratio);480 x 800 pixels, 5:3 ratio (~133 ppi density);;Android 4.1 (Ice Cream Sandwich);Dual-core 1.0 GHz;microSDHC (dedicated slot);4GB 512MB RAM;2 MP;;Yes;Yes;;Wi-Fi 802.11 b/g/n, hotspot;Yes;GPS;No;FM radio;Proprietary;Accelerometer;Li-Ion 3000 mAh battery;Black/White;About 100 EUR;Up to 240 h;Up to 8 h;;;;;;;;
https://www.gsmarena.com/karbonn_a34-5521.php;https://fdn2.gsmarena.com/vv/bigpic/karbonn-a34.jpg;Karbonn A34;Released 2013;335g, 12.3mm thickness;Android 4.0;4GB 512MB RAM storage, microSDHC slot;3;N/A;198,494 hits;"7.0""";480x800 pixels;512 MB RAM;MT6515;3000 mAh Li-Ion;GSM 900 / 1800 / 1900 - SIM 1 & SIM 2;;;2013. Released 2013;Discontinued;197 x 124 x 12.3 mm (7.76 x 4.88 x 0.48 in);335 g (11.82 oz);;Dual SIM;TFT;7.0 inches, 139.5 cm(~57.1% screen-to-body ratio);480 x 800 pixels, 5:3 ratio (~133 ppi density);;Android 4.0 (Ice Cream Sandwich);1.0 GHz Cortex-A9;microSDHC (dedicated slot);4GB 512MB RAM;2 MP;;Yes;Yes;;Wi-Fi 802.11 b/g/n, hotspot;Yes;GPS;No;FM radio;Proprietary;Accelerometer;Li-Ion 3000 mAh battery;Gray/White;About 90 EUR;Up to 240 h;Up to 8 h;Mediatek MT6515;PowerVR SGX531;;Yes;Yes;;;
https://www.gsmarena.com/karbonn_a25-5520.php;https://fdn2.gsmarena.com/vv/bigpic/karbonn-a25.jpg;Karbonn A25;Released 2013;150g, 10.5mm thickness;Android 4.0;114MB storage, microSDHC slot;6;N/A;974,070 hits;"5.0""";480x800 pixels; ;;2000 mAh Li-Ion;GSM 900 / 1800 / 1900 - SIM 1 & SIM 2;;;2013. Released 2013;Discontinued;146 x 78.6 x 10.5 mm (5.75 x 3.09 x 0.41 in);150 g (5.29 oz);;Dual SIM;TFT;5.0 inches, 71.2 cm(~62.0% screen-to-body ratio);480 x 800 pixels, 5:3 ratio (~187 ppi density);;Android 4.0 (Ice Cream Sandwich);Dual-core 1.0 GHz;microSDHC (dedicated slot);114MB;5 MP;LED flash;Yes;Yes;;Wi-Fi 802.11 b/g/n;Yes;No;No;FM radio;Proprietary;Accelerometer, proximity;Li-Ion 2000 mAh battery;White/Black;About 80 EUR;Up to 300 h;Up to 6 h;;;0.50 W/kg (head);Yes;Yes;;;
https://www.gsmarena.com/karbonn_a7_star-5519.php;https://fdn2.gsmarena.com/vv/bigpic/karbonn-a7.jpg;Karbonn A7 Star;Released 2013;10.4mm thickness;Android 4.0;164MB storage, microSDHC slot;8;N/A;846,752 hits;"4.5""";480x854 pixels; ;MT6517;1400 mAh Li-Ion;GSM 900 / 1800 / 1900 - SIM 1 & SIM 2;;;2013. Released 2013;Discontinued;113 x 66 x 10.4 mm (4.45 x 2.60 x 0.41 in);-;;Dual SIM;TFT;4.5 inches, 55.8 cm(~74.8% screen-to-body ratio);480 x 854 pixels, 16:9 ratio (~218 ppi density);;Android 4.0 (Ice Cream Sandwich);Dual-core 1.0 GHz Cortex-A9;microSDHC (dedicated slot);164MB;5 MP;LED flash;Yes;Yes;;Wi-Fi 802.11 b/g/n;Yes;No;No;FM radio;Proprietary;Accelerometer, proximity;Li-Ion 1400 mAh, removable;White/Black;About 70 EUR;Up to 135 h;Up to 5 h;Mediatek MT6517;PowerVR SGX531u;0.99 W/kg (head);Yes;Yes;;;
https://www.gsmarena.com/karbonn_a4+-5518.php;https://fdn2.gsmarena.com/vv/bigpic/karbonn-a4plus.jpg;Karbonn A4+;Released 2013;87.5g without battery, 10.5mm thickness;Android 4.0;90MB storage, microSDHC slot;2;N/A;288,797 hits;"4.0""";480x800 pixels; ;;1250 mAh Li-Ion;GSM 900 / 1800 / 1900 - SIM 1 & SIM 2;;;2013. Released 2013;Discontinued;123 x 63 x 10.5 mm (4.84 x 2.48 x 0.41 in);87.5 g without battery (3.07 oz);;Dual SIM;IPS LCD;4.0 inches, 45.5 cm(~58.8% screen-to-body ratio);480 x 800 pixels, 5:3 ratio (~233 ppi density);;Android 4.0 (Ice Cream Sandwich);Dual-core 1.0 GHz;microSDHC (dedicated slot);90MB;3.15 MP;;Yes;No;;Wi-Fi 802.11 b/g/n;Yes;No;No;FM radio;Proprietary;Accelerometer, proximity;Li-Ion 1250 mAh battery;White/Black;About 50 EUR;Up to 125 h;Up to 5 h;;;0.94 W/kg (head);Yes;Yes;;;
https://www.gsmarena.com/karbonn_a2+-5517.php;https://fdn2.gsmarena.com/vv/bigpic/karbonn-a2plus.jpg;Karbonn A2+;Released 2013;110g, 12.4mm thickness;Android 4.0;180MB storage, microSDHC slot;5;N/A;642,485 hits;"4.0""";480x800 pixels; ;;1750 mAh Li-Ion;GSM 900 / 1800 / 1900 - SIM 1 & SIM 2;;;2013. Released 2013;Discontinued;124 x 63.6 x 12.4 mm (4.88 x 2.50 x 0.49 in);110 g (3.88 oz);;Dual SIM;TFT;4.0 inches, 45.5 cm(~57.7% screen-to-body ratio);480 x 800 pixels, 5:3 ratio (~233 ppi density);;Android 4.0 (Ice Cream Sandwich);;microSDHC (dedicated slot);180MB;3.15 MP;;Yes;Yes;;Wi-Fi 802.11 b/g/n;Yes;No;No;FM radio;Proprietary;Accelerometer, proximity;Li-Ion 1750 mAh battery;White/Black;About 50 EUR;Up to 120 h;Up to 3 h 30 min;;;0.63 W/kg (head);Yes;Yes;;;
https://www.gsmarena.com/karbonn_a27_retina-5508.php;https://fdn2.gsmarena.com/vv/bigpic/karbonn-a27-retina.jpg;Karbonn A27 Retina;Released 2013, March;126.5g, 9.1mm thickness;Android 4.1;4GB 512MB RAM storage, microSDHC slot;6;N/A;426,532 hits;"4.3""";540x960 pixels;512 MB RAM;;1800 mAh Li-Ion;GSM 900 / 1800 / 1900 - SIM 1 & SIM 2;HSDPA 2100;HSPA 7.2/0.384 Mbps;2013, March. Released 2013, March;Discontinued;133.6 x 66 x 9.1 mm (5.26 x 2.60 x 0.36 in);126.5 g (4.44 oz);;Dual SIM (Mini-SIM);IPS LCD;4.3 inches, 51.0 cm(~57.8% screen-to-body ratio);540 x 960 pixels, 16:9 ratio (~256 ppi density);;Android 4.1 (Jelly Bean);Dual-core 1.2 GHz;microSDHC (dedicated slot);4GB 512MB RAM;8 MP, AF;LED flash;Yes;2 MP;;Wi-Fi 802.11 b/g/n, Wi-Fi Direct, hotspot;Yes;GPS;No;FM radio;Proprietary;Accelerometer;Li-Ion 1800 mAh battery;Black;About 160 EUR;Up to 180 h;Up to 4 h;;;1.00 W/kg (head);;;;;
https://www.gsmarena.com/karbonn_a111-5381.php;https://fdn2.gsmarena.com/vv/bigpic/karbonn-a111.jpg;Karbonn A111;Released 2013, March;12mm thickness;Android 4.0;4GB 512MB RAM storage, microSDHC slot;9;N/A;355,428 hits;"5.0""";480x800 pixels;512 MB RAM;;2100 mAh Li-Ion;GSM 900 / 1800 / 1900 - SIM 1 & SIM 2;HSDPA 900 / 2100;HSPA;2013, March. Released 2013, March;Discontinued;148 x 80 x 12 mm (5.83 x 3.15 x 0.47 in);-;;Dual SIM (Mini-SIM);TFT;5.0 inches, 71.2 cm(~60.1% screen-to-body ratio);480 x 800 pixels, 5:3 ratio (~187 ppi density);;Android 4.0 (Ice Cream Sandwich);Dual-core 1.2 GHz;microSDHC (dedicated slot);4GB 512MB RAM;5 MP, AF;LED flash;Yes;Yes;;Wi-Fi 802.11 b/g/n, hotspot;Yes;GPS;No;FM radio;Proprietary;Accelerometer;Li-Ion 2150 mAh battery;White/Black;About 150 EUR;;;;;0.87 W/kg (head);;;;;
https://www.gsmarena.com/karbonn_a6-5380.php;https://fdn2.gsmarena.com/vv/bigpic/karbonn-a6.jpg;Karbonn A6;Released 2013, March;114.5g, 11.6mm thickness;Android 4.0;104MB 512MB RAM storage, microSDHC slot;16;N/A;2,090,350 hits;"4.0""";480x800 pixels;512 MB RAM;;1450 mAh Li-Ion;GSM 900 / 1800 / 1900 - SIM 1 & SIM 2;;;2013, March. Released 2013, March;Discontinued;128 x 65.7 x 11.6 mm (5.04 x 2.59 x 0.46 in);114.5 g (4.02 oz);;Dual SIM (Mini-SIM);IPS LCD, 256K colors;4.0 inches, 45.5 cm(~54.2% screen-to-body ratio);480 x 800 pixels, 5:3 ratio (~233 ppi density);;Android 4.0 (Ice Cream Sandwich);1.0 GHz;microSDHC (dedicated slot);104MB 512MB RAM;5 MP;LED flash;Yes;Yes;;Wi-Fi 802.11 b/g/n, hotspot;Yes;No;No;FM radio;Proprietary;Accelerometer;Li-Ion 1450 mAh, removable;White/Black;About 80 EUR;Up to 250 h;Up to 3 h 30 min;;;0.87 W/kg (head);Yes;Yes;;;
https://www.gsmarena.com/karbonn_a4-5379.php;https://fdn2.gsmarena.com/vv/bigpic/karbonn-a4.jpg;Karbonn A4;Released 2013, March;75g, 9.5mm thickness;Android 2.3.6;256MB 512MB storage, microSDHC slot;4;N/A;526,170 hits;"4.0""";320x480 pixels; ;;1400 mAh Li-Ion;GSM 850 / 1900 - SIM 1 & SIM 2;HSDPA 900 / 2100;HSPA;2013, March. Released 2013, March;Discontinued;124.8 x 66 x 9.5 mm (4.91 x 2.60 x 0.37 in);75 g (2.65 oz);;Dual SIM (Mini-SIM);TFT, 256K colors;4.0 inches, 47.6 cm(~57.8% screen-to-body ratio);320 x 480 pixels, 3:2 ratio (~144 ppi density);;Android 2.3.6 (Gingerbread);;microSDHC (dedicated slot);256MB 512MB;3.15 MP;;Yes;Yes;;Wi-Fi 802.11 b/g/n, hotspot;Yes;No;No;FM radio;Proprietary;Accelerometer;Li-Ion 1400 mAh battery;White/Black;About 70 EUR;Up to 250 h;Up to 4 h 20 min;;;;;;;;
https://www.gsmarena.com/karbonn_a3-5378.php;https://fdn2.gsmarena.com/vv/bigpic/karbonn-a3.jpg;Karbonn A3;Released 2013, March;90g, 13.5mm thickness;Android 2.3.6;256MB RAM storage, microSDHC slot;2;N/A;444,941 hits;"4.0""";320x480 pixels;256 MB RAM;;1400 mAh Li-Ion;GSM 850 / 1900 - SIM 1 & SIM 2;;;2013, March. Released 2013, March;Discontinued;113 x 61 x 13.5 mm (4.45 x 2.40 x 0.53 in);90 g (3.17 oz);;Dual SIM (Mini-SIM);TFT;4.0 inches, 47.6 cm(~69.1% screen-to-body ratio);320 x 480 pixels, 3:2 ratio (~144 ppi density);;Android 2.3.6 (Gingerbread);1.0 GHz;microSDHC (dedicated slot);256MB RAM, 512MB;3.15 MP;;Yes;VGA;;Wi-Fi 802.11 b/g/n, hotspot;Yes;No;No;FM radio;Proprietary;Accelerometer;Li-Ion 1400 mAh battery;White/Black;About 70 EUR;Up to 250 h;Up to 4 h 20 min;;;;Yes;Yes;;;
https://www.gsmarena.com/karbonn_a2-5377.php;https://fdn2.gsmarena.com/vv/bigpic/karbonn-a2.jpg;Karbonn A2;Released 2013, March;110g, 12.4mm thickness;Android 2.3.6;200MB storage, microSDHC slot;3;N/A;683,631 hits;"4.0""";480x800 pixels; ;;1750 mAh Li-Ion;GSM 900 / 1800 / 1900 - SIM 1 & SIM 2;;;2013, March. Released 2013, March;Discontinued;124 x 63.6 x 12.4 mm (4.88 x 2.50 x 0.49 in);110 g (3.88 oz);;Dual SIM (Mini-SIM);TFT;4.0 inches, 45.5 cm(~57.7% screen-to-body ratio);480 x 800 pixels, 5:3 ratio (~233 ppi density);;Android 2.3.6 (Gingerbread);;microSDHC (dedicated slot);200MB;3.15 MP;;Yes;Yes;;No;Yes;No;No;FM radio;Proprietary;Accelerometer;Li-Ion 1750 mAh battery;White/Black;About 70 EUR;Up to 120 h;Up to 3 h 30 min;;;;Yes;Yes;;;
https://www.gsmarena.com/karbonn_s5_titanium-5374.php;https://fdn2.gsmarena.com/vv/bigpic/karbonn-s5-titanium.jpg;Karbonn S5 Titanium;Released 2013, May;200g, 9mm thickness;Android 4.1;4GB 1GB RAM storage, microSDHC slot;55;N/A;4,738,942 hits;"5.0""";540x960 pixels;1 GB RAM;Snapdragon S4 Play;2000 mAh Li-Ion;GSM 900 / 1800 - SIM 1 & SIM 2;HSDPA 2100;HSPA 7.2/0.384 Mbps;2013, March. Released 2013, May;Discontinued;144 x 72 x 9 mm (5.67 x 2.83 x 0.35 in);200 g (7.05 oz);;Dual SIM (Mini-SIM);IPS LCD;5.0 inches, 68.9 cm(~66.5% screen-to-body ratio);540 x 960 pixels, 16:9 ratio (~220 ppi density);;Android 4.1 (Jelly Bean);Quad-core 1.2 GHz Cortex-A5;microSDHC (dedicated slot);4GB 1GB RAM;8 MP, AF;LED flash;Yes;2 MP;;Wi-Fi 802.11 b/g/n, hotspot;2.1, A2DP;GPS;No;FM radio;microUSB 2.0;Accelerometer, proximity;Li-Ion 2000 mAh, removable;Blue;About 160 EUR;Up to 200 h (2G) / Up to 200 h (3G);Up to 13 h (2G) / Up to 11 h (3G);Qualcomm MSM8225Q Snapdragon S4 Play;Adreno 203;;;;;;
https://www.gsmarena.com/karbonn_s1_titanium-5273.php;https://fdn2.gsmarena.com/vv/bigpic/karbonn-s1.jpg;Karbonn S1 Titanium;Released 2013, January;9.3mm thickness;Android 4.1;4GB 1GB RAM storage, microSDHC slot;42;N/A;1,996,529 hits;"4.5""";540x960 pixels;1 GB RAM;;1600 mAh Li-Ion;GSM 900 / 1800 / 1900 - SIM 1 & SIM 2;HSDPA 2100;HSPA;2013, January. Released 2013, January;Discontinued;134.6 x 66 x 9.3 mm (5.30 x 2.60 x 0.37 in);-;;Dual SIM (Mini-SIM);IPS LCD;4.5 inches, 55.8 cm(~62.8% screen-to-body ratio);540 x 960 pixels, 16:9 ratio (~245 ppi density);;Android 4.1 (Jelly Bean);Quad-core 1.2 GHz;microSDHC (dedicated slot);4GB 1GB RAM;5 MP, AF;LED flash;Yes;Yes;;Wi-Fi 802.11 b/g/n, hotspot;Yes;GPS;No;FM radio;microUSB 2.0;Accelerometer, proximity;Li-Ion 1600 mAh battery;Black, White;About 150 EUR;Up to 200 h;Up to 4 h;;;;;;;;
https://www.gsmarena.com/karbonn_smart_tab_9-5219.php;https://fdn2.gsmarena.com/vv/bigpic/karbonn-st9.jpg;Karbonn Smart Tab 9;Released 2012;;Android 4.0.4;2GB 512MB RAM storage, microSDHC slot;3;N/A;269,498 hits;"9.0""";480x800 pixels;512 MB RAM;;4000 mAh Li-Ion;N/A;;;2012. Released 2012;Discontinued;-;-;;No;TFT;9.0 inches, 230.5 cm;480 x 800 pixels, 5:3 ratio (~104 ppi density);;Android 4.0.4 (Ice Cream Sandwich);1.2 GHz;microSDHC (dedicated slot);2GB 512MB RAM;1.3 MP;;Yes;No;;Wi-Fi 802.11 b/g/n;Yes;No;No;No;Proprietary;Accelerometer;Li-Ion 4000 mAh, non-removable;Black/White;About 90 EUR;;Up to 6 h (multimedia);;;;No;No;;;
https://www.gsmarena.com/karbonn_smart_tab_8-5215.php;https://fdn2.gsmarena.com/vv/bigpic/karbonn-st8.jpg;Karbonn Smart Tab 8;Released 2012;;Android 4.1.1;1.5GB 1GB RAM storage, microSDHC slot;9;N/A;424,199 hits;"8.0""";1024x768 pixels;1 GB RAM;;4500 mAh Li-Ion;N/A;;;2012. Released 2012;Discontinued;-;-;;No;TFT;8.0 inches, 198.2 cm;1024 x 768 pixels, 4:3 ratio (~160 ppi density);;Android 4.1.1 (Jelly Bean);Dual-core 1.5 GHz Cortex-A9;microSDHC (dedicated slot);1.5GB 1GB RAM;3.15 MP;;Yes;Yes;;Wi-Fi 802.11 b/g/n;Yes;No;No;No;Proprietary;Accelerometer;Li-Ion 4500 mAh, non-removable;Black/White;About 100 EUR;;;;;;No;No;HDMI port;;
https://www.gsmarena.com/karbonn_smart_tab_10-5216.php;https://fdn2.gsmarena.com/vv/bigpic/karbonn-st10.jpg;Karbonn Smart Tab 10;Released 2012;;Android 4.1.1;1.5GB 1GB RAM storage, microSDHC slot;8;N/A;338,276 hits;"9.7""";1024x768 pixels;1 GB RAM;;6000 mAh Li-Ion;N/A;;;2012. Released 2012;Discontinued;-;-;;No;TFT;9.7 inches, 291.4 cm;1024 x 768 pixels, 4:3 ratio (~132 ppi density);;Android 4.1.1 (Jelly Bean);Dual-core 1.5 GHz Cortex-A9;microSDHC (dedicated slot);1.5GB 1GB RAM;2 MP;;Yes;Yes;;Wi-Fi 802.11 b/g/n;Yes;No;No;No;Proprietary;Accelerometer;Li-Ion 6000 mAh, non-removable;Black/White;About 140 EUR;;;;Mali-400;;No;No;HDMI port;;
https://www.gsmarena.com/karbonn_smart_tab2-5220.php;https://fdn2.gsmarena.com/vv/bigpic/karbonn-st72.jpg;Karbonn Smart Tab2;Released 2012;;Android 4.1;1GB 512MB RAM storage, microSDHC slot;4;N/A;274,658 hits;"7.0""";480x800 pixels;512 MB RAM;;3700 mAh Li-Ion;N/A;;;2012. Released 2012;Discontinued;-;-;;No;TFT;7.0 inches, 139.5 cm;480 x 800 pixels, 5:3 ratio (~133 ppi density);Corning Gorilla Glass;Android 4.1 (Jelly Bean);1.2 GHz;microSDHC (dedicated slot);1GB 512MB RAM;2 MP;;Yes;No;;Wi-Fi 802.11 b/g/n, Wi-Fi Direct;4.0, A2DP;No;No;No;Proprietary;Accelerometer;Li-Ion 3700 mAh, non-removable;Black/White;About 70 EUR;;Up to 7 h (multimedia);;;;No;No;HDMI port;;
https://www.gsmarena.com/karbonn_smart_tab_7-5217.php;https://fdn2.gsmarena.com/vv/bigpic/karbonn-st7.jpg;Karbonn Smart Tab 7;Released 2012;;Android 4.0, up to 4.1;1GB 512MB RAM storage, microSDHC slot;3;N/A;187,280 hits;"8.0""";480x800 pixels;512 MB RAM;Vivante GC860;3700 mAh Li-Ion;N/A;;;2012. Released 2012;Discontinued;-;-;;No;TFT;8.0 inches, 182.2 cm;480 x 800 pixels, 5:3 ratio (~117 ppi density);;Android 4.0 (Ice Cream Sandwich), upgradable to 4.1 (Jelly Bean);1.2 GHz;microSDHC (dedicated slot);1GB 512MB RAM;2 MP;;Yes;No;;Wi-Fi 802.11 b/g/n;4.0, A2DP;No;No;No;Proprietary;Accelerometer;Li-Ion 3700 mAh, non-removable;Black/White;About 80 EUR;;Up to 7 h (multimedia);Vivante GC860;Mali-400;;No;No;HDMI port;;
https://www.gsmarena.com/karbonn_kt21_express-5175.php;https://fdn2.gsmarena.com/vv/bigpic/karbonn-kt21.jpg;Karbonn KT21 Express;Released 2012;;Feature phone;microSDHC slot;3;N/A;93,815 hits;"2.8""";240x320 pixels; ;;1000 mAh Li-Ion;GSM - SIM 1 & SIM 2;;;2012;Discontinued;-;-;;Dual SIM (Mini-SIM);TFT;2.8 inches, 24.3 cm;240 x 320 pixels, 4:3 ratio;;;;microSDHC (dedicated slot);;3.15 MP;LED flash;Yes;No;;No;2.0;No;No;FM radio, recording;microUSB;Proximity;Li-Ion 1000 mAh, removable;Black;About 40 EUR;;;;;;Yes;Yes;Audio/video playerPhoto viewerOrganizer;;
https://www.gsmarena.com/karbonn_k65_buzz-5176.php;https://fdn2.gsmarena.com/vv/bigpic/karbonn-k65-buzz.jpg;Karbonn K65 Buzz;Released 2012;;Feature phone;microSDHC slot;2;N/A;167,043 hits;"3.5""";320x480 pixels; ;;1200 mAh Li-Ion;GSM 900 / 1800 - SIM 1 & SIM 2;;;2012;Discontinued;-;-;;Dual SIM (Mini-SIM);TFT;3.5 inches, 37.9 cm;320 x 480 pixels, 4:3 ratio;;;;microSDHC (dedicated slot);;2 MP;;Yes;No;;No;2.0;No;No;FM radio, recording;microUSB;;Li-Ion 1200 mAh, removable;White;About 40 EUR;;;;;1.08 W/kg (head);Yes;Yes;Audio/video playerPhoto viewerOrganizer;;
https://www.gsmarena.com/karbonn_k9_jumbo-5177.php;https://fdn2.gsmarena.com/vv/bigpic/karbonn-k9.jpg;Karbonn K9 Jumbo;Released 2012;112g, 15.5mm thickness;Feature phone;microSDHC slot;3;N/A;460,624 hits;"2.4""";240x320 pixels; ;;1800 mAh Li-Ion;GSM 900 / 1800 - SIM 1 & SIM 2;;;2012;Discontinued;115 x 50 x 15.5 mm (4.53 x 1.97 x 0.61 in);112 g (3.95 oz);;Dual SIM (Mini-SIM);TFT, 256K colors;2.4 inches, 17.8 cm(~31.0% screen-to-body ratio);240 x 320 pixels, 4:3 ratio (~167 ppi density);;;;microSDHC (dedicated slot);;1.3 MP;;480p;No;;No;2.0;No;No;FM radio, recording;microUSB;;Li-Ion 1800 mAh, removable;Black, Red;About 30 EUR;Up to 300 h;Up to 6 h;;;;Yes;Yes;Audio/video playerPhoto viewerOrganizerVoice memo;;
https://www.gsmarena.com/karbonn_a9-5178.php;https://fdn2.gsmarena.com/vv/bigpic/karbonn-a9.jpg;Karbonn A9;Released 2012;11.3mm thickness;Android 2.3.6;512MB storage, microSDHC slot;9;N/A;862,361 hits;"3.8""";480x800 pixels; ;;1600 mAh Li-Ion;GSM 900 / 1800 / 1900 - SIM 1 & SIM 2;HSDPA;HSPA;2012;Discontinued;120 x 60.5 x 11.3 mm (4.72 x 2.38 x 0.44 in);-;;Dual SIM (Mini-SIM);TFT, 256K colors;3.8 inches, 41.1 cm(~56.6% screen-to-body ratio);480 x 800 pixels, 5:3 ratio (~246 ppi density);;Android 2.3.6 (Gingerbread);1.0 GHz;microSDHC (dedicated slot);512MB;5 MP, AF;LED flash;Yes;Yes;;Wi-Fi 802.11 b/g/n;2.1, A2DP;GPS;No;FM radio;microUSB 2.0;Accelerometer, proximity;Li-Ion 1600 mAh, removable;Black, White;About 110 EUR;Up to 200 h;Up to 4 h;;;;Yes;Yes;;0.68 W/kg (head);
https://www.gsmarena.com/karbonn_kt62-5179.php;https://fdn2.gsmarena.com/vv/bigpic/karbonn-kt62.jpg;Karbonn KT62;Released 2012;85g, 13mm thickness;Feature phone;microSDHC slot;3;N/A;68,737 hits;"2.8""";240x320 pixels; ;;1000 mAh Li-Ion;GSM 900 / 1800 - SIM 1 & SIM 2;;;2012;Discontinued;100 x 55 x 13 mm (3.94 x 2.17 x 0.51 in);85 g (3.00 oz);;Dual SIM (Mini-SIM);TFT;2.8 inches, 24.3 cm(~44.1% screen-to-body ratio);240 x 320 pixels, 4:3 ratio (~143 ppi density);;;;microSDHC (dedicated slot);;Yes;;Yes;No;;No;2.0;No;No;FM radio;microUSB;;Li-Ion 1000 mAh, removable;Black/Red;About 30 EUR;Up to 200 h;Up to 3 h;;;1.04 W/kg (head);Yes;No;Audio/video playerPhoto viewerOrganizer;;
https://www.gsmarena.com/karbonn_k52_groovster-5180.php;https://fdn2.gsmarena.com/vv/bigpic/karbonn-k52.jpg;Karbonn K52 Groovster;Released 2012;15.2mm thickness;Feature phone;microSDHC slot;4;N/A;85,527 hits;"2.4""";240x320 pixels; ;;1800 mAh Li-Ion;GSM 900 / 1800 - SIM 1 & SIM 2;;;2012;Discontinued;115 x 52 x 15.2 mm (4.53 x 2.05 x 0.60 in);-;;Dual SIM (Mini-SIM);TFT;2.4 inches, 17.8 cm(~29.8% screen-to-body ratio);240 x 320 pixels, 4:3 ratio (~167 ppi density);;;;microSDHC (dedicated slot);;1.3 MP;;Yes;No;;No;2.0;No;No;FM radio, recording;microUSB;;Li-Ion 1800 mAh battery;Black/Red, Silver/Black;About 20 EUR;Up to 600 h;Up to 6 h;;;0.58 W/kg (head);Yes;No;Audio/video playerPhoto viewerOrganizer;;
https://www.gsmarena.com/karbonn_k309_boombastic-5181.php;https://fdn2.gsmarena.com/vv/bigpic/karbonn-k309.jpg;Karbonn K309 Boombastic;Released 2012;85g, 15.2mm thickness;Feature phone;microSDHC slot;2;N/A;56,674 hits;;176x220 pixels; ;;1500 mAh Li-Ion;GSM 900 / 1800 - SIM 1 & SIM 2;;;2012;Discontinued;113 x 49 x 15.2 mm (4.45 x 1.93 x 0.60 in);85 g (3.00 oz);;Dual SIM (Mini-SIM);TFT, 65K colors;, -;176 x 220 pixels;;;;microSDHC (dedicated slot);;VGA;;;No;;No;2.0;No;No;FM radio;microUSB;;Li-Ion 1500 mAh, removable;Black/Red;About 20 EUR;Up to 400 h;Up to 5 h;;;0.75 W/kg (head);Yes;No;Audio/video playerPhoto viewerOrganizer;;Dedicated music keysFlashlight
https://www.gsmarena.com/karbonn_k4+_titan-5182.php;https://fdn2.gsmarena.com/vv/bigpic/karbonn-k4+.jpg;Karbonn K4+ Titan;Released 2012;95g, 14.9mm thickness;Feature phone;microSDHC slot;3;N/A;67,303 hits;"2.6""";240x320 pixels; ;;2200 mAh Li-Ion;GSM 900 / 1800 - SIM 1 & SIM 2;;;2012;Discontinued;118.8 x 52.5 x 14.9 mm (4.68 x 2.07 x 0.59 in);95 g (3.35 oz);;Dual SIM (Mini-SIM);TFT, 65K colors;2.6 inches, 20.9 cm(~33.6% screen-to-body ratio);240 x 320 pixels, 4:3 ratio (~154 ppi density);;;;microSDHC (dedicated slot);;1.3 MP;;Yes;No;;No;2.0;No;No;Wireless FM radio (no wired headphones required);microUSB;;Li-Ion 2200 mAh battery;Black/Silver, White/Black;About 30 EUR;Up to 600 h;Up to 10 h;;;0.95 W/kg (head);Yes;No;Audio/video playerPhoto viewerOrganizer;;
https://www.gsmarena.com/karbonn_k707_spy_ii-5183.php;https://fdn2.gsmarena.com/vv/bigpic/karbonn-k707.jpg;Karbonn K707 Spy II;Released 2012;100g, 15.7mm thickness;Feature phone;microSDHC slot;3;N/A;78,734 hits;"2.4""";240x320 pixels; ;;1800 mAh Li-Ion;GSM 900 / 1800 - SIM 1 & SIM 2;;;2012;Discontinued;118.9 x 49.8 x 15.7 mm (4.68 x 1.96 x 0.62 in);100 g (3.53 oz);;Dual SIM (Mini-SIM);TFT, 65K colors;2.4 inches, 17.8 cm(~30.1% screen-to-body ratio);240 x 320 pixels, 4:3 ratio (~167 ppi density);;;;microSDHC (dedicated slot);;1.3 MP;;Yes;No;;No;2.0;No;No;FM radio, recording;microUSB;;Li-Ion 1800 mAh battery;Black/Silver, Black/Red;About 20 EUR;Up to 600 h;Up to 8 h;;;1.32 W/kg (head);Yes;No;Audio/video playerPhoto viewerOrganizer;;Flashlight
https://www.gsmarena.com/karbonn_k451+_sound_wave-5184.php;https://fdn2.gsmarena.com/vv/bigpic/karbonn-k451.jpg;Karbonn K451+ Sound Wave;Released 2012;14.6mm thickness;Feature phone;microSDHC slot;4;N/A;169,051 hits;"2.4""";240x320 pixels; ;;1800 mAh Li-Ion;GSM 900 / 1800 - SIM 1 & SIM 2;;;2012;Discontinued;116.5 x 51.9 x 14.6 mm (4.59 x 2.04 x 0.57 in);-;;Dual SIM (Mini-SIM);TFT, 65K colors;2.4 inches, 17.8 cm(~29.5% screen-to-body ratio);240 x 320 pixels, 4:3 ratio (~167 ppi density);;;;microSDHC (dedicated slot);;1.3 MP;;Yes;No;;No;2.0;No;No;FM radio, recording;microUSB;;Li-Ion 1800 mAh battery;Silver/Black;About 20 EUR;Up to 500 h;Up to 8 h;;;0.45 W/kg (head);Yes;No;Audio/video playerPhoto viewerOrganizer;;
https://www.gsmarena.com/karbonn_k102+_flair-5185.php;https://fdn2.gsmarena.com/vv/bigpic/karbonn-k102+.jpg;Karbonn K102+ Flair;Released 2012;80g, 14.5mm thickness;Feature phone;microSDHC slot;3;N/A;69,098 hits;;176x220 pixels; ;;1000 mAh Li-Ion;GSM 900 / 1800 - SIM 1 & SIM 2;;;2012;Discontinued;108.9 x 45.6 x 14.5 mm (4.29 x 1.80 x 0.57 in);80 g (2.82 oz);;Dual SIM (Mini-SIM);TFT, 65K colors;, -;176 x 220 pixels;;;;microSDHC (dedicated slot);;VGA;;Yes;No;;No;2.0;No;No;FM radio;microUSB;;Li-Ion 1000 mAh battery;Golden/White, Black/Red;About 20 EUR;Up to 250 h;Up to 4 h;;;0.94 W/kg (head);Yes;No;Audio/video playerPhoto viewerOrganizer;;
https://www.gsmarena.com/karbonn_kc540_blaze-5186.php;https://fdn2.gsmarena.com/vv/bigpic/karbonn-kc540.jpg;Karbonn KC540 Blaze;Released 2012;80g, 13.9mm thickness;Feature phone;microSDHC slot;3;N/A;99,731 hits;"2.2""";240x320 pixels; ;;1000 mAh Li-Ion;GSM 900 / 1800 - SIM 1 & SIM 2;;;2012;Discontinued;111.2 x 46.8 x 13.9 mm (4.38 x 1.84 x 0.55 in);80 g (2.82 oz);;Dual SIM (Mini-SIM);TFT, 65K colors;2.2 inches, 15.0 cm(~28.8% screen-to-body ratio);240 x 320 pixels, 4:3 ratio (~182 ppi density);;;;microSDHC (dedicated slot);;1.3 MP;;Yes;No;;No;2.0;No;No;FM radio, recording;microUSB;;Li-Ion 1000 mAh, removable;White;About 40 EUR;Up to 150 h;Up to 4 h;;;0.70 W/kg (head);Yes;No;Audio/video playerPhoto viewerOrganizer;;
https://www.gsmarena.com/karbonn_k1+_stereo-5187.php;https://fdn2.gsmarena.com/vv/bigpic/karbonn-k1+.jpg;Karbonn K1+ Stereo;Released 2012;78g, 14.4mm thickness;Feature phone;microSDHC slot;2;N/A;55,143 hits;"1.77""";128x160 pixels; ;;1000 mAh Li-Ion;GSM 900 / 1800 - SIM 1 & SIM 2;;;2012;Discontinued;109 x 44 x 14.4 mm (4.29 x 1.73 x 0.57 in);78 g (2.75 oz);;Dual SIM (Mini-SIM);TFT, 65K colors;1.77 inches, 9.9 cm(~20.6% screen-to-body ratio);128 x 160 pixels (~116 ppi density);;;;microSDHC (dedicated slot);;VGA;;Yes;No;;No;2.0;No;No;FM radio;microUSB;;Li-Ion 1000 mAh, removable;White/Black, Black/Red;About 30 EUR;Up to 250 h;Up to 5 h;;;0.85 W/kg (head);Yes;No;Audio/video playerPhoto viewerOrganizer;;
https://www.gsmarena.com/karbonn_a1+-5188.php;https://fdn2.gsmarena.com/vv/bigpic/karbonn-a1+.jpg;Karbonn A1+;Released 2012;130g, 13.8mm thickness;Android 2.3.6;256MB RAM storage, microSDHC slot;13;N/A;1,705,995 hits;"3.5""";320x480 pixels;256 MB RAM;;1500 mAh Li-Ion;GSM 900 / 1800 / 1900 - SIM 1 & SIM 2;;;2012;Discontinued;114.5 x 60.6 x 13.8 mm (4.51 x 2.39 x 0.54 in);130 g (4.59 oz);;Dual SIM (Mini-SIM);TFT, 256K colors;3.5 inches, 36.5 cm(~52.6% screen-to-body ratio);320 x 480 pixels, 3:2 ratio (~165 ppi density);;Android 2.3.6 (Gingerbread);1.0 GHz;microSDHC (dedicated slot);256MB RAM;3 MP;;Yes;VGA;;Wi-Fi 802.11 b/g;2.1, A2DP;No;No;FM radio;microUSB 2.0;Accelerometer, proximity;Li-Ion 1500 mAh, removable;Ivory White;About 50 EUR;Up to 240 h;Up to 4 h;;;;Yes;Yes;Mobile TV;0.66 W/kg (head);
https://www.gsmarena.com/karbonn_a21-5189.php;https://fdn2.gsmarena.com/vv/bigpic/karbonn-a21.jpg;Karbonn A21;Released 2012;;Android 4.0;4GB 512MB RAM storage, microSDHC slot;28;N/A;1,496,549 hits;"4.5""";480x800 pixels;512 MB RAM;;1800 mAh Li-Ion;GSM 900 / 1800 / 1900 - SIM 1 & SIM 2;HSDPA 2100;HSPA 7.2/0.384 Mbps;2012;Discontinued;-;-;;Dual SIM (Mini-SIM);TFT, 256K colors;4.5 inches, 57.6 cm;480 x 800 pixels, 5:3 ratio (~207 ppi density);;Android 4.0 (Ice Cream Sandwich);Dual-core 1.2 GHz;microSDHC (dedicated slot);4GB 512MB RAM;5 MP, AF;LED flash;Yes;1.3 MP;;Wi-Fi 802.11 b/g/n;2.1, A2DP;GPS;No;No;microUSB 2.0;Accelerometer, proximity;Li-Ion 1800 mAh, removable;Pearl White;About 130 EUR;Up to 200 h;Up to 5 h;;;0.44 W/kg (head);;;;;
https://www.gsmarena.com/karbonn_a11-5190.php;https://fdn2.gsmarena.com/vv/bigpic/karbonn-a11.jpg;Karbonn A11;Released 2012;;Android 4.0.4;4GB 512MB RAM storage, microSDHC slot;11;N/A;592,558 hits;"4.0""";480x800 pixels;512 MB RAM;;1500 mAh Li-Ion;GSM 900 / 1800 / 1900 - SIM 1 & SIM 2;HSDPA 2100;HSPA 7.2/0.384 Mbps;2012;Discontinued;-;-;;Dual SIM (Mini-SIM);TFT, 256K colors;4.0 inches, 45.5 cm;480 x 800 pixels, 5:3 ratio (~233 ppi density);;Android 4.0.4 (Ice Cream Sandwich);1.0 GHz;microSDHC (dedicated slot);4GB 512MB RAM;5 MP, AF;LED flash;Yes;1.3 MP;;Wi-Fi 802.11 b/g/n;4.0, A2DP;GPS;No;No;microUSB 2.0;Accelerometer, proximity;Li-Ion 1500 mAh battery;Black/White;About 100 EUR;Up to 200 h;Up to 5 h;;;1.12 W/kg (head);;;;;
https://www.gsmarena.com/karbonn_k36+_jumbo_mini-5191.php;https://fdn2.gsmarena.com/vv/bigpic/karbonn-k36+.jpg;Karbonn K36+ Jumbo Mini;Released 2012;92g, 16.5mm thickness;Feature phone;microSDHC slot;5;N/A;62,591 hits;"1.8""";128x160 pixels; ;;1800 mAh Li-Ion;GSM 900 / 1800 - SIM 1 & SIM 2;;;2012;Discontinued;111 x 47 x 16.5 mm (4.37 x 1.85 x 0.65 in);92 g (3.25 oz);;Dual SIM (Mini-SIM);TFT, 65K colors;1.8 inches, 10.2 cm(~19.5% screen-to-body ratio);128 x 160 pixels (~114 ppi density);;;;microSDHC (dedicated slot);;VGA;;Yes;No;;No;2.0;No;No;FM radio, recording;microUSB;;Li-Ion 1800 mAh battery;Black;About 20 EUR;Up to 400 h;Up to 8 h;;;;No;No;Audio/video playerPhoto viewerOrganizer;;
https://www.gsmarena.com/karbonn_k101+_media_champ-5192.php;https://fdn2.gsmarena.com/vv/bigpic/karbonn-k101+.jpg;Karbonn K101+ Media Champ;Released 2012;69g, 15.3mm thickness;Feature phone;microSDHC slot;2;N/A;54,868 hits;"1.8""";128x160 pixels; ;;800 mAh Li-Ion;GSM 900 / 1800 - SIM 1 & SIM 2;;;2012;Discontinued;104 x 44.7 x 15.3 mm (4.09 x 1.76 x 0.60 in);69 g (2.43 oz);;Dual SIM (Mini-SIM);TFT, 65K colors;1.8 inches, 10.2 cm(~21.9% screen-to-body ratio);128 x 160 pixels (~114 ppi density);;;;microSDHC (dedicated slot);;VGA;;Yes;No;;No;2.0;No;No;FM radio, recording;microUSB;;Li-Ion 800 mAh battery;Black, Black/Red;About 10 EUR;Up to 240 h;Up to 5 h;;;0.95 W/kg (head);No;No;Audio/video playerPhoto viewerOrganizer;;
https://www.gsmarena.com/karbonn_k440-5193.php;https://fdn2.gsmarena.com/vv/bigpic/karbonn-k440.jpg;Karbonn K440;Released 2012;13.5mm thickness;Feature phone;microSDHC slot;3;N/A;70,983 hits;"2.6""";240x320 pixels; ;;2100 mAh Li-Ion;GSM 900 / 1800 - SIM 1 & SIM 2;;;2012;Discontinued;119.5 x 54 x 13.5 mm (4.70 x 2.13 x 0.53 in);-;;Dual SIM (Mini-SIM);TFT, 256K colors;2.6 inches, 20.9 cm(~32.4% screen-to-body ratio);240 x 320 pixels, 4:3 ratio (~154 ppi density);;;;microSDHC (dedicated slot);;1.3 MP;;Yes;No;;No;2.0;No;No;FM radio, recording;microUSB;;Li-Ion 2100 mAh battery;Black/White, Black/Red;About 30 EUR;Up to 800 h;Up to 12 h;;;;Yes;No;Audio/video playerPhoto viewerOrganizer;;
https://www.gsmarena.com/karbonn_a9+-5194.php;https://fdn2.gsmarena.com/vv/bigpic/karbonn-A9+.jpg;Karbonn A9+;Released 2012;11.3mm thickness;Android 4.0;4GB 512MB RAM storage, microSDHC slot;39;N/A;1,089,163 hits;"4.0""";480x800 pixels;512 MB RAM;;1420 mAh Li-Ion;GSM 900 / 1800 / 1900 - SIM 1 & SIM 2;HSDPA 2100;HSPA 7.2/0.384 Mbps;2012;Discontinued;120 x 60.5 x 11.3 mm (4.72 x 2.38 x 0.44 in);-;;Dual SIM (Mini-SIM);IPS LCD;4.0 inches, 45.5 cm(~62.7% screen-to-body ratio);480 x 800 pixels, 5:3 ratio (~233 ppi density);;Android 4.0 (Ice Cream Sandwich);Dual-core 1.2 GHz;microSDHC (dedicated slot);4GB 512MB RAM;5 MP, AF;LED flash;Yes;1.3 MP;;Wi-Fi 802.11 b/g/n, Wi-Fi Direct, hotspot;2.0;GPS;No;FM radio;microUSB 2.0;Accelerometer, proximity;Li-Ion 1420 mAh, removable;Pearl White;About 120 EUR;Up to 200 h;Up to 4 h;;;;;;;0.66 W/kg (head);
https://www.gsmarena.com/karbonn_k11+-5195.php;https://fdn2.gsmarena.com/vv/bigpic/karbonn-k11+.jpg;Karbonn K11+;Released 2012;61 g;Feature phone;microSDHC slot;3;N/A;64,835 hits;"2.4""";240x320 pixels; ;;1000 mAh Li-Ion;GSM 900 / 1800 - SIM 1 & SIM 2;;;2012;Discontinued;-;61 g (2.15 oz);;Dual SIM (Mini-SIM);TFT, 65K colors;2.4 inches, 17.8 cm;240 x 320 pixels, 4:3 ratio (~167 ppi density);;;;microSDHC (dedicated slot);;VGA;;Yes;No;;No;2.0;No;No;FM radio;microUSB;;Li-Ion 1000 mAh, removable;Black/Red, White/Black;About 30 EUR;Up to 280 h;Up to 3 h;;;;No;No;Audio/video playerPhoto viewerOrganizer;;
https://www.gsmarena.com/karbonn_a15-5196.php;https://fdn2.gsmarena.com/vv/bigpic/karbonn-a15.jpg;Karbonn A15;Released 2012;;Android 4.0.4;4GB storage, microSDHC slot;23;N/A;971,761 hits;"4.0""";480x800 pixels;512 MB RAM;;1420 mAh Li-Ion;GSM 900 / 1800 / 1900 - SIM 1 & SIM 2;HSDPA 2100;HSPA 7.2/0.384 Mbps;2012;Discontinued;-;-;;Dual SIM (Mini-SIM);TFT;4.0 inches, 45.5 cm;480 x 800 pixels, 5:3 ratio (~233 ppi density);;Android 4.0.4 (Ice Cream Sandwich);1.0 GHz;microSDHC (dedicated slot);4GB (2.5GB user available), 512MB RAM;3.15 MP;;Yes;No;;Wi-Fi 802.11 b/g/n;2.0;GPS;No;FM radio;microUSB 2.0;Accelerometer;Li-Ion 1420 mAh, removable;Black;About 80 EUR;Up to 150 h;;;;;;;;0.59 W/kg (head);
https://www.gsmarena.com/karbonn_a30-5197.php;https://fdn2.gsmarena.com/vv/bigpic/karbonn-a30.jpg;Karbonn A30;Released 2012;280g, 10.7mm thickness;Android 4.0.4;4GB 512MB RAM storage, microSDHC slot;12;N/A;862,643 hits;"5.9""";480x800 pixels;512 MB RAM;;2500 mAh Li-Ion;GSM 900 / 1800 / 1900 - SIM 1 & SIM 2;HSDPA 2100;HSPA 7.2/0.384 Mbps;2012;Discontinued;166 x 91 x 10.7 mm (6.54 x 3.58 x 0.42 in);280 g (9.88 oz);;Dual SIM (Mini-SIM);TFT, 256K colors;5.9 inches, 99.1 cm(~65.6% screen-to-body ratio);480 x 800 pixels, 5:3 ratio (~158 ppi density);;Android 4.0.4 (Ice Cream Sandwich);Dual-core 1.0 GHz;microSDHC (dedicated slot);4GB 512MB RAM;8 MP, AF;LED flash;Yes;1.3 MP;;Wi-Fi 802.11 b/g/n, hotspot;2.0;GPS;No;FM radio;microUSB 2.0;Accelerometer;Li-Ion 2500 mAh battery;Black/White;About 160 EUR;Up to 600 h;Up to 10 h;;;0.46 W/kg (head);;;;;
