Link;Image;Name;Release date;Weight;OS;Storage;Fans;Popularity;Hits;Screen_size;Screen_resolution;RAM;SOC;Battery;net2g;net3g;speed;year;status;dimensions;weight;sim;displaytype;displaysize;displayresolution;os;chipset;cpu;gpu;memoryslot;internalmemory;cam1modules;cam1features;cam1video;cam2modules;cam2video;wlan;bluetooth;gps;nfc;radio;usb;sensors;batdescription1;batstandby1;battalktime1;colors;net4g;memoryother;gprstext;edge;featuresother;bodyother
https://www.gsmarena.com/maxwest_nitro_55m-8540.php;https://fdn2.gsmarena.com/vv/bigpic/maxwest-nitro-55-m.jpg;Maxwest Nitro 55M;Released 2017, January;180g, 8.2mm thickness;Android 6.0;8GB storage, microSDHC;4;N/A;121,415 hits;"5.5""";720x1280 pixels;1 GB RAM;MT6580;2800 mAh Li-Ion;GSM 850 / 900 / 1800 / 1900 - SIM 1 & SIM 2;HSDPA 850 / 1900 / 2100;HSPA 21.1/5.76 Mbps;2016, October. Released 2017, January;Discontinued;152.9 x 77.6 x 8.2 mm (6.02 x 3.06 x 0.32 in);180 g (6.35 oz);Dual SIM (dual stand-by);IPS LCD;5.5 inches, 83.4 cm(~70.3% screen-to-body ratio);720 x 1280 pixels, 16:9 ratio (~267 ppi density);Android 6.0 (Marshmallow);Mediatek MT6580 (28 nm);Quad-core 1.3 GHz Cortex-A7;Mali-400MP2;microSDHC;8GB 1GB RAM;8 MP, AF;LED flash;720p@30fps;2 MP;;Wi-Fi 802.11 b/g/n;4.0, A2DP;GPS;No;Stereo FM radio;microUSB 2.0;Accelerometer, proximity;Li-Ion 2800 mAh, removable;Up to 280 h;Up to 5 h;White, black;;;;;;
https://www.gsmarena.com/maxwest_nitro_55_lte-8539.php;https://fdn2.gsmarena.com/vv/bigpic/maxwest-nitro-55m.jpg;Maxwest Nitro 55 LTE;Released 2017, January;163g, 7.9mm thickness;Android 6.0;8GB storage, microSDHC;1;0.1%;87,963 hits;"5.5""";720x1280 pixels;1 GB RAM;MT6737;3000 mAh Li-Ion;GSM 850 / 900 / 1800 / 1900 - SIM 1 & SIM 2;HSDPA 850 / 1700 / 2100;HSPA 21.1/5.76 Mbps, LTE Cat4 150/50 Mbps;2016, November. Released 2017, January;Discontinued;153 x 77.6 x 7.9 mm (6.02 x 3.06 x 0.31 in);163 g (5.75 oz);Dual SIM (dual stand-by);IPS LCD;5.5 inches, 83.4 cm(~70.2% screen-to-body ratio);720 x 1280 pixels, 16:9 ratio (~267 ppi density);Android 6.0 (Marshmallow);Mediatek MT6737 (28 nm);Quad-core 1.3 GHz Cortex-A7;Mali-T720MP2;microSDHC;8GB 1GB RAM;8 MP, AF;LED flash;720p@30fps;2 MP;;Wi-Fi 802.11 b/g/n;4.0, A2DP;GPS;No;Stereo FM radio;microUSB 2.0;Fingerprint (rear-mounted), accelerometer, proximity;Li-Ion 3000 mAh, removable;Up to 280 h;Up to 15 h;Dark Blue, White, Gold;2, 4, 5, 7, 12, 17;eMMC 5.0;;;;
https://www.gsmarena.com/maxwest_nitro_5m-8538.php;https://fdn2.gsmarena.com/vv/bigpic/maxwest-nitro-5m.jpg;Maxwest Nitro 5M;Released 2016, December;148g, 10.3mm thickness;Android 6.0;8GB storage, microSDHC;1;N/A;70,104 hits;"5.0""";480x854 pixels;1 GB RAM;Spreadtrum SC7731;2200 mAh Li-Ion;GSM 850 / 900 / 1800 / 1900 - SIM 1 & SIM 2;HSDPA 850 / 1900;HSPA 21.1/5.76 Mbps;2016, September. Released 2016, December;Discontinued;144.2 x 73 x 10.3 mm (5.68 x 2.87 x 0.41 in);148 g (5.22 oz);Dual SIM (dual stand-by);IPS LCD;5.0 inches, 68.9 cm(~65.4% screen-to-body ratio);480 x 854 pixels, 16:9 ratio (~196 ppi density);Android 6.0 (Marshmallow);Spreadtrum SC7731;Quad-core 1.2 GHz Cortex-A7;Mali-400;microSDHC;8GB 1GB RAM;5 MP;LED flash;Yes;2 MP;;Wi-Fi 802.11 b/g/n;2.1, EDR;GPS;No;Stereo FM radio;microUSB 2.0;Accelerometer, proximity;Li-Ion 2200 mAh, removable;Up to 300 h;Up to 8 h;Black, BLue, Gold, Red;;;;;;
https://www.gsmarena.com/maxwest_astro_5s-8412.php;https://fdn2.gsmarena.com/vv/bigpic/maxwest-astro-5s.jpg;Maxwest Astro 5s;Released 2016, August;150g, 9.1mm thickness;Android 5.1;8GB storage, microSDHC;2;N/A;85,689 hits;"5.0""";480x854 pixels;1 GB RAM;MT6580M;2000 mAh Li-Ion;GSM 850 / 900 / 1800 / 1900 - SIM 1 & SIM 2;HSDPA 850 / 1900 / 2100;HSPA 21.1/5.76 Mbps;2016, July. Released 2016, August;Discontinued;144.4 x 72 x 9.1 mm (5.69 x 2.83 x 0.36 in);150 g (5.29 oz);Dual SIM (dual stand-by);IPS LCD;5.0 inches, 68.9 cm(~66.3% screen-to-body ratio);480 x 854 pixels, 16:9 ratio (~196 ppi density);Android 5.1 (Lollipop);Mediatek MT6580M (28 nm);Quad-core 1.3 GHz Cortex-A7;Mali-400MP2;microSDHC;8GB 1GB RAM;8 MP, AF;LED flash;720p@30fps;2 MP;;Wi-Fi 802.11 b/g/n, hotspot;4.0, A2DP;GPS;No;Stereo FM radio;microUSB 2.0;Accelerometer, proximity;Li-Ion 2000 mAh, removable;Up to 300 h (3G);Up to 6 h (3G);White, Black, Pink Red;;;;;;
https://www.gsmarena.com/maxwest_gravity_5_lte-8021.php;https://fdn2.gsmarena.com/vv/bigpic/maxwest-gravity-5-lte-.jpg;Maxwest Gravity 5 LTE;Released 2016, February;155g, 8.9mm thickness;Android 5.1;8GB storage, microSDXC;1;N/A;107,629 hits;"5.0""";720x1280 pixels;1 GB RAM;Snapdragon 210;2200 mAh Li-Ion;GSM 850 / 900 / 1800 / 1900 - SIM 1 & SIM 2;HSDPA 850 / 1700(AWS) / 1900;HSPA, LTE;2016, January. Released 2016, February;Discontinued;145.5 x 72.8 x 8.9 mm (5.73 x 2.87 x 0.35 in);155 g (5.47 oz);Dual SIM (Dual stand-by);IPS LCD;5.0 inches, 68.9 cm(~65.1% screen-to-body ratio);720 x 1280 pixels, 16:9 ratio (~294 ppi density);Android 5.1 (Lollipop);Qualcomm MSM8909 Snapdragon 210 (28 nm);Quad-core 1.1 GHz Cortex-A7;Adreno 304;microSDXC;8GB 1GB RAM;8 MP, AF;LED flash;Yes;2 MP;;Wi-Fi 802.11 b/g/n, hotspot;4.1;GPS;No;FM radio;microUSB 2.0;Accelerometer, proximity;Li-Ion 2200 mAh, removable;Up to 300 h;Up to 7 h 30 min;Black/Silver/Gold;2, 4, 7, 17;eMMC 4.5;;;;
https://www.gsmarena.com/maxwest_astro_x4-7930.php;https://fdn2.gsmarena.com/vv/bigpic/maxwest-astro-x4.jpg;Maxwest Astro X4;Released 2016, February;122g, 9.8mm thickness;Android 4.4;4GB 512MB RAM storage, microSDHC slot;0;N/A;73,926 hits;"4.0""";480x800 pixels;512 MB RAM;MT6572M;1400 mAh Li-Ion;GSM 850 / 900 / 1800 / 1900 - SIM 1 & SIM 2;HSDPA 850 / 1700(AWS) / 1900;HSPA 21.1/5.76 Mbps;2016, January. Released 2016, February;Discontinued;123.5 x 64 x 9.8 mm (4.86 x 2.52 x 0.39 in);122 g (4.30 oz);Dual SIM (Dual stand-by);TFT, 256K colors;4.0 inches, 45.5 cm(~57.6% screen-to-body ratio);480 x 800 pixels, 5:3 ratio (~233 ppi density);Android 4.4 (KitKat);Mediatek MT6572M (28 nm);Dual-core 1.0 GHz Cortex-A7;Mali-400;microSDHC;4GB 512MB RAM;3.15 MP;LED flash;720p;VGA, LED flash;;Wi-Fi 802.11 b/g/n, hotspot;4.0, A2DP;GPS;No;Stereo FM radio;microUSB 2.0;Accelerometer, proximity;Li-Ion 1400 mAh, removable;Up to 180 h;Up to 8 h;White, Black, Blue, Gold, Pink;;;;;;
https://www.gsmarena.com/maxwest_astro_x55-7889.php;https://fdn2.gsmarena.com/vv/bigpic/maxwest-astro-x55.jpg;Maxwest Astro X55;Released 2016, February;174g, 7.8mm thickness;Android 5.1;8GB storage, microSDHC;8;N/A;187,872 hits;"5.5""";720x1280 pixels;1 GB RAM;MT6580;2200 mAh Li-Ion;GSM 850 / 900 / 1800 / 1900 - SIM 1 & SIM 2;HSDPA 850 / 1700(AWS) / 1900;HSPA 21.1/5.76 Mbps;2016, January. Released 2016, February;Discontinued;150.5 x 76.3 x 7.8 mm (5.93 x 3.00 x 0.31 in);174 g (6.14 oz);Dual SIM (Dual stand-by);IPS LCD;5.5 inches, 83.4 cm(~72.6% screen-to-body ratio);720 x 1280 pixels, 16:9 ratio (~267 ppi density);Android 5.1 (Lollipop);Mediatek MT6580 (28 nm);Quad-core 1.5 GHz Cortex-A7;Mali-400MP2;microSDHC;8GB 1GB RAM;8 MP, AF;LED flash;720p;5 MP;;Wi-Fi 802.11 b/g/n, hotspot;4.0, A2DP;GPS;No;Stereo FM radio;microUSB 2.0;Accelerometer, proximity;Li-Ion 2200 mAh, removable;Up to 350 h;Up to 14 h;Gold/White;;;;;;
https://www.gsmarena.com/maxwest_vice-7873.php;https://fdn2.gsmarena.com/vv/bigpic/maxwest-vice.jpg;Maxwest Vice;Released 2016, January;87g, 13.6mm thickness;Feature phone;64MB 64MB RAM storage, microSDHC slot;2;N/A;102,078 hits;"2.4""";240x320 pixels;64 MB RAM;Spreadtrum 6531D;900 mAh Li-Ion;GSM 850 / 900 / 1800 / 1900 - SIM 1 & SIM 2;;;2016, January. Released 2016, January;Discontinued;106 x 52 x 13.6 mm (4.17 x 2.05 x 0.54 in);87 g (3.07 oz);Dual SIM (dual stand-by);TFT;2.4 inches, 17.8 cm(~32.4% screen-to-body ratio);240 x 320 pixels, 4:3 ratio (~167 ppi density);;Spreadtrum 6531D;;;microSDHC (dedicated slot);64MB 64MB RAM;VGA;;No;No;;No;2.0;No;No;FM radio;microUSB 1.1;;Li-Ion 900 mAh, removable;;;Black, Red, Silver;;;Yes;No;Audio/Video playerPhoto viewerVoice memo;
https://www.gsmarena.com/maxwest_gravity_5_5_lte-7629.php;https://fdn2.gsmarena.com/vv/bigpic/maxwest-gravity-55-lte.jpg;Maxwest Gravity 5.5 LTE;Released 2015, September;165g, 7.5mm thickness;Android 5.1;8GB storage, microSDHC;4;N/A;143,891 hits;"5.5""";720x1280 pixels;1 GB RAM;MT6735;3000 mAh Li-Ion;GSM 850 / 900 / 1800 / 1900 - SIM 1 & SIM 2;HSDPA 850 / 1700(AWS) / 1900;HSPA 21.1/5.76 Mbps, LTE;2015, June. Released 2015, September;Discontinued;155.5 x 78 x 7.5 mm (6.12 x 3.07 x 0.30 in);165 g (5.82 oz);Dual SIM (Dual stand-by);IPS LCD;5.5 inches, 83.4 cm(~68.8% screen-to-body ratio);720 x 1280 pixels, 16:9 ratio (~267 ppi density);Android 5.1 (Lollipop);Mediatek MT6735 (28 nm);Quad-core 1.0 GHz Cortex-A53;Mali-T720MP2;microSDHC;8GB 1GB RAM;13 MP, AF;LED flash;1080p@30fps;5 MP;;Wi-Fi 802.11 b/g/n, hotspot;4.0, A2DP;GPS;No;Stereo FM radio;microUSB 2.0;Accelerometer, proximity;Li-Ion 3000 mAh, non-removable;Up to 350 h;Up to 14 h;Black, Gold, Silver;2, 4, 7, 17;;;;;
https://www.gsmarena.com/maxwest_gravity_5-7589.php;https://fdn2.gsmarena.com/vv/bigpic/maxwest-gravity-5.jpg;Maxwest Gravity 5;Released 2015, September;150g, 9.1mm thickness;Android 4.4.2;8GB storage, microSDHC;2;N/A;107,005 hits;"5.0""";540x960 pixels;1 GB RAM;MT6582M;2700 mAh Li-Ion;GSM 850 / 900 / 1800 / 1900 - SIM 1 & SIM 2;HSDPA 850 / 1900;HSPA 21.1/5.76 Mbps;2015, July. Released 2015, September;Discontinued;145.4 x 72 x 9.1 mm (5.72 x 2.83 x 0.36 in);150 g (5.29 oz);Dual SIM (Dual stand-by);IPS LCD;5.0 inches, 68.9 cm(~65.8% screen-to-body ratio);540 x 960 pixels, 16:9 ratio (~220 ppi density);Android 4.4.2 (KitKat);Mediatek MT6582M (28 nm);Quad-core 1.3 GHz Cortex-A7;Mali-400MP2;microSDHC;8GB 1GB RAM;8 MP, AF;LED flash;Yes;2 MP;;Wi-Fi 802.11 b/g/n, hotspot;2.0;GPS;No;Stereo FM radio;microUSB 2.0;Accelerometer, proximity;Li-Ion 2700 mAh, removable;Up to 200 h;Up to 25 h;White/Black/Blue/Red;;;;;;
https://www.gsmarena.com/maxwest_astro_6-7566.php;https://fdn2.gsmarena.com/vv/bigpic/maxwest-astro-60.jpg;Maxwest Astro 6;Released 2015, September;150g, 8.8mm thickness;Android 4.4.2;8GB storage, microSDHC;1;N/A;89,887 hits;"6.0""";540x960 pixels;1 GB RAM;MT6582M;3000 mAh Li-Ion;GSM 850 / 900 / 1800 / 1900 - SIM 1 & SIM 2;HSDPA 850 / 1900 / 2100;HSPA 21.1/5.76 Mbps;2015, June. Released 2015, September;Discontinued;166 x 84 x 8.8 mm (6.54 x 3.31 x 0.35 in);150 g (5.29 oz);Dual SIM (dual stand-by);IPS LCD;6.0 inches, 99.2 cm(~71.2% screen-to-body ratio);540 x 960 pixels, 16:9 ratio (~184 ppi density);Android 4.4.2 (KitKat);Mediatek MT6582M (28 nm);Quad-core 1.3 GHz Cortex-A7;Mali-400MP2;microSDHC;8GB 1GB RAM;8 MP, AF;LED flash;720p;2 MP;;Wi-Fi 802.11 b/g/n, hotspot;4.0, A2DP;GPS;No;Stereo FM radio;microUSB 2.0;Accelerometer, proximity;Li-Ion 3000 mAh, removable;Up to 380 h (3G);Up to 15 h (3G);White, Black, Blue, Red;;;;;;
https://www.gsmarena.com/maxwest_astro_x5-7565.php;https://fdn2.gsmarena.com/vv/bigpic/maxwest-astro-x5.jpg;Maxwest Astro X5;Released 2015, July;154g, 9.4mm thickness;Android 4.4.2;4GB 512MB RAM storage, microSDHC slot;0;N/A;73,264 hits;"5.0""";480x854 pixels;512 MB RAM;MT6572M;2100 mAh Li-Ion;GSM 850 / 900 / 1800 / 1900 - SIM 1 & SIM 2;HSDPA 850 / 1900 / 2100;HSPA 21.1/5.76 Mbps;2015, June. Released 2015, July;Discontinued;143.7 x 72.8 x 9.4 mm (5.66 x 2.87 x 0.37 in);154 g (5.43 oz);Dual SIM (dual stand-by);TFT;5.0 inches, 68.9 cm(~65.9% screen-to-body ratio);480 x 854 pixels, 16:9 ratio (~196 ppi density);Android 4.4.2 (KitKat);Mediatek MT6572M (28 nm);Dual-core 1.0 GHz Cortex-A7;Mali-400;microSDHC;4GB 512MB RAM;5 MP;LED flash;720p@30fps;VGA;;Wi-Fi 802.11 b/g/n, hotspot;4.0, A2DP;GPS;No;Stereo FM radio;microUSB 2.0;Accelerometer, proximity;Li-Ion 2100 mAh, removable;Up to 170 h (3G);Up to 12 h (3G);White, Black, Blue, Rose Red;;;;;;
https://www.gsmarena.com/maxwest_astro_3_5-7564.php;https://fdn2.gsmarena.com/vv/bigpic/maxwest-astro-35.jpg;Maxwest Astro 3.5;Released 2015, September;125g, 11mm thickness;Android 4.4.2;512MB 256MB RAM storage, microSDHC slot;0;N/A;73,186 hits;"3.5""";320x480 pixels;256 MB RAM;MT6572M;1400 mAh Li-Ion;GSM 850 / 900 / 1800 / 1900 - SIM 1 & SIM 2;HSDPA 850 / 1900 / 2100;HSPA 21.1/5.76 Mbps;2015, August. Released 2015, September;Discontinued;118.6 x 62 x 11 mm (4.67 x 2.44 x 0.43 in);125 g (4.41 oz);Dual SIM (dual stand-by);TFT, 256K colors;3.5 inches, 36.5 cm(~49.6% screen-to-body ratio);320 x 480 pixels, 3:2 ratio (~165 ppi density);Android 4.4.2 (KitKat);Mediatek MT6572M (28 nm);Dual-core 1.0 GHz Cortex-A7;Mali-400;microSDHC;512MB 256MB RAM;2 MP;LED flash;720p;VGA;;Wi-Fi 802.11 b/g/n, hotspot;4.0, A2DP;GPS;No;Stereo FM radio;microUSB 2.0;Accelerometer, proximity;Li-Ion 1400 mAh, removable;Up to 170 h (3G);Up to 4 h 30 min (3G);White, Black, Pink, Blue, Gold;;;;;;
https://www.gsmarena.com/maxwest_blade-7398.php;https://fdn2.gsmarena.com/vv/bigpic/maxwest-blade.jpg;Maxwest Blade;Released 2015, June;76g, 11.1mm thickness;Feature phone;8MB 8MB RAM storage, microSDHC slot;1;N/A;82,463 hits;"2.4""";240x320 pixels;8 MB RAM;;800 mAh Li-Ion;GSM 850 / 900 / 1800 / 1900 - SIM 1 & SIM 2;;;2015, June. Released 2015, June;Discontinued;103.2 x 52.8 x 11.1 mm (4.06 x 2.08 x 0.44 in);76 g (2.68 oz);Dual SIM (dual stand-by);TFT;2.4 inches, 17.8 cm(~32.7% screen-to-body ratio);240 x 320 pixels, 4:3 ratio (~167 ppi density);;;312 MHz;;microSDHC;8MB 8MB RAM;VGA;;No;No;;No;2.0;No;No;Stereo FM radio;microUSB 1.1;;Li-Ion 800 mAh, removable;Up to 200 h;Up to 8 h;White, Black, Red, Blue;;;Class 33;No;MP3/AAC/WAV playerMP4/H.264/H.263 playerOrganizerPhoto viewerPredictive text input;
https://www.gsmarena.com/maxwest_nitro_5-7379.php;https://fdn2.gsmarena.com/vv/bigpic/maxwest-nitro-5.jpg;Maxwest Nitro 5;Released 2015, July;155g, 9.6mm thickness;Android 4.4.2;4GB 512MB RAM storage, microSDHC slot;0;N/A;126,222 hits;"5.0""";540x960 pixels;512 MB RAM;Spreadtrum SC7731;2000 mAh Li-Ion;GSM 850 / 900 / 1800 / 1900 - SIM 1 & SIM 2;HSDPA 850 / 1900;HSPA 21.1/5.76 Mbps;2015, June. Released 2015, July;Discontinued;145.6 x 72 x 9.6 mm (5.73 x 2.83 x 0.38 in);155 g (5.47 oz);Dual SIM (dual stand-by);IPS LCD;5.0 inches, 68.9 cm(~65.7% screen-to-body ratio);540 x 960 pixels, 16:9 ratio (~220 ppi density);Android 4.4.2 (KitKat);Spreadtrum SC7731;Quad-core 1.2 GHz Cortex-A7;Mali-400;microSDHC;4GB 512MB RAM;5 MP;LED flash;1080p@25fps;VGA;;Wi-Fi 802.11 b/g/n, hotspot;2.1;GPS;No;Stereo FM radio;microUSB 2.0;Accelerometer;Li-Ion 2000 mAh, removable;Up to 170 h (3G);Up to 12 h (3G);Silver, Black, Gray;;;;;;
https://www.gsmarena.com/maxwest_astro_4_5-7360.php;https://fdn2.gsmarena.com/vv/bigpic/maxwest-astro-45.jpg;Maxwest Astro 4.5;Released 2015, July;131g, 10mm thickness;Android 4.4.2;4GB 512MB RAM storage, microSDHC slot;1;N/A;102,299 hits;"4.5""";480x854 pixels;512 MB RAM;MT6572M;1700 mAh Li-Ion;GSM 850 / 900 / 1800 / 1900 - SIM 1 & SIM 2;HSDPA 850 / 1900 / 2100;HSPA 21.1/5.76 Mbps;2015, July. Released 2015, July;Discontinued;134.3 x 66.7 x 10 mm (5.29 x 2.63 x 0.39 in);131 g (4.62 oz);Dual SIM (dual stand-by);TFT, 256K colors;4.5 inches, 55.8 cm(~62.3% screen-to-body ratio);480 x 854 pixels, 16:9 ratio (~218 ppi density);Android 4.4.2 (KitKat);Mediatek MT6572M (28 nm);Dual-core 1.2 GHz Cortex-A7;Mali-400;microSDHC;4GB 512MB RAM;8 MP;LED flash;720p;VGA;;Wi-Fi 802.11 b/g/n, hotspot;4.0, A2DP;GPS;No;Stereo FM radio;microUSB 2.0;Accelerometer, proximity;Li-Ion 1700 mAh, removable;Up to 190 h (3G);Up to 5 h (3G);White, Black, Gold, Gray, Blue;;;;;;
https://www.gsmarena.com/maxwest_nitro_phablet_71-6984.php;https://fdn2.gsmarena.com/vv/bigpic/maxwest-nitro-71.jpg;Maxwest Nitro Phablet 71;Released 2015, February;321g, 9.8mm thickness;Android 4.4.2;4GB 512MB RAM storage, microSDHC slot;3;N/A;139,844 hits;"7.0""";600x1024 pixels;512 MB RAM;MT6572;2800 mAh Li-Ion;GSM 850 / 900 / 1800 / 1900 - SIM 1 & SIM 2;HSDPA 850 / 1900 / 2100;HSPA 21.1/5.76 Mbps;2015, January. Released 2015, February;Discontinued;192 x 102 x 9.8 mm (7.56 x 4.02 x 0.39 in);321 g (11.32 oz);Dual SIM, (Dual stand-by);IPS LCD;7.0 inches, 137.9 cm(~70.4% screen-to-body ratio);600 x 1024 pixels, 16:9 ratio (~170 ppi density);Android 4.4.2 (KitKat);Mediatek MT6572 (28 nm);Dual-core 1.2 GHz Cortex-A7;Mali-400;microSDHC;4GB 512MB RAM;5 MP;LED flash;1080p@30fps;2 MP;;Wi-Fi 802.11 b/g/n, hotspot;3.0;GPS;No;Stereo FM radio;microUSB 2.0;Accelerometer, proximity;Li-Ion 2800 mAh, removable;Up to 350 h;Up to 14 h;White, Black, Blue, Dark Blue, Golden, Gray, Pink, Red;;;;;;
https://www.gsmarena.com/maxwest_nitro_5_5-6983.php;https://fdn2.gsmarena.com/vv/bigpic/maxwest-nitro-55.jpg;Maxwest Nitro 5.5;Released 2015, February;174g, 8.7mm thickness;Android 4.4.2;4GB 512MB RAM storage, microSDHC slot;2;N/A;121,707 hits;"5.5""";540x960 pixels;512 MB RAM;MT6572;2200 mAh Li-Ion;GSM 850 / 900 / 1800 / 1900 - SIM 1 & SIM 2;HSDPA 850 / 1900 / 1700;HSPA 21.1/5.76 Mbps;2015, January. Released 2015, February;Discontinued;156.2 x 78.8 x 8.7 mm (6.15 x 3.10 x 0.34 in);174 g (6.14 oz);Dual SIM, (Dual stand-by);IPS LCD;5.5 inches, 83.4 cm(~67.8% screen-to-body ratio);540 x 960 pixels, 16:9 ratio (~200 ppi density);Android 4.4.2 (KitKat);Mediatek MT6572 (28 nm);Dual-core 1.2 GHz Cortex-A7;Mali-400;microSDHC;4GB 512MB RAM;8 MP, AF;LED flash;720p@30fps;2 MP;;Wi-Fi 802.11 b/g/n, hotspot;4.0, A2DP;GPS;No;Stereo FM radio;microUSB 2.0;Accelerometer, proximity;Li-Ion 2200 mAh, removable;Up to 350 h;Up to 14 h;White, Black, Blue, Pink, Yellow;;;;;;
https://www.gsmarena.com/maxwest_astro_5-6840.php;https://fdn2.gsmarena.com/vv/bigpic/Maxwest-Astro-5.jpg;Maxwest Astro 5;Released 2014, December;154g, 9.3mm thickness;Android 4.4.2;4GB 512MB RAM storage, microSDHC slot;5;N/A;124,396 hits;"5.0""";480x854 pixels;512 MB RAM;MT6582M;2000 mAh Li-Ion;GSM 850 / 900 / 1800 / 1900 - SIM 1 & SIM 2;HSDPA 850 / 1900 / 2100;HSPA 21.1/5.76 Mbps;2014, November. Released 2014, December;Discontinued;142.8 x 73.4 x 9.3 mm (5.62 x 2.89 x 0.37 in);154 g (5.43 oz);Dual SIM (dual stand-by);IPS LCD;5.0 inches, 68.9 cm(~65.7% screen-to-body ratio);480 x 854 pixels, 16:9 ratio (~196 ppi density);Android 4.4.2 (KitKat);Mediatek MT6582M (28 nm);Quad-core 1.3 GHz Cortex-A7;Mali-400MP2;microSDHC;4GB 512MB RAM;8 MP, AF;LED flash;1080p@25fps;1.3 MP;;Wi-Fi 802.11 b/g/n, hotspot;4.0, A2DP;GPS;No;Stereo FM radio;microUSB 2.0;Accelerometer, proximity;Li-Ion 2000 mAh, removable;Up to 170 h (3G);Up to 12 h (3G);White, Black, Blue, Rose Red;;;;;;
https://www.gsmarena.com/maxwest_mx_110-6817.php;https://fdn2.gsmarena.com/vv/bigpic/maxwest-mx-110.jpg;Maxwest MX-110;Released 2014, December;63.7g, 14.3mm thickness;Feature phone;32MB RAM storage, microSDHC slot;4;N/A;93,448 hits;"1.8""";176x220 pixels;32 MB RAM;;800 mAh Li-Ion;GSM 850 / 900 / 1800 / 1900 - SIM 1 & SIM 2;;;2014, November. Released 2014, December;Discontinued;110 x 47 x 14.3 mm (4.33 x 1.85 x 0.56 in);63.7 g (2.22 oz);Dual SIM (Mini-SIM);TFT, 65K colors;1.8 inches, 10.2 cm(~19.7% screen-to-body ratio);176 x 220 pixels (~157 ppi density);;;;;microSDHC (dedicated slot);32MB RAM, 32MB ROM;VGA;;Yes;No;;No;2.0;No;No;"Stereo FM radio; built-in antenna";microUSB;;Li-Ion 800 mAh, removable;Up to 800 h;Up to 8 h;White, Black, Red, Baby blue, Dark Blue, Hot pink, Yellow;;;Yes;No;MP3/AAC/WMA/WAV playerMP4/H.264/WMV playerPredictive text input;
https://www.gsmarena.com/maxwest_astro_4-6720.php;https://fdn2.gsmarena.com/vv/bigpic/maxwest-astro-4.jpg;Maxwest Astro 4;Released 2014, November;122g, 9.8mm thickness;Android 4.4.2;4GB 512MB RAM storage, microSDHC slot;1;N/A;98,537 hits;"4.0""";480x800 pixels;512 MB RAM;MT6572M;1400 mAh Li-Ion;GSM 850 / 900 / 1800 / 1900 - SIM 1 & SIM 2;HSDPA 850 / 1900;HSPA 21.1/5.76 Mbps;2014, October. Released 2014, November;Discontinued;125.5 x 64 x 9.8 mm (4.94 x 2.52 x 0.39 in);122 g (4.30 oz);Dual SIM (dual stand-by);TFT;4.0 inches, 45.5 cm(~56.7% screen-to-body ratio);480 x 800 pixels, 5:3 ratio (~233 ppi density);Android 4.4.2 (KitKat);Mediatek MT6572M (28 nm);Dual-core 1.0 GHz Cortex-A7;Mali-400;microSDHC;4GB 512MB RAM;2 MP;LED flash;720p;VGA;;Wi-Fi 802.11 b/g/n, hotspot;4.0, A2DP;GPS;No;Stereo FM radio;microUSB 2.0;Accelerometer, proximity;Li-Ion 1400 mAh, removable;Up to 180 h;Up to 8 h;White/Black;;;;;;
https://www.gsmarena.com/maxwest_astro_jr-6672.php;https://fdn2.gsmarena.com/vv/bigpic/maxwest-astro-jr.jpg;Maxwest Astro JR;Released 2014, September;116g, 11.4mm thickness;Android 4.2.2;256MB 512MB storage, microSDHC slot;1;N/A;80,938 hits;"3.5""";320x480 pixels;512 MB RAM;MT6572M;1300 mAh Li-Ion;GSM 850 / 900 / 1800 / 1900 - SIM 1 & SIM 2;;;2014, September. Released 2014, September;Discontinued;119 x 62.8 x 11.4 mm (4.69 x 2.47 x 0.45 in);116 g (4.09 oz);Dual SIM (dual stand-by);TFT;3.5 inches, 36.5 cm(~48.8% screen-to-body ratio);320 x 480 pixels, 3:2 ratio (~165 ppi density);Android 4.2.2 (Jelly Bean);Mediatek MT6572M (28 nm);Dual-core 1.0 GHz Cortex-A7;Mali-400;microSDHC;256MB 512MB;2 MP;;Yes;Yes;;Wi-Fi 802.11 b/g/n, hotspot;4.0, A2DP;GPS;No;FM radio;microUSB;Accelerometer;Li-Ion 1300 mAh, removable;Up to 180 h;Up to 6 h;Black, White, Blue, Red;;;Class 12;Class 12;;
https://www.gsmarena.com/maxwest_virtue_z5-6517.php;https://fdn2.gsmarena.com/vv/bigpic/maxwest-virtue-z5.jpg;Maxwest Virtue Z5;Released 2014, July;140g, 9.3mm thickness;Android 4.4.2;4GB 1GB RAM storage, microSDHC slot;1;N/A;113,547 hits;"5.0""";480x854 pixels;1 GB RAM;MT6582M;2300 mAh Li-Ion;GSM 850 / 900 / 1800 / 1900 - SIM 1 & SIM 2;HSDPA 850 / 1900;HSPA 21.1/5.76 Mbps;2014, June. Released 2014, July;Discontinued;147 x 75 x 9.3 mm (5.79 x 2.95 x 0.37 in);140 g (4.94 oz);Dual SIM (Mini-SIM, dual stand-by);IPS LCD;5.0 inches, 68.9 cm(~62.5% screen-to-body ratio);480 x 854 pixels, 16:9 ratio (~196 ppi density);Android 4.4.2 (KitKat);Mediatek MT6582M (28 nm);Quad-core 1.3 GHz Cortex-A7;Mali-400MP2;microSDHC;4GB 1GB RAM;8 MP, AF;LED flash;720p@30fps;VGA;;Wi-Fi 802.11 b/g/n, hotspot;2.0;GPS;No;FM radio;microUSB 2.0;Accelerometer, proximity;Li-Ion 2300 mAh, removable;Up to 300 h;Up to 6 h;Black, White, Blue, Pink;;;;;;
https://www.gsmarena.com/maxwest_gravity_5_5-6417.php;https://fdn2.gsmarena.com/vv/bigpic/maxwest-gravity-55.jpg;Maxwest Gravity 5.5;Released 2014, June;174g, 8.7mm thickness;Android 4.4.2;4GB 1GB RAM storage, microSDHC slot;4;N/A;148,143 hits;"5.5""";540x960 pixels;1 GB RAM;Broadcom BCM23550;2300 mAh Li-Ion;GSM 850 / 900 / 1800 / 1900 - SIM 1 & SIM 2;HSDPA 850 / 1900 / 1700;HSPA 21.1/5.76 Mbps;2014, May. Released 2014, June;Discontinued;156.2 x 78.8 x 8.7 mm (6.15 x 3.10 x 0.34 in);174 g (6.14 oz);Dual SIM, (Dual stand-by);IPS LCD;5.5 inches, 83.4 cm(~67.8% screen-to-body ratio);540 x 960 pixels, 16:9 ratio (~200 ppi density);Android 4.4.2 (KitKat);Broadcom BCM23550;Quad-core 1.2 GHz Cortex-A7;Broadcom VideoCore;microSDHC;4GB 1GB RAM;13 MP, AF;LED flash;1080p@30fps;2 MP;;Wi-Fi 802.11 b/g/n, hotspot;3.0;GPS;No;Stereo FM radio;microUSB 2.0;Accelerometer, proximity;Li-Ion 2300 mAh, removable;Up to 350 h;Up to 14 h;White/Black/Blue/Rose Red/Yellow;;;;;;
https://www.gsmarena.com/maxwest_gravity_6-6358.php;https://fdn2.gsmarena.com/vv/bigpic/maxwest-gravity-6.jpg;Maxwest Gravity 6;Released 2014, March;207g, 8.9mm thickness;Android 4.4.2;4GB 1GB RAM storage, microSDXC slot;11;N/A;188,933 hits;"6.0""";720x1280 pixels;1 GB RAM;Broadcom BCM23550;2800 mAh Li-Ion;GSM 850 / 900 / 1800 / 1900 - SIM 1 & SIM 2;HSDPA 850 / 1900 / 1700;HSPA 21.1/5.76 Mbps;2014, April. Released 2014, March;Discontinued;163.3 x 84 x 8.9 mm (6.43 x 3.31 x 0.35 in);207 g (7.30 oz);Dual SIM, (Dual stand-by);IPS LCD;6.0 inches, 99.2 cm(~72.3% screen-to-body ratio);720 x 1280 pixels, 16:9 ratio (~245 ppi density);Android 4.4.2 (KitKat);Broadcom BCM23550;Quad-core 1.2 GHz Cortex-A7;Broadcom VideoCore;microSDXC;4GB 1GB RAM;13 MP, AF;LED flash;1080p@30fps;2 MP;;Wi-Fi 802.11 b/g/n, hotspot;4.0, A2DP;GPS;No;Stereo FM radio;microUSB 2.0;Accelerometer, proximity;Li-Ion 2800 mAh, removable;Up to 350 h;Up to 14 h;Black, White, Red;;;;;;
https://www.gsmarena.com/maxwest_orbit_330g-6274.php;https://fdn2.gsmarena.com/vv/bigpic/orbit-330g.jpg;Maxwest Orbit 330G;Released 2014, April;116g, 11.4mm thickness;Android 4.2.2;512MB 512MB storage, microSDHC slot;1;N/A;93,525 hits;"3.5""";320x480 pixels; ;MT6572M;1300 mAh Li-Ion;GSM 850 / 900 / 1800 / 1900 - SIM 1 & SIM 2;HSDPA 850 / 1700 / 1900 / 2100;HSPA 21.1/5.76 Mbps;2014, April. Released 2014, April;Discontinued;119 x 62.8 x 11.4 mm (4.69 x 2.47 x 0.45 in);116 g (4.09 oz);Dual SIM (Mini-SIM, dual stand-by);TFT;3.5 inches, 36.5 cm(~48.8% screen-to-body ratio);320 x 480 pixels, 3:2 ratio (~165 ppi density);Android 4.2.2 (Jelly Bean);Mediatek MT6572M (28 nm);Dual-core 1.0 GHz Cortex-A7;Mali-400;microSDHC;512MB 512MB;2 MP;;Yes;No;;Wi-Fi 802.11 b/g/n, hotspot;4.0, A2DP;GPS;No;FM radio;microUSB 2.0;Accelerometer;Li-Ion 1300 mAh, removable;Up to 180 h;Up to 6 h;Black, White, Red, Blue;;;;;;
https://www.gsmarena.com/maxwest_orbit_6200t-6273.php;https://fdn2.gsmarena.com/vv/bigpic/maxwest-orbit-6200t.jpg;Maxwest Orbit 6200T;Released 2014, March;210g, 9mm thickness;Android 4.2.2;4GB 512MB RAM storage, microSDHC slot;1;N/A;84,958 hits;"6.0""";540x960 pixels;512 MB RAM;MT6572AW;2350 mAh Li-Ion;GSM 850 / 900 / 1800 / 1900 - SIM 1 & SIM 2;HSDPA 850 / 1700;HSPA 21.1/5.76 Mbps;2014, March. Released 2014, March;Discontinued;167.3 x 85.4 x 9 mm (6.59 x 3.36 x 0.35 in);210 g (7.41 oz);Dual SIM (Mini-SIM, dual stand-by);IPS LCD;6.0 inches, 99.2 cm(~69.5% screen-to-body ratio);540 x 960 pixels, 16:9 ratio (~184 ppi density);Android 4.2.2 (Jelly Bean);Mediatek MT6572AW;Dual-core 1.2 GHz Cortex-A7;Mali-400;microSDHC;4GB 512MB RAM;8 MP, AF;LED flash;720p@30fps;VGA;;Wi-Fi 802.11 b/g/n, hotspot;4.0, A2DP;GPS;No;FM radio;microUSB 2.0;Accelerometer, proximity;Li-Ion 2350 mAh, removable;Up to 300 h;Up to 6 h;Black, White;;;;;;
https://www.gsmarena.com/maxwest_android_330-6098.php;https://fdn2.gsmarena.com/vv/bigpic/maxwest-android-330.jpg;Maxwest Android 330;Released 2014, January;116g, 11.4mm thickness;Android 4.2.2;512MB 256MB RAM storage, microSDHC slot;2;N/A;94,195 hits;"3.5""";320x480 pixels;256 MB RAM;MT6572M;1300 mAh Li-Ion;GSM 850 / 900 / 1800 / 1900 - SIM 1 & SIM 2;;;2014, January. Released 2014, January;Discontinued;119 x 62.8 x 11.4 mm (4.69 x 2.47 x 0.45 in);116 g (4.09 oz);Dual SIM (Dual stand-by);TFT, 256K colors;3.5 inches, 36.5 cm(~48.8% screen-to-body ratio);320 x 480 pixels, 3:2 ratio (~165 ppi density);Android 4.2.2 (Jelly Bean);Mediatek MT6572M (28 nm);Dual-core 1.0 GHz Cortex-A7;Mali-400;microSDHC (dedicated slot);512MB 256MB RAM;2 MP;LED flash;Yes;No;;Wi-Fi 802.11 b/g/n;4.0, A2DP;GPS;No;FM radio;microUSB;Accelerometer;Li-Ion 1300 mAh, removable;Up to 180 h;Up to 6 h;Black, White, Blue, Red;;;Class 12;Class 12;;
https://www.gsmarena.com/maxwest_tab_phone_72dc-5860.php;https://fdn2.gsmarena.com/vv/bigpic/maxwest-72dc.jpg;Maxwest Tab Phone 72DC;Released 2013, August;270g, 9.2mm thickness;Android 4.1.2;8GB storage, microSDHC;1;N/A;113,713 hits;"7.0""";600x1024 pixels;1 GB RAM;MT8377;2800 mAh Li-Ion;GSM 850 / 900 / 1800 / 1900 - SIM 1 & SIM 2;UMTS 850 / 1900 / 2100;HSPA 7.2/5.76 Mbps;2013, August. Released 2013, August;Discontinued;187 x 107 x 9.2 mm (7.36 x 4.21 x 0.36 in);270 g (9.52 oz);Dual SIM (Dual stand-by);TFT;7.0 inches, 137.9 cm(~68.9% screen-to-body ratio);600 x 1024 pixels, 16:9 ratio (~170 ppi density);Android 4.1.2 (Jelly Bean);Mediatek MT8377 (40 nm);Dual-core 1.2 GHz Cortex-A9;PowerVR SGX531u;microSDHC (dedicated slot);8GB 1GB RAM;2 MP;;Yes;VGA;;Wi-Fi 802.11 b/g/n, hotspot;4.0, A2DP;GPS;No;FM radio;Proprietary;Accelerometer, proximity;Li-Ion 2800 mAh, non-removable;Up to 50 h;Up to 6 h;Black/White;;;;;TV-out;
https://www.gsmarena.com/maxwest_mx_210tv-5859.php;https://fdn2.gsmarena.com/vv/bigpic/maxwest-MX-210TV.jpg;Maxwest MX-210TV;Released 2013, November;82g, 17.5mm thickness;Feature phone;32MB RAM storage, microSDHC slot;1;N/A;89,940 hits;"2.0""";128x160 pixels;32 MB RAM;;800 mAh Li-Ion;GSM 850 / 900 / 1800 / 1900 - SIM 1 & SIM 2;;;2013, September. Released 2013, November;Discontinued;92 x 45 x 17.5 mm (3.62 x 1.77 x 0.69 in);82 g (2.89 oz);Dual SIM (Mini-SIM);TFT, 65K colors;2.0 inches, 12.6 cm(~30.4% screen-to-body ratio);128 x 160 pixels (~102 ppi density);;;;;microSDHC (dedicated slot);32MB RAM, 32MB ROM;1.3 MP;;Yes;No;;No;2.0;No;No;Stereo FM radio;miniUSB;;Li-Ion 800 mAh, removable;Up to 160 h;Up to 4 h;Black, Red, Blue;;;Yes;Yes;SNS applicationsAnalog TVMP3/WAV/WMA playerMP4/H.263 playerOrganizerPredictive text input;
https://www.gsmarena.com/maxwest_android_320-5778.php;https://fdn2.gsmarena.com/vv/bigpic/maxwest-android-320.jpg;Maxwest Android 320;Released 2013, October;105g, 13.4mm thickness;Android 4.0;512MB 256MB RAM storage, microSDHC slot;3;N/A;101,074 hits;"3.5""";320x480 pixels;256 MB RAM;;1450 mAh Li-Ion;GSM 850 / 900 / 1800 / 1900 - SIM 1 & SIM 2;;;2013, September. Released 2013, October;Discontinued;115 x 62.4 x 13.4 mm (4.53 x 2.46 x 0.53 in);105 g (3.70 oz);Dual SIM (Mini-SIM, dual stand-by);TFT, 256K colors;3.5 inches, 36.5 cm(~50.8% screen-to-body ratio);320 x 480 pixels, 3:2 ratio (~165 ppi density);Android 4.0 (Ice Cream Sandwich);;1.0 GHz;;microSDHC (dedicated slot);512MB 256MB RAM;2 MP;;480p@30fps;No;;Wi-Fi 802.11 b/g/n;2.1, A2DP;GPS;No;Stereo FM radio;microUSB 2.0;Accelerometer;Li-Ion 1450 mAh, removable;Up to 600 h;Up to 12 h;White;;;Class 12;Class 12;;
https://www.gsmarena.com/maxwest_orbit_6200-5777.php;https://fdn2.gsmarena.com/vv/bigpic/Orbit-6200-White-web.jpg;Maxwest Orbit 6200;Released 2013, October;210g, 9mm thickness;Android 4.2.2;4GB 512MB RAM storage, microSDHC slot;1;N/A;118,423 hits;"6.0""";540x960 pixels;512 MB RAM;MT6572AW;2350 mAh Li-Ion;GSM 850 / 900 / 1800 / 1900 - SIM 1 & SIM 2;HSDPA 850 / 1900;HSPA 21.1/5.76 Mbps;2013, October. Released 2013, October;Discontinued;167.3 x 85.4 x 9 mm (6.59 x 3.36 x 0.35 in);210 g (7.41 oz);Dual SIM (Mini-SIM, dual stand-by);IPS LCD;6.0 inches, 99.2 cm(~69.5% screen-to-body ratio);540 x 960 pixels, 16:9 ratio (~184 ppi density);Android 4.2.2 (Jelly Bean);Mediatek MT6572AW;Dual-core 1.2 GHz Cortex-A7;Mali-400;microSDHC (dedicated slot);4GB 512MB RAM;8 MP, AF;LED flash;720p@30fps;VGA;;Wi-Fi 802.11 b/g/n, hotspot;4.0, A2DP;GPS;No;FM radio;microUSB 2.0;Accelerometer, proximity;Li-Ion 2350 mAh, removable;Up to 300 h;Up to 6 h;Black, White;;;;;;
https://www.gsmarena.com/maxwest_orbit_5400t-5776.php;https://fdn2.gsmarena.com/vv/bigpic/Orbit-5400T-white-web.jpg;Maxwest Orbit 5400T;Released 2013, October;170g, 9.6mm thickness;Android 4.2.2;4GB 512MB RAM storage, microSDHC slot;0;N/A;100,919 hits;"5.0""";540x960 pixels;512 MB RAM;MT6572;2000 mAh Li-Ion;GSM 850 / 900 / 1800 / 1900 - SIM 1 & SIM 2;HSDPA 850 / 1700 / 2100;HSPA 21.1/5.76 Mbps;2013, August. Released 2013, October;Discontinued;143 x 74.2 x 9.6 mm (5.63 x 2.92 x 0.38 in);170 g (6.00 oz);Dual SIM (dual stand-by);TFT;5.0 inches, 68.9 cm(~65.0% screen-to-body ratio);540 x 960 pixels, 16:9 ratio (~220 ppi density);Android 4.2.2 (Jelly Bean);Mediatek MT6572 (28 nm);Dual-core 1.2 GHz Cortex-A7;Mali-400;microSDHC (dedicated slot);4GB 512MB RAM;8 MP, AF;LED flash;720p@30fps;VGA;;Wi-Fi 802.11 b/g/n, Wi-Fi Direct, hotspot;2.1, A2DP;GPS;No;Stereo FM radio;microUSB 2.0;Accelerometer, proximity;Li-Ion 2000 mAh, removable;Up to 900 h (2G) / Up to 750 h (3G);Up to 24 h (2G) / Up to 10 h (3G);Black, White, Red;;;;;;
https://www.gsmarena.com/maxwest_orbit_4400-5775.php;https://fdn2.gsmarena.com/vv/bigpic/Orbit-4400-white-web.jpg;Maxwest Orbit 4400;Released 2013, October;115g, 9.3mm thickness;Android 4.2;4GB 512MB RAM storage, microSDHC slot;0;N/A;92,076 hits;"4.0""";480x800 pixels;512 MB RAM;MT6572M;1400 mAh Li-Ion;GSM 850 / 900 / 1800 / 1900 - SIM 1 & SIM 2;HSDPA 850 / 1900;HSPA 21.1/5.76 Mbps;2013, September. Released 2013, October;Discontinued;127 x 64 x 9.3 mm (5.0 x 2.52 x 0.37 in);115 g (4.06 oz);Dual SIM (dual stand-by);TFT;4.0 inches, 45.5 cm(~56.0% screen-to-body ratio);480 x 800 pixels, 5:3 ratio (~233 ppi density);Android 4.2 (Jelly Bean);Mediatek MT6572M (28 nm);Dual-core 1.3 GHz Cortex-A7;Mali-400;microSDHC (dedicated slot);4GB 512MB RAM;5 MP, AF;LED flash;Yes;VGA;;Wi-Fi 802.11 b/g/n, hotspot;3.0, A2DP;GPS;No;FM radio;microUSB 2.0;Accelerometer, proximity;Li-Ion 1400 mAh, removable;Up to 240 h;Up to 8 h;Black, White;;;;;;
https://www.gsmarena.com/maxwest_orbit_3000-5774.php;https://fdn2.gsmarena.com/vv/bigpic/Orbit-3000-White-web.jpg;Maxwest Orbit 3000;Released 2013, October;116g, 10.7mm thickness;Android 4.2;4GB 512MB RAM storage, microSDHC slot;1;N/A;83,084 hits;"3.5""";320x480 pixels;512 MB RAM;MT6572M;1100 mAh Li-Ion;GSM 850 / 900 / 1800 / 1900 - SIM 1 & SIM 2;HSDPA 850 / 1900;HSPA;2013, October. Released 2013, October;Discontinued;120.4 x 63.9 x 10.7 mm (4.74 x 2.52 x 0.42 in);116 g (4.09 oz);Dual SIM (dual stand-by);TFT;3.5 inches, 36.5 cm(~47.4% screen-to-body ratio);320 x 480 pixels, 3:2 ratio (~165 ppi density);Android 4.2 (Jelly Bean);Mediatek MT6572M (28 nm);Dual-core 1.0 GHz Cortex-A7;Mali-400;microSDHC (dedicated slot);4GB 512MB RAM;3.15 MP;;Yes;1.3 MP;;Wi-Fi 802.11 b/g/n, hotspot;4.0, A2DP;No;No;FM radio;microUSB 2.0;Accelerometer;Li-Ion 1100 mAh, removable;Up to 240 h;Up to 8 h;Black, White, Pink;;;;;;
https://www.gsmarena.com/maxwest_orbit_x50-5773.php;https://fdn2.gsmarena.com/vv/bigpic/Orbit-X50-white-web2.jpg;Maxwest Orbit X50;Released 2013, October;127g without battery, 9.9mm thickness;Android 4.2.2;4GB 512MB RAM storage, microSDHC slot;2;N/A;99,120 hits;"5.0""";540x960 pixels;512 MB RAM;Broadcom BCM23550;2000 mAh Li-Ion;GSM 850 / 900 / 1800 / 1900 - SIM 1 & SIM 2;HSDPA 850 / 1900;HSPA 21.1/5.76 Mbps;2013, October. Released 2013, October;Discontinued;152 x 78 x 9.9 mm (5.98 x 3.07 x 0.39 in);127 g without battery (4.48 oz);Dual SIM (dual stand-by);LED-backlit IPS LCD;5.0 inches, 68.9 cm(~58.1% screen-to-body ratio);540 x 960 pixels, 16:9 ratio (~220 ppi density);Android 4.2.2 (Jelly Bean);Broadcom BCM23550;Quad-core 1.2 GHz Cortex-A7;;microSDHC (dedicated slot);4GB 512MB RAM;8 MP, AF;LED flash;720p@30fps;0.3 MP;;Wi-Fi 802.11 b/g/n, hotspot;4.0, A2DP;GPS;No;Stereo FM radio;microUSB 2.0;Accelerometer, gyro, proximity;Li-Ion 2000 mAh, removable;Up to 250 h;Up to 4 h;Black, White;;;;;;
https://www.gsmarena.com/maxwest_orbit_z50-5641.php;https://fdn2.gsmarena.com/vv/bigpic/maxwest-orbit-z50.jpg;Maxwest Orbit Z50;Released 2013, June;170g, 8.9mm thickness;Android 4.1.2;4GB 1GB RAM storage, microSDHC slot;6;N/A;141,281 hits;"5.0""";540x960 pixels;1 GB RAM;Snapdragon S4 Play;2000 mAh Li-Ion;GSM 850 / 900 / 1800 / 1900 - SIM 1 & SIM 2;HSDPA 850 / 1900  - D570a;HSPA 7.2/5.76 Mbps;2013, June. Released 2013, June;Discontinued;143 x 72 x 8.9 mm (5.63 x 2.83 x 0.35 in);170 g (6.00 oz);Dual SIM (Mini-SIM, dual stand-by);LED-backlit IPS LCD;5.0 inches, 68.9 cm(~66.9% screen-to-body ratio);540 x 960 pixels, 16:9 ratio (~220 ppi density);Android 4.1.2 (Jelly Bean);Qualcomm MSM8225Q Snapdragon S4 Play;Quad-core 1.2 GHz Cortex-A5;Adreno 203;microSDHC (dedicated slot);4GB 1GB RAM;8 MP, AF;Dual-LED flash;720p@30fps;2 MP;;Wi-Fi 802.11 b/g/n, Wi-Fi Direct, hotspot;3.0, A2DP;GPS;No;Stereo FM radio;microUSB 2.0;Accelerometer, gyro, proximity, compass;Li-Ion 2000 mAh, removable;Up to 900 h (2G) / Up to 750 h (3G);Up to 24 h (2G) / Up to 10 h (3G);Black, White, Pink;;;;;;
https://www.gsmarena.com/maxwest_orbit_5400-5640.php;https://fdn2.gsmarena.com/vv/bigpic/maxwest-orbit-5400.jpg;Maxwest Orbit 5400;Released 2013, June;170g, 9.6mm thickness;Android 4.1.2;4GB 512MB RAM storage, microSDHC slot;1;N/A;93,788 hits;"5.0""";540x960 pixels;512 MB RAM;MT6577;2000 mAh Li-Ion;GSM 850 / 900 / 1800 / 1900 - SIM 1 & SIM 2;HSDPA 850 / 1900;HSPA 7.2/5.76 Mbps;2013, April. Released 2013, June;Discontinued;143 x 74.2 x 9.6 mm (5.63 x 2.92 x 0.38 in);170 g (6.00 oz);Dual SIM;TFT;5.0 inches, 68.9 cm(~65.0% screen-to-body ratio);540 x 960 pixels, 16:9 ratio (~220 ppi density);Android 4.1.2 (Jelly Bean);Mediatek MT6577 (40 nm);Dual-core 1.0 GHz Cortex-A9;PowerVR SGX531u;microSDHC (dedicated slot);4GB 512MB RAM;8 MP, AF;LED flash;1080p@30fps;VGA;;Wi-Fi 802.11 b/g/n, Wi-Fi Direct, hotspot;3.0, A2DP;GPS;No;Stereo FM radio;microUSB 2.0;Accelerometer, proximity;Li-Ion 2000 mAh, removable;Up to 900 h (2G) / Up to 750 h (3G);Up to 24 h (2G) / Up to 10 h (3G);Black, Black/Red, White;;;;;;
https://www.gsmarena.com/maxwest_orbit_4600-5639.php;https://fdn2.gsmarena.com/vv/bigpic/maxwest-orbit-4600.jpg;Maxwest Orbit 4600;Released 2013, July;170g, 8.9mm thickness;Android 4.2.2;4GB 512MB RAM storage, microSDHC slot;2;N/A;104,833 hits;"4.7""";480x854 pixels;512 MB RAM;Broadcom BCM21663;1700 mAh Li-Ion;GSM 850 / 900 / 1800 / 1900 - SIM 1 & SIM 2;HSDPA 850 / 1900;HSPA 21.1/5.76 Mbps;2013, May. Released 2013, July;Discontinued;136.5 x 70 x 8.9 mm (5.37 x 2.76 x 0.35 in);170 g (6.00 oz);Dual SIM (Mini-SIM, dual stand-by);TFT;4.7 inches, 60.9 cm(~63.7% screen-to-body ratio);480 x 854 pixels, 16:9 ratio (~208 ppi density);Android 4.2.2 (Jelly Bean);Broadcom BCM21663;1.2 GHz dual-core Cortex-A9;Broadcom VideoCore IV;microSDHC (dedicated slot);4GB 512MB RAM;5 MP, AF;LED flash;720p@30fps;VGA;;Wi-Fi 802.11 b/g/n, Wi-Fi Direct, hotspot;3.0, A2DP;GPS;No;Stereo FM radio;microUSB 2.0;Accelerometer, gyro, proximity, compass;Li-Ion 1700 mAh, removable;Up to 900 h (2G) / Up to 750 h (3G);Up to 24 h (2G) / Up to 10 h (3G);Black, Black/Blue, Black/Red, White;;;;;;
https://www.gsmarena.com/maxwest_mx_200tv-5638.php;https://fdn2.gsmarena.com/vv/bigpic/maxwest-mx-200tv.jpg;Maxwest MX-200TV;Released 2013, September;69g, 11mm thickness;Feature phone;32MB RAM storage, microSDHC slot;1;N/A;85,235 hits;"2.0""";176x220 pixels;32 MB RAM;MT6250;800 mAh Li-Ion;GSM 850 / 900 / 1800 / 1900 - SIM 1 & SIM 2;;;2013, July. Released 2013, September;Discontinued;102 x 57 x 11 mm (4.02 x 2.24 x 0.43 in);69 g (2.43 oz);Dual SIM (Mini-SIM);TFT, 256K colors;2.0 inches, 12.6 cm(~21.7% screen-to-body ratio);176 x 220 pixels (~141 ppi density);;Mediatek MT6250;;;microSDHC (dedicated slot);32MB RAM, 32MB ROM;1.3 MP;;Yes;No;;No;2.1;No;No;"Stereo FM radio; built-in antenna";miniUSB;;Li-Ion 800 mAh, removable;Up to 500 h;Up to 10 h;Black/Blue, Black/Pink, White;;;Class 12;Class 12;Analog TVSNS appsMP3/AAC+/WAV/WMA playerMP4/H.264 playerPredictive text input;
https://www.gsmarena.com/maxwest_mx_100-5637.php;https://fdn2.gsmarena.com/vv/bigpic/maxwest-mx-100.jpg;Maxwest MX-100;Released 2013, July;73g, 14mm thickness;Feature phone;32MB RAM storage, microSDHC slot;2;N/A;80,473 hits;"1.8""";128x160 pixels;32 MB RAM;;800 mAh Li-Ion;GSM 850 / 900 / 1800 / 1900 - SIM 1 & SIM 2;;;2013, July. Released 2013, July;Discontinued;110 x 45 x 14 mm (4.33 x 1.77 x 0.55 in);73 g (2.57 oz);Dual SIM (Mini-SIM);TFT, 65K colors;1.8 inches, 10.2 cm(~20.6% screen-to-body ratio);128 x 160 pixels (~114 ppi density);;;;;microSDHC (dedicated slot);32MB RAM, 32MB ROM;VGA;;Yes;No;;No;2.1;No;No;"Stereo FM radio; built-in antenna";miniUSB;;Li-Ion 800 mAh, removable;Up to 800 h;Up to 8 h;Black, White, Red, Blue;;;Yes;No;;Flashlight
