Link;Image;Name;Release date;Weight;OS;Storage;Fans;Popularity;Hits;Screen_size;Screen_resolution;RAM;SOC;Battery;net2g;gprstext;edge;year;status;dimensions;weight;sim;displaytype;displaysize;displayresolution;displayother;memoryslot;internalmemory;memoryother;cam1modules;cam1features;cam1video;cam2modules;wlan;bluetooth;gps;radio;usb;sensors;featuresother;batdescription1;batstandby1;battalktime1;colors;optionalother;os;cpu
https://www.gsmarena.com/mitsubishi_m430i_m900-879.php;https://fdn2.gsmarena.com/vv/bigpic/mip900.gif;Mitsubishi M430i/M900;Released 2004, Q3;125g, 24mm thickness;Feature phone;15MB storage, miniSD slot;11;0.1%;531,223 hits;"2.2""";240x320 pixels; ;;810 mAh Li-Ion;GSM 900 / 1800 / 1900;Class 10;No;2004, Q3;Discontinued;105 x 49 x 24 mm, 100 cc (4.13 x 1.93 x 0.94 in);125 g (4.41 oz);Mini-SIM;TFD, 256K colors;2.2 inches, 33 x 45 mm, 15.0 cm(~29.1% screen-to-body ratio);240 x 320 pixels, 4:3 ratio (~182 ppi density);Second external TFD display (120 x 160 pixels), 256K colorsDownloadable pictures;miniSD, 32 MB included;15MB;400 short messages;1.3 MP;LED flash;Yes;No;No;No;No;No;Proprietary;;MP3 player (M900 only)Predictive text inputOrganizerPhoto editorVoice memoVoice dial (20 slots);Removable Li-Ion 810 mAh battery;Up to 200 h;Up to 4 h;Silver;;;
https://www.gsmarena.com/mitsubishi_m800-915.php;https://fdn2.gsmarena.com/vv/bigpic/mim800.gif;Mitsubishi M800;Released 2004, Q4;94g, 22mm thickness;Feature phone;1.5MB storage, no card slot;8;N/A;370,651 hits;;128x160 pixels; ;;680 mAh Li-Ion;GSM 900 / 1800;Class 10;No;2004, Q4;Discontinued;89 x 45 x 22 mm (3.50 x 1.77 x 0.87 in);94 g (3.32 oz);Mini-SIM;TFT, 256K colors;;128 x 160 pixels;Second external flashing  displayDownloadable pictures;No;1.5MB;300 short messages;1.3 MP;;320p;No;No;No;No;No;;;Predictive text inputOrganizerWorld Time;Removable Li-Ion 680 mAh battery;Up to 250 h;Up to 2 h 30 min;Sleek silver;;;
https://www.gsmarena.com/mitsubishi_m420i_m760-914.php;https://fdn2.gsmarena.com/vv/bigpic/mim760.gif;Mitsubishi M420i/M760;Released 2004, Q4;115g, 25mm thickness;Feature phone;19MB storage, no card slot;10;N/A;283,034 hits;;176x240 pixels; ;;730 mAh Li-Ion;GSM 900 / 1800 / 1900;Yes;No;2004, Q4;Discontinued;98 x 47 x 25 mm (3.86 x 1.85 x 0.98 in);115 g (4.06 oz);Mini-SIM;TFD, 256K colors;;176 x 240 pixels, 4:3 ratio;Downloadable pictures;No;19MB;;1.3 MP;;Yes;No;No;No;No;No;Proprietary;;MP3 playerPredictive text inputOrganizerPhoto editorVoice memo;Removable Li-Ion battery;Up to 200 h;Up to 4 h;Silver;;;
https://www.gsmarena.com/mitsubishi_m528-1146.php;https://fdn2.gsmarena.com/vv/bigpic/mitsubishi-m528.gif;Mitsubishi M528;Released 2004, Q4;72g, 22mm thickness;Feature phone;2MB storage, no card slot;10;N/A;105,956 hits;;128x128 pixels; ;;600 mAh Li-Ion;GSM 900 / 1800;Class 10;No;2004, Q4;Discontinued;76 x 43 x 22 mm (2.99 x 1.69 x 0.87 in);72 g (2.54 oz);Mini-SIM;CSTN, 65K colors;;128 x 128 pixels, 1:1 ratio;Second external CSTN display (96 x 64 pixels), 65K colorsDownloadable pictures;No;2MB;;VGA;;Yes;No;No;No;No;No;Proprietary;;Predictive text inputOrganizerPhoto editor;Removable Li-Ion battery;;;Silver, Red, Blue;;;
https://www.gsmarena.com/mitsubishi_m520-910.php;https://fdn2.gsmarena.com/vv/bigpic/mim520.gif;Mitsubishi M520;Released 2004, Q4;75g, 22mm thickness;Feature phone;3MB storage, no card slot;8;N/A;112,733 hits;;128x128 pixels; ;;680 mAh Li-Ion;GSM 900 / 1800;Class 10;No;2004, Q4;Discontinued;76 x 43 x 22 mm (2.99 x 1.69 x 0.87 in);75 g (2.65 oz);Mini-SIM;CSTN, 65K colors;;128 x 128 pixels, 1:1 ratio;Second external CSTN display (96 x 64 pixels), 65K colorsDownloadable pictures;No;3MB;;VGA;;Yes;No;No;No;No;No;;;Predictive text inputOrganizerWorld Time;Removable Li-Ion 680 mAh battery;Up to 120 h;Up to 2 h;Crystal Silver and Sapphire Blue;;;
https://www.gsmarena.com/mitsubishi_m350-782.php;https://fdn2.gsmarena.com/vv/bigpic/mim350.gif;Mitsubishi M350;Released 2004, Q2;99g, 20mm thickness;Feature phone;5MB storage, no card slot;10;N/A;194,648 hits;;128x160 pixels,  7 lines; ;;900 mAh Li-Ion;GSM 900 / 1800;Class 8;No;2004, Q2;Discontinued;107 x 47 x 20 mm, 85 cc (4.21 x 1.85 x 0.79 in);99 g (3.49 oz);Mini-SIM;TFT, 256K colors;;128 x 160 pixels,  7 lines;Downloadable logos;No;5MB;;VGA;;No;No;No;No;No;No;;;Predictive text inputVoice dial/memoOrganizerPhoto editor;Removable Li-Ion 900 mAh battery;;;Metallic Silver;;;
https://www.gsmarena.com/mitsubishi_m750-744.php;https://fdn2.gsmarena.com/vv/bigpic/mim750.gif;Mitsubishi M750;Released 2003, Q4;102g, 24mm thickness;Feature phone;5MB storage, no card slot;8;N/A;173,033 hits;;128x160 pixels; ;;780 mAh Li-Ion;GSM 900 / 1800;Class 8;No;2003, Q4;Discontinued;96 x 47 x 24 mm, 88 cc (3.78 x 1.85 x 0.94 in);102 g (3.60 oz);Mini-SIM;TFT, 256K colors;;128 x 160 pixels;Second external STN display (62 x 80 pixels), 4096 colorsDownloadable logos;No;5MB;;VGA;;No;No;No;No;No;No;;;Predictive text inputVoice dial/memoOrganizerPhoto editor;Removable Li-Ion battery;Up to 250 h;Up to 5h;;;;
https://www.gsmarena.com/mitsubishi_m342i-685.php;https://fdn2.gsmarena.com/vv/bigpic/mim342i.gif;Mitsubishi M342i;Released 2004, Q1;99, 19mm thickness;Feature phone;5MB storage, no card slot;11;N/A;240,582 hits;;128x160 pixels; ;;780 mAh Li-Ion;GSM 900 / 1800;Class 8;No;2004, Q1;Discontinued;107 x 47 x 19 mm, 85 cc (4.21 x 1.85 x 0.75 in);99 (3.49 oz);Mini-SIM;TFT, 256K colors;;128 x 160 pixels;Downloadable logos;No;5MB;;VGA;;No;No;No;No;No;No;;;Predictive text inputVoice memoOrganizerPhoto editor;Removable Li-Ion battery;Up to 380 h;Up to 5 h;;Melody formats: SP midi, MFI (Music format for i-mode), Midi, i-melody, AMRPicture formats: .jpg, .gif, .png, .wbmp and animated gi;;
https://www.gsmarena.com/mitsubishi_m341i_m720-593.php;https://fdn2.gsmarena.com/vv/bigpic/mim341i.gif;Mitsubishi M341i/M720;Released 2003, Q4;102g, 24mm thickness;Feature phone;5MB storage, no card slot;8;N/A;276,458 hits;;128x160 pixels, 10 lines; ;;;GSM 900 / 1800;Class 8;No;2003, Q4;Discontinued;96 x 47 x 24 mm, 87 cc (3.78 x 1.85 x 0.94 in);102 g (3.60 oz);Mini-SIM;TFT, 256K colors;;128 x 160 pixels, 10 lines;Second external display (62 x 80 pixels), 4096 colorsDownloadable logos;No;5MB;20 voice dial slots2 min voice memo100 organizer events;VGA;;No;No;No;No;No;No;;;Predictive text inputVoice memo/dialOrganizerPhoto editor;Removable Li-Po battery;Up to 400 h;Up to 4 h;;;;
https://www.gsmarena.com/mitsubishi_m330-491.php;https://fdn2.gsmarena.com/vv/bigpic/mim330.gif;Mitsubishi M330;Released 2003, Q3;95g, 20mm thickness;Feature phone;No card slot;8;N/A;153,203 hits;;128x141 pixels; ;;800 mAh Li-Ion;GSM 900 / 1800;Yes;No;2003, Q3;Discontinued;116 x 47 x 20 mm (4.57 x 1.85 x 0.79 in);95 g (3.35 oz);Mini-SIM;CSTN, 4096 colors;;128 x 141 pixels;;No;;20 voice dial records2 min voice memo100 text messages;No;;;;No;No;No;No;;;Predictive text inputVoice dialVoice memoOrganizer;Removable Li-Ion battery;Up to 350h;Up to 4h;2 - Quartz Silver and Frost White.;;;
https://www.gsmarena.com/mitsubishi_m21i-416.php;https://fdn2.gsmarena.com/vv/bigpic/mim21i.gif;Mitsubishi m21i;Released 2003;95g, 19mm thickness;Feature phone;No card slot;8;N/A;134,691 hits;;128x141 pixels; ;;900 mAh Li-Ion;GSM 900 / 1800;Class 8;No;2003;Discontinued;115 x 47 x 19 mm, 85 cc (4.53 x 1.85 x 0.75 in);95 g (3.35 oz);Mini-SIM;CSTN, 4096 colors;;128 x 141 pixels;Downloadable wallpapersCustomizable softkeys;No;;150 SMS messagesSMS templatesDetailed call logs;No;;;;No;No;No;No;;;Business card exchange via IrDAPredictive text inputOrganizer;Removable Li-Ion 900 mAh battery;Up to 350 h;Up to 4 h;"3 - Quartz gold ; Frozen silver ;Marine blue";Polyphonic ringtones (SMF, MFi 3.0, MFi 3.0 with ADPCM);;
https://www.gsmarena.com/mitsubishi_m320-373.php;https://fdn2.gsmarena.com/vv/bigpic/mim320.gif;Mitsubishi M320;Released 2002, Q4;95g, 20mm thickness;Feature phone;No card slot;10;N/A;179,166 hits;;128x141 pixels; ;;900 mAh Li-Ion;GSM 900 / 1800;Class 8;No;2002, Q4;Discontinued;116 x 47 x 20 mm (4.57 x 1.85 x 0.79 in);95 g (3.35 oz);Mini-SIM;CSTN, 4096 colors;;128 x 141 pixels;Downloadable wallpapersCustomizable softkeys;No;;20 voice dial records150 SMS messagesSMS templatesDetailed call logs;No;;;;No;No;No;No;;;Business card exchange via IrDAVoice dialVoice memoPredictive text inputOrganizerCustomizable front panel;Removable Li-Ion 900 mAh battery;Up to 350 h;Up to 4 h;"3 - Quartz gold ; Frozen silver ;Marine blue";;;
https://www.gsmarena.com/mitsubishi_trium_eclipse-255.php;https://fdn2.gsmarena.com/vv/bigpic/miecli.gif;Mitsubishi Trium Eclipse;Released 2001, Q3;110g, 29mm thickness;Feature phone;No card slot;13;N/A;212,996 hits;;120x143 pixels; ;;500 mAh Li-Ion;GSM 900 / 1800;Class 8;No;2001, Q3;Discontinued;123 x 48 x 29 mm, 100 cc (4.84 x 1.89 x 1.14 in);110 g (3.88 oz);Mini-SIM;CSTN, 256 colors;;120 x 143 pixels;Picture menuSoftkeyIcons, menu, wallpaper personalisation;No;;20 voice dial slots2 min voice memoDetailed call duration reports;No;;;;No;No;No;No;;;Business card exchange via IrDAVoice dialVoice memoPredictive text inputOrganizerScratchpad;Removable Li-Ion battery;180 h;3 h;;Ascending ring tone;;
https://www.gsmarena.com/mitsubishi_trium_sirius-254.php;https://fdn2.gsmarena.com/vv/bigpic/misiri.gif;Mitsubishi Trium Sirius;Released Mid 2001;75g, 22mm thickness;Feature phone;No card slot;8;N/A;130,974 hits;;5x13 to 25 chars; ;;500 mAh NiMH;GSM 900 / 1800;Class 2;No;Mid 2001;Discontinued;104 x 53 x 22 mm (4.09 x 2.09 x 0.87 in);75 g (2.65 oz);Mini-SIM;Monochrome graphic;;5 x 13 to 25 chars;Picture menuSoftkey;No;;20 voice dial slots20 sec voice memoDetailed call duration reports;No;;;;No;No;No;No;;;Voice dialVoice memoBusiness card exchange via IrDAPredictive text inputOrganizerScratchpadActive flip;Removable NiMH battery;120 h;3 h;;Ascending ring tone;;
https://www.gsmarena.com/mitsubishi_trium_neptune-204.php;https://fdn2.gsmarena.com/vv/bigpic/minept.gif;Mitsubishi Trium Neptune;Released 2000;120g, 28mm thickness;Feature phone;No card slot;9;N/A;175,692 hits;;5x13 to 25 chars; ;;800 mAh NiMH;GSM 900 / 1800;No;No;2000;Discontinued;120 x 50 x 28 mm (4.72 x 1.97 x 1.10 in);120 g (4.23 oz);Mini-SIM;Monochrome graphic;;5 x 13 to 25 chars;Picture menuSoftkey;No;;Detailed call duration reports;No;;;;No;No;No;No;;;Predictive text inputScratchpadCurrency converterActive flip;Removable NiMH 800 mAh battery;130 h;3 h;3;Ascending ring tone;;
https://www.gsmarena.com/mitsubishi_trium_mars-203.php;https://fdn2.gsmarena.com/vv/bigpic/mimars.gif;Mitsubishi Trium Mars;Released 2000;120g, 28mm thickness;Feature phone;No card slot;15;N/A;228,295 hits;;5x13 to 25 chars; ;;800 mAh NiMH;GSM 900 / 1800;No;No;2000;Discontinued;120 x 50 x 28 mm (4.72 x 1.97 x 1.10 in);120 g (4.23 oz);Mini-SIM;Monochrome graphic;;5 x 13 to 25 chars;Picture menuSoftkey;No;;Detailed call duration reports;No;;;;No;No;No;No;;;Predictive text inputScratchpadCurrency converter;Removable NiMH 800 mAh battery;130 h;3 h;3;Ascending ring tone;;
https://www.gsmarena.com/mitsubishi_trium_geo_@-59.php;https://fdn2.gsmarena.com/vv/bigpic/migeo2b.gif;Mitsubishi Trium Geo-@;Released 1999;149g, 29mm thickness;Feature phone;No card slot;8;N/A;137,776 hits;;5x13 to 25 chars; ;;900 mAh NiMH;GSM 900 / 1800;No;No;1999;Discontinued;132 x 49 x 29 mm, 140 cc (5.20 x 1.93 x 1.14 in);149 g (5.26 oz);Mini-SIM;Monochrome graphic;;5 x 13 to 25 chars;Picture menuSoftkey;No;;Detailed call duration reports;No;;;;No;No;No;No;;;ScratchpadCurrency converter;Removable NiMH 900 mAh battery;150 h;3 h;2 - Wine red & Dark grey;Ascending ring tone;;
https://www.gsmarena.com/mitsubishi_trium_mondo-64.php;https://fdn2.gsmarena.com/vv/bigpic/mimondb.gif;Mitsubishi Trium Mondo;Released 2000;200g, 19mm thickness;Microsoft Windows PocketPC;No card slot;13;N/A;198,418 hits;;240x320 pixels; ;;540 mAh NiMH;GSM 900 / 1800;No;No;2000;Discontinued;139.5 x 84 x 19 mm (5.49 x 3.31 x 0.75 in);200 g (7.05 oz);Mini-SIM;Monochrome resistive touchscreen, 16 shades;;240 x 320 pixels, 4:3 ratio;;No;;Detailed call duration reports;No;;;;No;No;No;No;;;Predictive text inputCalculatorPDA compatibleMP3 reader;Removable NiMH battery;100 h;2 h 30 min;;Ascending ring tone;Microsoft Windows PocketPC;64-bit NEC VR4131 166 MHz
https://www.gsmarena.com/mitsubishi_trium_xs-63.php;https://fdn2.gsmarena.com/vv/bigpic/mixsb.gif;Mitsubishi Trium xs;Released 2000;120g, 28mm thickness;Feature phone;No card slot;13;N/A;108,818 hits;;5x13 to 25 chars; ;;540 mAh NiMH;GSM 900 / 1800;No;No;2000;Discontinued;120 x 50 x 28 mm (4.72 x 1.97 x 1.10 in);120 g (4.23 oz);Mini-SIM;Monochrome graphic;;5 x 13 to 25 chars;Picture menuSoftkey;No;;Detailed call duration reports;No;;;;No;No;No;No;;;Predictive text inputCalculatorScratchpadCurrency converter;Removable NiMH battery;130 h;3 h;3;Ascending ring tone;;
https://www.gsmarena.com/mitsubishi_trium_fx-62.php;https://fdn2.gsmarena.com/vv/bigpic/mifxb.gif;Mitsubishi Trium fx;Released 2000;120g, 28mm thickness;Feature phone;No card slot;8;N/A;91,897 hits;;5x13 to 25 chars; ;;540 mAh Li-Ion;GSM 900 / 1800;No;No;2000;Discontinued;120 x 50 x 28 mm (4.72 x 1.97 x 1.10 in);120 g (4.23 oz);Mini-SIM;Monochrome graphic;;5 x 13 to 25 chars;Picture menuSoftkey;No;;Detailed call duration reports;No;;;;No;No;No;No;;;Predictive text inputCalculatorScratchpadCurrency converter;Removable Li-Ion battery;130 h;3 h;3;Ascending ring tone;;
https://www.gsmarena.com/mitsubishi_trium_cosmo-61.php;https://fdn2.gsmarena.com/vv/bigpic/micosmb.gif;Mitsubishi Trium Cosmo;Released 2000;69g, 16mm thickness;Feature phone;No card slot;8;N/A;84,031 hits;;5x13 to 25 chars; ;;540 mAh Li-Ion;GSM 900 / 1800;No;No;2000;Discontinued;103 x 51 x 16 mm, 72 cc (4.06 x 2.01 x 0.63 in);69 g (2.43 oz);Mini-SIM;Monochrome graphic;;5 x 13 to 25 chars;Picture menuSoftkey;No;;Detailed call duration reports;No;;;;No;No;No;No;;;Predictive text input for 5 languagesCalculatorAuto On/Off switchScratchpadCurrency converter;Removable Li-Ion 540 mAh battery;80 h;3 h;2;Ascending ring tone;;
https://www.gsmarena.com/mitsubishi_trium_aria-60.php;https://fdn2.gsmarena.com/vv/bigpic/miariab.gif;Mitsubishi Trium Aria;Released 2000;90g, 23mm thickness;Feature phone;No card slot;12;N/A;123,421 hits;;5x13 to 25 chars; ;;580 mAh Li-Ion;GSM 900 / 1800;No;No;2000;Discontinued;123 x 40 x 23 mm, 90 cc (4.84 x 1.57 x 0.91 in);90 g (3.17 oz);Mini-SIM;Monochrome graphic;;5 x 13 to 25 chars;Picture menuSoftkey;No;;Detailed call duration reports;No;;;;No;No;No;No;;;Predictive text input for 5 languagesOrganizerAuto On/Off switchScratchpad;Removable Li-Ion 580 mAh battery;75 h;2 h;2;Ascending ring tone;;
https://www.gsmarena.com/mitsubishi_trium_geo-58.php;https://fdn2.gsmarena.com/vv/bigpic/migeob.gif;Mitsubishi Trium Geo;Released 1999;149g, 29mm thickness;Feature phone;No card slot;8;N/A;78,031 hits;;5x13 to 25 chars; ;;900 mAh NiMH;GSM 900 / 1800;No;No;1999;Discontinued;132 x 49 x 29 mm, 140 cc (5.20 x 1.93 x 1.14 in);149 g (5.26 oz);Mini-SIM;Monochrome graphic;;5 x 13 to 25 chars;Picture menuSoftkey;No;;Detailed call duration reports;No;;;;No;No;No;No;;;ScratchpadCurrency converter;Removable NiMH 900 mAh battery;150 h;3 h;3;Ascending ring tone;;
https://www.gsmarena.com/mitsubishi_trium_astral-57.php;https://fdn2.gsmarena.com/vv/bigpic/miastrb.gif;Mitsubishi Trium Astral;Released 1999;149g, 29mm thickness;Feature phone;No card slot;13;N/A;105,100 hits;;5x13 to 25 chars; ;;900 mAh NiMH;GSM 900 / 1800;No;No;1999;Discontinued;132 x 49 x 29 mm, 140 cc (5.20 x 1.93 x 1.14 in);149 g (5.26 oz);Mini-SIM;Monochrome graphic;;5 x 13 to 25 chars;Picture menuSoftkey;No;;Detailed call duration reports;No;;;;No;No;No;No;;;ScratchpadCurrency converter;Removable NiMH 900 mAh battery;150 h;3 h;3;Ascending ring tone;;
https://www.gsmarena.com/mitsubishi_trium_galaxy-56.php;https://fdn2.gsmarena.com/vv/bigpic/migalab.gif;Mitsubishi Trium Galaxy;Released 1999;149g, 29mm thickness;Feature phone;No card slot;14;N/A;119,158 hits;;5x13 to 25 chars; ;;900 mAh NiMH;GSM 900 / 1800;No;No;1999;Discontinued;132 x 49 x 29 mm, 140 cc (5.20 x 1.93 x 1.14 in);149 g (5.26 oz);Mini-SIM;Monochrome graphic;;5 x 13 to 25 chars;Picture menuSoftkey;No;;Detailed call duration reports;No;;;;No;No;No;No;;;ScratchpadCurrency converter;Removable NiMH 900 mAh battery;150 h;3 h;3;Ascending ring tone;;
