Link;Image;Name;Release date;Weight;OS;Storage;Fans;Popularity;Hits;Screen_size;Screen_resolution;RAM;SOC;Battery;net2g;net3g;speed;year;status;dimensions;weight;sim;displaytype;displaysize;displayresolution;displayother;os;cpu;memoryslot;internalmemory;cam1modules;cam1video;cam2modules;optionalother;wlan;bluetooth;gps;radio;usb;sensors;featuresother;batdescription1;batstandby1;battalktime1;colors;cam1features;cam2video;gprstext;edge;chipset
https://www.gsmarena.com/mwg_zinc_ii-2557.php;https://fdn2.gsmarena.com/vv/bigpic/mwg-zinc-ii.jpg;MWg Zinc II;Released 2008, May;185g, 18mm thickness;Microsoft Windows Mobile 6.1 Professional;64MB RAM storage, microSD slot;12;N/A;138,023 hits;"2.8""";240x320 pixels;64 MB RAM;;1530 mAh Li-Po;GSM 850 / 900 / 1800 / 1900;HSDPA 850 / 1900 / 2100;HSPA 3.6/0.384 Mbps;2008, May;Discontinued;109.5 x 59 x 18 mm (4.31 x 2.32 x 0.71 in);185 g (6.53 oz);Mini-SIM;TFT resistive touchscreen, 256K colors (65K effective);2.8 inches, 24.3 cm(~37.6% screen-to-body ratio);240 x 320 pixels, 4:3 ratio (~143 ppi density);Handwriting recognition;Microsoft Windows Mobile 6.1 Professional;Samsung 2442 500 MHz;microSD (dedicated slot);64MB RAM, 256MB ROM;2 MP;Yes;No;Stereo speakers;Wi-Fi 802.11b/g;2.0, A2DP;GPS, SiRF Star III chipset;No;miniUSB 1.1;;Pocket OfficeMP3/WMA/WMV/WAV/MP4 playerVoice memoPredictive text input;Removable Li-Po 1530 mAh battery;Up to 250 h;Up to 5 h;Black;;;;;
https://www.gsmarena.com/mwg_atom_life-2556.php;https://fdn2.gsmarena.com/vv/bigpic/mwg-atom-life.jpg;MWg Atom Life;Released 2007, January;145g, 18mm thickness;Microsoft Windows Mobile 6 Professional;64MB RAM storage, miniSD slot;5;N/A;94,778 hits;"2.7""";240x320 pixels;64 MB RAM;;1530 mAh Li-Po;GSM 900 / 1800 / 1900;HSDPA 1900 / 2100;HSPA 3.6/0.384 Mbps;2007, January;Discontinued;106 x 58 x 18 mm (4.17 x 2.28 x 0.71 in);145 g (5.11 oz);Mini-SIM;TFT resistive touchscreen, 256K colors (65K effective);2.7 inches, 22.6 cm(~36.7% screen-to-body ratio);240 x 320 pixels, 4:3 ratio (~148 ppi density);Handwriting recognitionStereo speakers;Microsoft Windows Mobile 6 Professional;Intel XScale PXA 270 624 MHz;miniSD;64MB RAM, 1GB ROM;2 MP;Yes;VGA videocall camera;;Wi-Fi 802.11b/g;1.2;No;Stereo FM radio, RDS;miniUSB;;Pocket OfficeVoice memoMP3/WMA/WMV/WAV/MP4 playerPredictive text input;Removable Li-Po 1530 mAh battery;Up to 200 h;Up to 4 h;Black;LED flash;;;;
https://www.gsmarena.com/mwg_ubiquio_503g-2555.php;https://fdn2.gsmarena.com/vv/bigpic/mwg-503g.jpg;MWg UBiQUiO 503g;Released 2007, July;157g, 17mm thickness;Microsoft Windows Mobile 6 Professional;96MB RAM storage, microSD slot;9;N/A;86,786 hits;"2.4""";320x240 pixels;96 MB RAM;;1500 mAh Li-Ion;GSM 850 / 900 / 1800 / 1900;HSDPA 850 / 1900 / 2100;HSPA 3.6/0.384 Mbps;2007, April. Released 2007, July;Discontinued;123 x 65 x 17 mm (4.84 x 2.56 x 0.67 in);157 g (5.54 oz);Mini-SIM;TFT resistive touchscreen, 256K colors (65K effective);2.4 inches, 17.8 cm(~22.3% screen-to-body ratio);320 x 240 pixels, 4:3 ratio (~167 ppi density);;Microsoft Windows Mobile 6 Professional;Intel XScale PXA 270 520 MHz;microSD (dedicated slot);96MB RAM, 192MB ROM;2 MP, AF;Yes;Videocall camera;;Wi-Fi 802.11b/g;1.2, A2DP;No;No;miniUSB 1.1;;MP3/AAC/MP4 playerPocket OfficeOrganizerVoice memoPredictive text input;Removable Li-Ion 1500 mAh battery;Up to 250 h;Up to 4 h;Black, Gray;;;;;
https://www.gsmarena.com/mwg_atom_v-2554.php;https://fdn2.gsmarena.com/vv/bigpic/atom-v.jpg;MWg Atom V;Released 2008, March;133g, 15mm thickness;Microsoft Windows Mobile 6 Professional;64MB RAM storage, microSDHC slot;9;N/A;121,504 hits;"2.8""";240x320 pixels;64 MB RAM;;1300 mAh Li-Po;GSM 850 / 900 / 1800 / 1900;HSDPA 2100;HSPA 7.2/0.384 Mbps;2008, March;Discontinued;116 x 59 x 15 mm (4.57 x 2.32 x 0.59 in);133 g (4.69 oz);Mini-SIM;TFT resistive touchscreen, 256K colors (65K effective);2.8 inches, 24.3 cm(~35.5% screen-to-body ratio);240 x 320 pixels, 4:3 ratio (~143 ppi density);Handwriting recognition;Microsoft Windows Mobile 6 Professional;Intel XScale PXA 270 520 MHz;microSDHC (dedicated slot);64MB RAM, 256MB ROM;2 MP;Yes;No;;Wi-Fi 802.11b/g;2.0, A2DP;GPS, SiRF Star III chipset;Stereo FM radio, RDS;miniUSB;;Pocket OfficeVoice memoMP3/AAC/MP4 playerPredictive text input;Removable Li-Po 1300 mAh battery;Up to 150 h;Up to 3 h 30 min;Black;LED flash;;;;
https://www.gsmarena.com/mwg_ubiquio_501-2553.php;https://fdn2.gsmarena.com/vv/bigpic/mwg-501.jpg;MWg UBiQUiO 501;Released 2008, March;120g, 13.5mm thickness;Microsoft Windows Mobile 6 Professional;64MB RAM storage, miniSD slot;9;N/A;85,621 hits;"2.5""";240x320 pixels;64 MB RAM;TI OMAP 750;1250 mAh Li-Ion;GSM 900 / 1800 / 1900;;;2008, March;Discontinued;122 x 65 x 13.5 mm (4.80 x 2.56 x 0.53 in);120 g (4.23 oz);Mini-SIM;TFT resistive touchscreen, 65K colors;2.5 inches, 19.4 cm(~24.4% screen-to-body ratio);240 x 320 pixels, 4:3 ratio (~160 ppi density);;Microsoft Windows Mobile 6 Professional;200 MHz ARM926EJ-S;miniSD;64MB RAM, 128MB ROM;2 MP;Yes;No;;Wi-Fi 802.11b/g;1.2, A2DP;No;No;miniUSB 1.1;;MP3/AAC playerPocket OfficePredictive text inputOrganizerVoice memo;Removable Li-Ion 1250 mAh battery;;;Black;;;Class 10;No;TI OMAP 750
