Link;Image;Name;Release date;Weight;OS;Storage;Fans;Popularity;Hits;Screen_size;Screen_resolution;RAM;SOC;Battery;net2g;net3g;speed;year;status;dimensions;weight;sim;displaytype;displaysize;displayresolution;os;chipset;cpu;gpu;memoryslot;internalmemory;cam1modules;cam1features;cam1video;cam2modules;cam2video;wlan;bluetooth;gps;nfc;radio;usb;sensors;batdescription1;batstandby1;battalktime1;colors;gprstext;edge;featuresother;bodyother;price
https://www.gsmarena.com/niu_andy_c5_5e2i-7917.php;https://fdn2.gsmarena.com/vv/bigpic/niu-andy-c5.5e2i.jpg;NIU Andy C5.5E2I;Released 2016, March;128g, 9.2mm thickness;Android 4.4;4GB 512MB RAM storage, microSDXC slot;1;N/A;89,980 hits;"5.5""";720x1280 pixels;512 MB RAM;MT6582M;3000 mAh Li-Po;GSM 850 / 900 / 1800 / 1900;UMTS 850 / 1900 - AC55E2I043;HSPA 21.1/5.76 Mbps;2015, December. Released 2016, March;Discontinued;154.5 x 79 x 9.2 mm (6.08 x 3.11 x 0.36 in);128 g (4.52 oz);Micro-SIM;IPS LCD;5.5 inches, 83.4 cm(~68.3% screen-to-body ratio);720 x 1280 pixels, 16:9 ratio (~267 ppi density);Android 4.4 (KitKat);Mediatek MT6582M (28 nm);Quad-core 1.3 GHz Cortex-A7;Mali-400;microSDXC (dedicated slot);4GB 512MB RAM;8 MP, AF;LED flash, panorama, HDR;1080p@30fps;1.3 MP;;Wi-Fi 802.11 b/g/n, Wi-Fi Direct, hotspot;4.0, LE;GPS;No;Stereo FM radio;microUSB 2.0;Accelerometer, proximity;Li-Po 3000 mAh, removable;Up to 600 h (2G) / Up to 500 h (3G);Up to 22 h 10 min (2G) / Up to 18 h 30 min (3G);Blue, Gun Metal;;;;;
https://www.gsmarena.com/niu_andy_3_5e2i-7346.php;https://fdn2.gsmarena.com/vv/bigpic/NIU-35E2I.jpg;NIU Andy 3.5E2I;Released 2015, March;102g, 10.7mm thickness;Android 4.4;4GB 512MB RAM storage, microSDXC slot;2;N/A;67,091 hits;"3.5""";320x480 pixels;512 MB RAM;MT6572M;1300 mAh Li-Ion;GSM 850 / 900 / 1800 / 1900 - SIM 1 & SIM 2;UMTS 850 / 1900 - AM35E2I043;HSPA 21.1/5.76 Mbps;2015, February. Released 2015, March;Discontinued;115.5 x 62.8 x 10.7 mm (4.55 x 2.47 x 0.42 in);102 g (3.60 oz);Dual SIM (Mini-SIM/ Micro-SIM);LCD, 256K colors;3.5 inches, 36.5 cm(~50.3% screen-to-body ratio);320 x 480 pixels, 3:2 ratio (~165 ppi density);Android 4.4 (KitKat);Mediatek MT6572M (28 nm);Dual-core 1.0 GHz Cortex-A7;Mali-400;microSDXC;4GB 512MB RAM;5 MP;LED flash, panorama;480p@30fps;1.3 MP;;Wi-Fi 802.11 a/b/g/n, hotspot;4.0, A2DP;GPS;No;Stereo FM radio;microUSB 2.0;Accelerometer;Li-Ion 1300 mAh, removable;Up to 260 h (2G) / Up to 217 h (3G);Up to 18 h (2G) / Up to 8 h (3G);Black, White, Blue, Green, Orange;;;;;
https://www.gsmarena.com/niu_andy_4e2i-7347.php;https://fdn2.gsmarena.com/vv/bigpic/NIU-4E2I.jpg;NIU Andy 4E2I;Released 2015, March;110g, 10.7mm thickness;Android 4.4;4GB 512MB RAM storage, microSDXC slot;0;N/A;61,890 hits;"4.0""";480x800 pixels;512 MB RAM;MT6572M;1400 mAh Li-Ion;GSM 850 / 900 / 1800 / 1900 - SIM 1 & SIM 2;HSDPA 900 / 2100 - AM4E2I047;HSPA 21.1/5.76 Mbps;2015, January. Released 2015, March;Discontinued;121 x 64.6 x 10.7 mm (4.76 x 2.54 x 0.42 in);110 g (3.88 oz);Dual SIM (Mini-SIM/ Micro-SIM);TFT, 256K colors;4.0 inches, 45.5 cm(~58.3% screen-to-body ratio);480 x 800 pixels, 5:3 ratio (~233 ppi density);Android 4.4 (KitKat);Mediatek MT6572M (28 nm);Dual-core 1.0 GHz Cortex-A7;Mali-400;microSDXC;4GB 512MB RAM;5 MP;LED flash, panorama;480p@30fps;1.3 MP;;Wi-Fi 802.11 a/b/g/n, hotspot;4.0, A2DP;GPS;No;Stereo FM radio;microUSB 2.0;Accelerometer;Li-Ion 1400 mAh, removable;Up to 280 h (2G) / Up to 232 h (3G);Up to 18 h (2G) / Up to 9 h (3G);Black, White, Red, Blue, Yellow;;;;;
https://www.gsmarena.com/niu_andy_5ei-7348.php;https://fdn2.gsmarena.com/vv/bigpic/NIU-5EI.jpg;NIU Andy 5EI;Released 2014, July;160g, 9.5mm thickness;Android 4.2;4GB 512MB RAM storage, microSDXC slot;0;N/A;63,435 hits;"5.0""";480x854 pixels;512 MB RAM;MT6572M;1550 mAh Li-Ion;GSM 850 / 900 / 1800 / 1900 - SIM 1 & SIM 2;HSDPA 900 / 2100 - SIM 1 or SIM 2;HSPA 21.1/5.76 Mbps;2014, May. Released 2014, July;Discontinued;142.8 x 73.4 x 9.5 mm (5.62 x 2.89 x 0.37 in);160 g (5.64 oz);Dual SIM (Mini-SIM/ Micro-SIM);TFT, 256K colors;5.0 inches, 68.9 cm(~65.7% screen-to-body ratio);480 x 854 pixels, 16:9 ratio (~196 ppi density);Android 4.2 (Jelly Bean);Mediatek MT6572M (28 nm);Dual-core 1.0 GHz Cortex-A7;Mali-400;microSDXC;4GB 512MB RAM;5 MP;LED flash;480p@30fps;1.3 MP;;Wi-Fi 802.11 a/b/g/n, hotspot;3.0, A2DP;GPS;No;Stereo FM radio;microUSB 2.0;Accelerometer, proximity;Li-Ion 1550 mAh, removable;Up to 480 h (2G) / Up to 350 h (3G);Up to 16 h (2G) / Up to 7 h 30 min (3G);Black, White, Red, Blue, Green;;;;;
https://www.gsmarena.com/niu_andy_5t-7349.php;https://fdn2.gsmarena.com/vv/bigpic/niu-5t.jpg;NIU Andy 5T;Released 2014, August;123g, 6.9mm thickness;Android 4.4.2;4GB 1GB RAM storage, microSDXC slot;0;N/A;65,881 hits;"5.0""";720x1280 pixels;1 GB RAM;MT6582;1800 mAh Li-Po;GSM 850 / 900 / 1800 / 1900 - SIM 1 & SIM 2;HSDPA 850 / 1900 - SIM 1 or SIM 2;HSPA 21.1/5.76 Mbps;2014, July. Released 2014, August;Discontinued;144 x 69.7 x 6.9 mm (5.67 x 2.74 x 0.27 in);123 g (4.34 oz);Dual SIM (Mini-SIM/ Micro-SIM);IPS LCD;5.0 inches, 68.9 cm(~68.7% screen-to-body ratio);720 x 1280 pixels, 16:9 ratio (~294 ppi density);Android 4.4.2 (KitKat);Mediatek MT6582 (28 nm);Quad-core 1.3 GHz Cortex-A7;Mali-400MP2;microSDXC;4GB 1GB RAM;13 MP, AF;LED flash, HDR;1080p@30fps;5 MP;;Wi-Fi 802.11 a/b/g/n, hotspot;4.0, A2DP;GPS;No;Stereo FM radio;microUSB 2.0;Accelerometer, proximity, compass;Li-Po 1800 mAh, non-removable;Up to 480 h (2G) / Up to 360 h (3G);Up to 16 h (2G) / Up to 8 h 30 min (3G);White, Black, Blue, Red;;;;;
https://www.gsmarena.com/niu_c21a-7350.php;https://fdn2.gsmarena.com/vv/bigpic/NIU--C21A.jpg;NIU C21A;Released 2013, April;73g without battery, 14.5mm thickness;Feature phone;32Mb 32Mb RAM storage, microSDHC slot;0;N/A;57,801 hits;"1.8""";128x160 pixels; ;;600 mAh Li-Ion;GSM 850 / 900 / 1800 / 1900 - SIM 1 & SIM 2 - CM21A003;;;2013, March. Released 2013, April;Discontinued;106 x 45 x 14.5 mm (4.17 x 1.77 x 0.57 in);73 g without battery (2.57 oz);Dual SIM (Mini-SIM);TFT, 256K colors;1.8 inches, 10.2 cm(~21.4% screen-to-body ratio);128 x 160 pixels (~114 ppi density);;;;;microSDHC;32Mb 32Mb RAM;VGA;;No;No;;No;2.0;No;No;Stereo FM radio;microUSB;;Li-Ion 600 mAh, removable;Up to 200 h;Up to 4 h;Black, White, Blue, Green, Purple, Red, Fuchsia;Up to 48 kbps;No;Video PlayerMusic PlayerOrganizerWhatsapp;;
https://www.gsmarena.com/niu_f10-7351.php;https://fdn2.gsmarena.com/vv/bigpic/NIU-F10.jpg;NIU F10;Released 2013, April;72g without battery, 13.7mm thickness;Feature phone;64Mb 32Mb RAM storage, microSDHC slot;1;N/A;60,560 hits;"2.2""";220x176 pixels; ;;600 mAh Li-Ion;GSM 850 / 900 / 1800 / 1900 - SIM 1 & SIM 2 & SIM 3;;;2012, November. Released 2013, April;Discontinued;102 x 59 x 13.7 mm (4.02 x 2.32 x 0.54 in);72 g without battery (2.54 oz);Triple SIM (Mini-SIM);TFT, 65K colors;2.2 inches, 15.2 cm(~25.3% screen-to-body ratio);220 x 176 pixels (~128 ppi density);;;;;microSDHC (dedicated slot);64Mb 32Mb RAM;1.3 MP;;Yes;No;;No;2.1, A2DP;No;No;Stereo FM radio;microUSB;;Li-Ion 600 mAh, removable;Up to 400 h;Up to 5 h 30 min;Black, Blue, Red, White;Up to 48 kbps;No;Analog TVVideo PlayerMusic PlayerOrganizer;Flashlight;
https://www.gsmarena.com/niu_z10-7352.php;https://fdn2.gsmarena.com/vv/bigpic/NIU-Z10.jpg;NIU Z10;Released 2014, January;90g without battery, 14.5mm thickness;Feature phone;32Mb 32Mb RAM storage, microSDHC slot;0;N/A;56,431 hits;"2.0""";144x176 pixels; ;;1000 mAh Li-Ion;GSM 850 / 900 / 1800 / 1900 - SIM 1;;;2013, November. Released 2014, January;Discontinued;113.2 x 55.5 x 14.5 mm (4.46 x 2.19 x 0.57 in);90 g without battery (3.17 oz);Dual SIM (Mini-SIM);TFT, 65K colors;2.0 inches, 12.6 cm(~20.1% screen-to-body ratio);144 x 176 pixels (~114 ppi density);;;;;microSDHC;32Mb 32Mb RAM;VGA;;Yes;No;;No;2.1;No;No;"Stereo FM radio; buit-in antenna";microUSB;;Li-Ion 1000 mAh, removable;Up to 290 h;Up to 7 h;Black, White, Blue;Up to 48 kbps;No;Music/Video playerOrganizerCalendarCalculatorVoice memo;FlashlightSOS button;
https://www.gsmarena.com/niu_tek_5d-7118.php;https://fdn2.gsmarena.com/vv/bigpic/niu-5d.jpg;NIU Tek 5D;Released 2015, February;150g, 9.3mm thickness;Android 4.4.2;4GB 512MB RAM storage, microSDXC slot;1;N/A;89,759 hits;"5.0""";480x854 pixels;512 MB RAM;MT6572M;2000 mAh Li-Ion;GSM 850 / 900 / 1800 / 1900 - SIM 1 & SIM 2;HSDPA 850 / 1900 -  SIM 1 & SIM 2 - TM5DI043;HSPA 21.1/5.76 Mbps;2015, January. Released 2015, February;Discontinued;156.3 x 74.2 x 9.3 mm (6.15 x 2.92 x 0.37 in);150 g (5.29 oz);Dual SIM (Mini-SIM/ Micro-SIM);TFT, 256K colors;5.0 inches, 44.1 cm(~38.0% screen-to-body ratio);480 x 854 pixels, 16:9 ratio (~245 ppi density);Android 4.4.2 (KitKat);Mediatek MT6572M (28 nm);Dual-core 1.0 GHz Cortex-A7;Mali-400;microSDXC;4GB 512MB RAM;5 MP;LED flash;480p@30fps;1.3 MP;;Wi-Fi 802.11 b/g/n, hotspot;3.0, A2DP;GPS;No;Stereo FM radio;microUSB 2.0;Accelerometer, proximity;Li-Ion 2000 mAh, removable;Up to 400 h (2G) / Up to 332 h (3G);Up to 15 h (2G) / Up to 12 h (3G);Black;;;;;
https://www.gsmarena.com/niu_tek_4d2-6827.php;https://fdn2.gsmarena.com/vv/bigpic/niutek-4d2.jpg;NIU Tek 4D2;Released 2014, November;152g, 10.3mm thickness;Android 4.4.2;4GB 512MB RAM storage, microSDXC slot;1;N/A;76,036 hits;"4.0""";480x800 pixels;512 MB RAM;MT6572M;1200 mAh Li-Ion;GSM 850 / 900 / 1800 / 1900 - SIM 1 & SIM 2;HSDPA 850 / 1900 -  SIM 1 & SIM 2 - TM4D2I043;HSPA 21.1/5.76 Mbps;2014, August. Released 2014, November;Discontinued;123 x 63 x 10.3 mm (4.84 x 2.48 x 0.41 in);152 g (5.36 oz);Dual SIM (Mini-SIM/ Micro-SIM);TFT;4.0 inches, 45.5 cm(~58.8% screen-to-body ratio);480 x 800 pixels, 5:3 ratio (~233 ppi density);Android 4.4.2 (KitKat);Mediatek MT6572M (28 nm);Dual-core 1.0 GHz Cortex-A7;Mali-400;microSDXC;4GB 512MB RAM;3.15 MP;LED flash, panorama;480p@30fps;1.3 MP;;Wi-Fi 802.11 a/b/g/n, dual-band, hotspot;4.0, A2DP;GPS;No;Stereo FM radio;microUSB 2.0;Accelerometer;Li-Ion 1200 mAh, removable;Up to 400 h (2G) / Up to 320 h (3G);Up to 8 h (2G) / Up to 6 h (3G);Black, Gray, White, Blue, Orange;;;;;
https://www.gsmarena.com/niu_niutek_3_5d2-6733.php;https://fdn2.gsmarena.com/vv/bigpic/niutek-35d2.jpg;NIU Niutek 3.5D2;Released 2014, October;98g, 11.5mm thickness;Android 4.2;2GB 256MB RAM storage, microSDXC slot;2;N/A;62,206 hits;"3.5""";320x480 pixels;256 MB RAM;MT6572M;1200 mAh Li-Ion;GSM 850 / 900 / 1800 / 1900 - SIM 1 & SIM 2;HSDPA 850 / 1900 -  SIM 1 & SIM 2 - TM35D2H043;HSPA 21.1/5.76 Mbps;2014, August. Released 2014, October;Discontinued;116 x 61 x 11.5 mm (4.57 x 2.40 x 0.45 in);98 g (3.46 oz);Dual SIM (Mini-SIM/ Micro-SIM);TFT, 256K colors;3.5 inches, 36.5 cm(~51.5% screen-to-body ratio);320 x 480 pixels, 3:2 ratio (~165 ppi density);Android 4.2 (Jelly Bean);Mediatek MT6572M (28 nm);Dual-core 1.0 GHz Cortex-A7;Mali-400;microSDXC;2GB 256MB RAM;2 MP;LED flash, panorama;480p@30fps;VGA;;Wi-Fi 802.11 a/b/g/n, dual-band, hotspot;3.0, A2DP;GPS;No;Stereo FM radio;microUSB 2.0;Accelerometer;Li-Ion 1200 mAh, removable;Up to 400 h (2G) / Up to 320 h (3G);Up to 8 h (2G) / Up to 6 h (3G);Black, White, Blue, Green, Red;;;;;
https://www.gsmarena.com/niu_go_21-6484.php;https://fdn2.gsmarena.com/vv/bigpic/niu-go-21.jpg;NIU GO 21;Released 2014, June;66g, 14.2mm thickness;Feature phone;32Mb 32Mb RAM storage, microSDHC slot;2;N/A;74,744 hits;"1.8""";128x160 pixels; ;;650 mAh Li-Ion;GSM 850 / 900 / 1800 / 1900 - SIM 1 & SIM 2;;;2014, May. Released 2014, June;Discontinued;105 x 44.9 x 14.2 mm (4.13 x 1.77 x 0.56 in);66 g (2.33 oz);Dual SIM (Mini-SIM);TFT, 65K colors;1.8 inches, 10.2 cm(~21.6% screen-to-body ratio);128 x 160 pixels (~114 ppi density);;;;;microSDHC;32Mb 32Mb RAM;VGA;;;No;;No;2.1, EDR;No;No;Stereo FM radio;microUSB 2.0;;Li-Ion 650 mAh, removable;Up to 200 h;Up to 6 h;Black, Orange, Gray, Red, Green, Blue;Up to 48 kbps;No;Whatsapp messengerVideo/music playerOrganizerPredictive text input;;
https://www.gsmarena.com/niu_niutek_4_5d-5992.php;https://fdn2.gsmarena.com/vv/bigpic/niu-tek-45d.jpg;NIU Niutek 4.5D;Released 2014, January;139g, 10.4mm thickness;Android 4.2;512MB 256MB RAM storage, microSDHC slot;2;N/A;102,462 hits;"4.5""";480x854 pixels;256 MB RAM;MT6572;1650 mAh Li-Ion;GSM 850 / 900 / 1800 / 1900 - SIM 1 & SIM 2;HSDPA 850 / 1900 - SIM 1 or SIM 2;HSPA 21.1/5.76 Mbps;2013, December. Released 2014, January;Discontinued;137.6 x 68 x 10.4 mm (5.42 x 2.68 x 0.41 in);139 g (4.90 oz);Dual SIM (Mini-SIM);TFT, 256K colors;4.5 inches, 55.8 cm(~59.6% screen-to-body ratio);480 x 854 pixels, 16:9 ratio (~218 ppi density);Android 4.2 (Jelly Bean);Mediatek MT6572 (28 nm);Dual-core 1.2 GHz Cortex-A7;Mali-400;microSDHC (dedicated slot);512MB 256MB RAM;5 MP;LED flash, panorama;720p@30fps;1.3 MP;;Wi-Fi 802.11 a/b/g/n, dual-band, hotspot;3.0, A2DP;GPS;No;Stereo FM radio;microUSB 2.0;Accelerometer, proximity;Li-Ion 1650 mAh, removable;Up to 640 h (2G) / Up to 420 h (3G);Up to 16 h (2G) / Up to 9 h (3G);Black;;;;;
https://www.gsmarena.com/niu_niutek_4_0d-5991.php;https://fdn2.gsmarena.com/vv/bigpic/niu-tek-4d-.jpg;NIU Niutek 4.0D;Released 2014, January;131g, 9.9mm thickness;Android 4.2;512MB 256MB RAM storage, microSDHC slot;0;N/A;75,609 hits;"4.0""";480x800 pixels;256 MB RAM;MT6572;1500 mAh Li-Ion;GSM 850 / 900 / 1800 / 1900 - SIM 1 & SIM 2;HSDPA 850 / 1900 - SIM 1 or SIM 2;HSPA 21.1/5.76 Mbps;2013, December. Released 2014, January;Discontinued;127 x 62.9 x 9.9 mm (5.0 x 2.48 x 0.39 in);131 g (4.62 oz);Dual SIM (Mini-SIM);TFT, 256K colors;4.0 inches, 45.5 cm(~57.0% screen-to-body ratio);480 x 800 pixels, 5:3 ratio (~233 ppi density);Android 4.2 (Jelly Bean);Mediatek MT6572 (28 nm);Dual-core 1.2 GHz Cortex-A7;Mali-400;microSDHC (dedicated slot);512MB 256MB RAM;3.15 MP;LED flash;720p@30fps;1.3 MP;;Wi-Fi 802.11 a/b/g/n, dual-band, hotspot;3.0, A2DP;GPS;No;Stereo FM radio;microUSB 2.0;Accelerometer, proximity;Li-Ion 1500 mAh, removable;Up to 630 h (2G) / Up to 415 h (3G);Up to 15 h (2G) / Up to 8 h 30 min (3G);Black, Blue, Green, White, Yellow;;;;;
https://www.gsmarena.com/niu_niutek_3_5d-5990.php;https://fdn2.gsmarena.com/vv/bigpic/niu-tek-35d.jpg;NIU Niutek 3.5D;Released 2014, January;108g, 13.5mm thickness;Android 4.2;512MB 256MB RAM storage, microSDHC slot;1;N/A;70,366 hits;"3.5""";320x480 pixels;256 MB RAM;MT6572;1400 mAh Li-Ion;GSM 850 / 900 / 1800 / 1900 - SIM 1 & SIM 2;HSDPA 850 / 1900 - SIM 1 or SIM 2;HSPA 21.1/5.76 Mbps;2013, December. Released 2014, January;Discontinued;118 x 62.5 x 13.5 mm (4.65 x 2.46 x 0.53 in);108 g (3.81 oz);Dual SIM (Mini-SIM);TFT, 256K colors;3.5 inches, 36.5 cm(~49.5% screen-to-body ratio);320 x 480 pixels, 3:2 ratio (~165 ppi density);Android 4.2 (Jelly Bean);Mediatek MT6572 (28 nm);Dual-core 1.0 GHz Cortex-A7;Mali-400;microSDHC (dedicated slot);512MB 256MB RAM;2 MP;LED flash, panorama, HDR;480p@30fps;VGA;;Wi-Fi 802.11 a/b/g/n, dual-band, hotspot;3.0, A2DP;GPS;No;Stereo FM radio;microUSB 2.0;Accelerometer, proximity;Li-Ion 1400 mAh, removable;Up to 620 h (2G) / Up to 410 h (3G);Up to 15 h (2G) / Up to 8 h (3G);Black, Blue, Green, White, Yellow;;;;;
https://www.gsmarena.com/niu_go_20-5989.php;https://fdn2.gsmarena.com/vv/bigpic/niu-go-20.jpg;NIU GO 20;Released 2013, November;60g, 14mm thickness;Feature phone;32Mb 32Mb RAM storage, microSDHC slot;1;N/A;67,790 hits;"1.8""";128x160 pixels; ;;500 mAh Li-Ion;GSM 850 / 900 / 1800 / 1900 - SIM 1 & SIM 2;;;2013, November. Released 2013, November;Discontinued;101 x 43.8 x 14 mm (3.98 x 1.72 x 0.55 in);60 g (2.12 oz);Dual SIM (Mini-SIM);TFT, 65K colors;1.8 inches, 10.2 cm(~23.0% screen-to-body ratio);128 x 160 pixels (~114 ppi density);;;;;microSDHC (dedicated slot);32Mb 32Mb RAM;VGA;;;No;;No;2.1;No;No;Stereo FM radio;Proprietary;;Li-Ion 500 mAh, removable;Up to 200 h;Up to 6 h;Black, White, Silver, Purple, Blue, Red;Up to 48 kbps;No;Whatsapp messengerVideo/music playerOrganizerPredictive text input;Flashlight;
https://www.gsmarena.com/niu_niutek_3_5b-5514.php;https://fdn2.gsmarena.com/vv/bigpic/niu-tek-3.jpg;NIU Niutek 3.5B;Released 2013, July;92g without battery, 13.8mm thickness;Android 2.3;512MB 256MB RAM storage, microSDHC slot;1;N/A;84,159 hits;"3.5""";320x480 pixels;256 MB RAM;Spreadtrum SC6820;1300 mAh Li-Ion;GSM 850 / 900 / 1800 / 1900 - SIM 1 & SIM 2;;;2013, March. Released 2013, July;Discontinued;113.6 x 62 x 13.8 mm (4.47 x 2.44 x 0.54 in);92 g without battery (3.25 oz);Dual SIM (Mini-SIM);TFT;3.5 inches, 36.5 cm(~51.8% screen-to-body ratio);320 x 480 pixels, 3:2 ratio (~165 ppi density);Android 2.3 (Gingerbread);Spreadtrum SC6820;1.0 GHz Cortex-A5;Mali-400;microSDHC (dedicated slot);512MB 256MB RAM;3.15 MP;;@30fps;No;;Wi-Fi 802.11 a/b/g/n, dual-band, hotspot;3.0;A-GPS only;No;Stereo FM radio, recording;microUSB 2.0;Accelerometer;Li-Ion 1300 mAh, removable;Up to 850 h;Up to 17 h;Black, White;Up to 48 kbps;Class 10;Analog TV;;
https://www.gsmarena.com/niu_liv_10-5513.php;https://fdn2.gsmarena.com/vv/bigpic/niu-liv-10.jpg;NIU LIV 10;Released 2013, May;73g without battery, 13.3mm thickness;Feature phone;32Mb 16Mb RAM storage, microSDHC slot;0;N/A;98,249 hits;"1.8""";160x128 pixels; ;;860 mAh Li-Ion;GSM 850 / 900 / 1800 / 1900 - SIM 1 & SIM 2 & SIM 3;;;2013, March. Released 2013, May;Discontinued;102 x 58 x 13.3 mm (4.02 x 2.28 x 0.52 in);73 g without battery (2.57 oz);Triple SIM (Mini-SIM);TFT, 65K colors;1.8 inches, 10.2 cm(~17.2% screen-to-body ratio);160 x 128 pixels (~114 ppi density);;;;;microSDHC (dedicated slot);32Mb 16Mb RAM;VGA;LED flash;Yes;No;;No;2.1, A2DP;No;No;Stereo FM radio;microUSB;;Li-Ion 860 mAh, removable;Up to 660 h;Up to 7 h;Black, White, Blue, red;Up to 48 kbps;No;Whatsapp messengerVideo/music playerOrganizer;Flashlight;
https://www.gsmarena.com/niu_go_50-5512.php;https://fdn2.gsmarena.com/vv/bigpic/niu-go-50.jpg;NIU GO 50;Released 2013, June;57g without battery, 13.7mm thickness;Feature phone;32Mb 32Mb RAM storage, microSDHC slot;2;N/A;72,489 hits;"2.0""";176x220 pixels; ;;800 mAh Li-Ion;GSM 850 / 900 / 1800 / 1900 - SIM 1 & SIM 2;;;2013, March. Released 2013, June;Discontinued;108 x 46 x 13.7 mm (4.25 x 1.81 x 0.54 in);57 g without battery (2.01 oz);Dual SIM (Mini-SIM);TFT, 65K colors;2.0 inches, 12.6 cm(~25.3% screen-to-body ratio);176 x 220 pixels (~141 ppi density);;;;;microSDHC (dedicated slot);32Mb 32Mb RAM;VGA;;Yes;No;;No;2.1;No;No;Stereo FM radio;microUSB;;Li-Ion 800 mAh, removable;Up to 200 h;Up to 6 h;Blue, Black, White, Red, Silver, Dark Grey;Up to 48 kbps;No;Whatsapp messengerVideo/music playerOrganizer;Flashlight;
https://www.gsmarena.com/niu_niutek_3g_3_5_n209-5085.php;https://fdn2.gsmarena.com/vv/bigpic/niu-tek-3g-35.jpg;NIU Niutek 3G 3.5 N209;Released 2012, November;71g without battery, 12mm thickness;Android 4.0;256MB 512MB RAM storage, microSDHC slot;7;N/A;106,642 hits;"3.5""";320x480 pixels;512 MB RAM;MT6575;1200 mAh Li-Ion;GSM 850 / 900 / 1800 / 1900 - SIM 1 & SIM 2;HSDPA 850 / 1900 - SIM 1 only;HSPA 14.4/5.76 Mbps;2012, June. Released 2012, November;Discontinued;117 x 63 x 12 mm (4.61 x 2.48 x 0.47 in);71 g without battery (2.50 oz);Dual SIM (Mini-SIM);TFT;3.5 inches, 36.5 cm(~49.5% screen-to-body ratio);320 x 480 pixels, 3:2 ratio (~165 ppi density);Android 4.0 (Ice Cream Sandwich);Mediatek MT6575 (40 nm);1.0 GHz Cortex-A9;PowerVR SGX531;microSDHC (dedicated slot);256MB 512MB RAM;3.2 MP;LED flash;Yes;VGA;;Wi-Fi 802.11 b/g, hotspot;2.1;GPS;No;Stereo FM radio;microUSB;Accelerometer, proximity;Li-Ion 1200 mAh, removable;Up to 713 h (2G) / Up to 428 h (3G);Up to 15 h (2G) / Up to 6 h 30 min (3G);Black, White;;;Analog TVMP4/WMV/H.264 playerMP3/WAV/eAAC+ playerPhoto/video editorDocument viewer;;About 100 EUR
https://www.gsmarena.com/niu_niutek_3g_4_0_n309-4927.php;https://fdn2.gsmarena.com/vv/bigpic/niu-niutek-3g-4.jpg;NIU Niutek 3G 4.0 N309;Released 2012, August;71g without battery, 10.5mm thickness;Android 2.3;512MB 512MB RAM storage, microSDHC slot;8;N/A;127,667 hits;"4.0""";480x800 pixels;512 MB RAM;MT6575;1650 mAh Li-Ion;GSM 850 / 900 / 1800 / 1900 - SIM 1 & SIM 2;HSDPA 850 / 1900 - SIM 1 only;HSPA 14.4/5.76 Mbps;2012, June. Released 2012, August;Discontinued;123.5 x 65 x 10.5 mm (4.86 x 2.56 x 0.41 in);71 g without battery (2.50 oz);Dual SIM (Mini-SIM);TFT;4.0 inches, 45.5 cm(~56.7% screen-to-body ratio);480 x 800 pixels, 5:3 ratio (~233 ppi density);Android 2.3 (Gingerbread);Mediatek MT6575 (40 nm);1.0 GHz Cortex-A9;PowerVR SGX531;microSDHC (dedicated slot);512MB 512MB RAM;5 MP, AF;LED flash;Yes;VGA;;Wi-Fi 802.11 b/g, hotspot;2.1;GPS;;Stereo FM radio;microUSB;Accelerometer, proximity;Removable Li-Ion 1650 mAh battery;Up to 713 h (2G) / Up to 428 h (3G);Up to 16 h (2G) / Up to 7 h (3G);Black, White;;;MP4/WMV/H.264 playerMP3/WAV/eAAC+ playerOrganizerPhoto/video editorDocument viewerVoice memo/dialPredictive text input;;About 150 EUR
https://www.gsmarena.com/niu_pana_3g_tv_n206-4926.php;https://fdn2.gsmarena.com/vv/bigpic/niu-panna-3g-tv.jpg;NIU Pana 3G TV N206;Released 2012, September;71g without battery, 14mm thickness;Feature phone;128MB 32MB storage, microSDHC slot;9;N/A;93,764 hits;"2.0""";220x176 pixels; ;;800 mAh Li-Ion;GSM 850 / 900 / 1800 / 1900 - SIM 1 & SIM 2;HSDPA 850 / 1900 - SIM 1 only;HSPA 14.4/5.76 Mbps;2012, June. Released 2012, September;Discontinued;103.5 x 56.1 x 14 mm (4.07 x 2.21 x 0.55 in);71 g without battery (2.50 oz);Dual SIM (Mini-SIM);TFT, 256K colors;2.0 inches, 12.6 cm(~21.7% screen-to-body ratio);220 x 176 pixels (~141 ppi density);;;;;microSDHC (dedicated slot);128MB 32MB;2 MP;LED flash;Yes;VGA;;No;2.1;No;;Stereo FM radio;microUSB;;Removable Li-Ion 800 mAh battery;Up to 312 h (2G) / Up to 211 h (3G);Up to 6 h 30 min (2G) / Up to 4 h 30 min (3G);Blue, Red, Silver, White;;;Analog TVFacebook, MSN, Twitter, YahooVideo playerMusic playerOrganizerVoice memoPredictive text input;;
https://www.gsmarena.com/niu_go_80-4819.php;https://fdn2.gsmarena.com/vv/bigpic/verykool-domo2.jpg;NIU GO 80;Released 2012, Q3;90g without battery, 15.9mm thickness;Feature phone;64MB storage, microSD slot;8;N/A;103,363 hits;"1.8""";128x160 pixels; ;;1200 mAh Li-Ion;GSM 850 / 900 / 1800 / 1900 - SIM 1;;;2012, March. Released 2012, Q3;Discontinued;113 x 58 x 15.9 mm (4.45 x 2.28 x 0.63 in);90 g without battery (3.17 oz);Dual SIM (Mini-SIM);TFT, 65K colors;1.8 inches, 10.2 cm(~15.6% screen-to-body ratio);128 x 160 pixels (~114 ppi density);;;;;microSD (dedicated slot);64MB;1.3 MP;;No;No;;No;2.0;No;;Stereo FM radio;miniUSB;;Removable Li-Ion 1200 mAh battery;Up to 250 h;Up to 6 h;Black, White;Yes;No;Video PlayerMusic PlayerOrganizerCalendarCalculatorSound RecorderFacebook, MSN, Twitter, YahooRadio Antenna;Flashlight;
https://www.gsmarena.com/niu_domo_n102-4672.php;https://fdn2.gsmarena.com/vv/bigpic/niu-domo.jpg;NIU Domo N102;Released 2012, January;90g without battery, 15.9mm thickness;Feature phone;64MB 32MB storage, microSD slot;3;N/A;89,226 hits;"2.0""";128x160 pixels; ;;1000 mAh Li-Ion;GSM 850 / 900 / 1800 / 1900 - SIM 1;;;2012, January. Released 2012, January;Discontinued;123 x 58 x 15.9 mm (4.84 x 2.28 x 0.63 in);90 g without battery (3.17 oz);Dual SIM (Mini-SIM);TFT, 65K colors;2.0 inches, 12.6 cm(~17.6% screen-to-body ratio);128 x 160 pixels (~102 ppi density);;;;;microSD (dedicated slot);64MB 32MB;VGA;;No;No;;No;No;No;;"Stereo FM radio; built-in antenna";Proprietary;;Removable Li-Ion 1000 mAh battery;Up to 200 h;Up to 4 h;Black, White;No;No;Music playerOrganizer;Flashlight;About 40 EUR
https://www.gsmarena.com/niu_bingo_n103-4673.php;https://fdn2.gsmarena.com/vv/bigpic/niu-bingo.jpg;NIU Bingo N103;Released 2012, January;45g without battery, 14.5mm thickness;Feature phone;32MB 3MB storage, microSD slot;8;N/A;89,853 hits;"1.8""";128x160 pixels; ;;500 mAh Li-Ion;GSM 850 / 900 / 1800 / 1900 - SIM 1;;;2012, January. Released 2012, January;Discontinued;100 x 43.8 x 14.5 mm (3.94 x 1.72 x 0.57 in);45 g without battery (1.59 oz);Dual SIM (Mini-SIM);TFT, 65K colors;1.8 inches, 10.2 cm(~23.3% screen-to-body ratio);128 x 160 pixels (~114 ppi density);;;;;microSD (dedicated slot);32MB 3MB;No;;;;;No;No;No;;Stereo FM radio;microUSB;;Removable Li-Ion 500 mAh battery;Up to 96 h;Up to 4 h;Blue, Purple, Red, Silver, White;No;No;Music player;;
https://www.gsmarena.com/niu_lotto_n104-4674.php;https://fdn2.gsmarena.com/vv/bigpic/niu-lotto.jpg;NIU Lotto N104;Released 2012, January;55g without battery, 13.2mm thickness;Feature phone;64MB storage, microSDHC slot;7;N/A;91,786 hits;"2.0""";176x220 pixels; ;;750 mAh Li-Ion;GSM 850 / 900 / 1800 / 1900 - SIM 1;;;2012, January. Released 2012, January;Discontinued;111.5 x 47 x 13.2 mm (4.39 x 1.85 x 0.52 in);55 g without battery (1.94 oz);Dual SIM (Mini-SIM);TFT, 65K colors;2.0 inches, 12.6 cm(~24.0% screen-to-body ratio);176 x 220 pixels (~141 ppi density);;;;;microSDHC (dedicated slot);64MB;1.3 MP;;No;No;;No;2.0;No;;Stereo FM radio, recording;microUSB;;Removable Li-Ion 750 mAh battery;Up to 96 h;Up to 4 h;Blue, Purple, Red, Silver, White;Up to 48 kbps;No;Facebook, MSN, Twitter, YahooVideo PlayerMusic PlayerOrganizer;Flashlight;About 30 EUR
https://www.gsmarena.com/niu_pana_n105-4675.php;https://fdn2.gsmarena.com/vv/bigpic/niu-pana.jpg;NIU Pana N105;Released 2012, January;68g without battery, 11.8mm thickness;Feature phone;64MB storage, microSDHC slot;7;N/A;90,861 hits;"2.2""";240x320 pixels; ;;850 mAh Li-Ion;GSM 850 / 900 / 1800 / 1900 - SIM 1;;;2012, January. Released 2012, January;Discontinued;111 x 58.5 x 11.8 mm (4.37 x 2.30 x 0.46 in);68 g without battery (2.40 oz);Dual SIM (Mini-SIM);TFT, 256K colors;2.2 inches, 15.0 cm(~23.1% screen-to-body ratio);240 x 320 pixels, 4:3 ratio (~182 ppi density);;;;;microSDHC (dedicated slot);64MB;1.3 MP;;No;No;;No;2.0;No;;Stereo FM radio, recording;microUSB;;Removable Li-Ion 850 mAh battery;Up to 140 h;Up to 4 h;Blue, Red, Silver, White;Up to 48 kbps;No;Facebook, MSN, TwitterVideo PlayerMusic PlayerOrganizer;;About 40 EUR
https://www.gsmarena.com/niu_pana_tv_n106-4676.php;https://fdn2.gsmarena.com/vv/bigpic/niu-panatv.jpg;NIU Pana TV N106;Released 2012, January;70g without battery, 13.5mm thickness;Feature phone;128MB 32MB storage, microSDHC slot;7;N/A;100,027 hits;"2.0""";220x176 pixels; ;;1000 mAh Li-Ion;GSM 850 / 900 / 1800 / 1900 - SIM 1;;;2012, January. Released 2012, January;Discontinued;111 x 58.5 x 13.5 mm (4.37 x 2.30 x 0.53 in);70 g without battery (2.47 oz);Triple SIM (Mini-SIM);TFT, 256K colors;2.0 inches, 12.6 cm(~19.4% screen-to-body ratio);220 x 176 pixels (~141 ppi density);;;;;microSDHC (dedicated slot);128MB 32MB;1.3 MP;;No;No;;No;2.0;No;;Stereo FM radio, recording;microUSB;;Removable Li-Ion 1000 mAh battery;Up to 150 h;Up to 4 h;Blue, Red, Silver, White;Up to 48 kbps;No;Analog TVFacebook, MSN, TwitterVideo playerMusic playerOrganizerPredictive text input;Flashlight;
https://www.gsmarena.com/niu_niutekq_n108-4677.php;https://fdn2.gsmarena.com/vv/bigpic/niu-tekq.jpg;NIU NiutekQ N108;Released 2012, January;73g without battery, 13.7mm thickness;Android 2.2;256MB 128MB RAM storage, microSDHC slot;7;N/A;107,165 hits;"2.3""";480x320 pixels;128 MB RAM;MT6516;1000 mAh Li-Ion;GSM 850 / 900 / 1800 / 1900 - SIM 1;;;2012, January. Released 2012, January;Discontinued;107.9 x 59.4 x 13.7 mm (4.25 x 2.34 x 0.54 in);73 g without battery (2.57 oz);Dual SIM (Mini-SIM);TFT resistive touchscreen, 256K colors;2.3 inches, 15.8 cm(~24.6% screen-to-body ratio);480 x 320 pixels, 3:2 ratio (~251 ppi density);Android 2.2 (Froyo);Mediatek MT6516;416 MHz;;microSDHC (dedicated slot);256MB 128MB RAM;2 MP;LED flash;Yes;No;;Wi-Fi 802.11 b/g;2.0;GPS, A-GPS;;Stereo FM radio, recording;microUSB;Accelerometer, compass;Removable Li-Ion 1000 mAh battery;Up to 48 h;Up to 3 h;Black, White;Up to 48 kbps;No;MP4/WMV/H.264 playerMP3/WAV/eAAC+ playerOrganizerPhoto/video editorDocument viewerVoice memo/dialPredictive text input;;About 70 EUR
https://www.gsmarena.com/niu_niutek_n109-4678.php;https://fdn2.gsmarena.com/vv/bigpic/niu-tek.jpg;NIU Niutek N109;Released 2012, January;71g without battery, 13.7mm thickness;Android 2.2;256MB 128MB RAM storage, microSDHC slot;6;N/A;97,125 hits;"2.8""";320x480 pixels;128 MB RAM;MT6516;1000 mAh Li-Ion;GSM 850 / 900 / 1800 / 1900 - SIM 1;;;2012, January. Released 2012, January;Discontinued;107.8 x 58.2 x 13.7 mm (4.24 x 2.29 x 0.54 in);71 g without battery (2.50 oz);Dual SIM (Mini-SIM);TFT resistive touchscreen, 256K colors;2.8 inches, 23.3 cm(~37.2% screen-to-body ratio);320 x 480 pixels, 3:2 ratio (~206 ppi density);Android 2.2 (Froyo);Mediatek MT6516;416 MHz;;microSDHC (dedicated slot);256MB 128MB RAM;2 MP;LED flash;Yes;No;;Wi-Fi 802.11 b/g;2.0;GPS, A-GPS;;Stereo FM radio, recording;microUSB;Accelerometer, compass;Removable Li-Ion 1000 mAh battery;Up to 48 h;Up to 3 h;Black, White;Up to 48 kbps;No;MP4/WMV/H.264 playerMP3/WAV/eAAC+ playerOrganizerPhoto/video editorDocument viewerVoice memo/dialPredictive text input;;About 60 EUR
