Link;Image;Name;Release date;Weight;OS;Storage;Fans;Popularity;Hits;Screen_size;Screen_resolution;RAM;SOC;Battery;net2g;net3g;speed;year;status;dimensions;weight;sim;displaytype;displaysize;displayresolution;displayother;os;chipset;cpu;gpu;memoryslot;internalmemory;cam1modules;cam1features;cam1video;cam2modules;cam2video;wlan;bluetooth;gps;radio;usb;sensors;featuresother;batdescription1;batstandby1;battalktime1;colors;sar-eu;gprstext;edge;price;optionalother;memoryother
https://www.gsmarena.com/o2_xda_serra-2780.php;https://fdn2.gsmarena.com/vv/bigpic/o2-xda_serra.jpg;O2 XDA Serra;Released 2008, September;165g, 18.1mm thickness;Microsoft Windows Mobile 6.1 Professional;288MB RAM storage, microSD slot;12;0.1%;737,549 hits;"2.8""";480x640 pixels;288 MB RAM;MSM7201A;1340 mAh Li-Ion;GSM 850 / 900 / 1800 / 1900;HSDPA 2100;HSPA 7.2/0.384 Mbps;2008, July. Released 2008, September;Discontinued;102 x 51 x 18.1 mm (4.02 x 2.01 x 0.71 in);165 g (5.82 oz);Mini-SIM;TFT resistive touchscreen, 65K colors;2.8 inches, 24.3 cm(~46.7% screen-to-body ratio);480 x 640 pixels, 4:3 ratio (~286 ppi density);Handwriting recognition;Microsoft Windows Mobile 6.1 Professional;Qualcomm MSM7201A;528 MHz ARM 11;Adreno 130;microSD (dedicated slot);288MB RAM, 512MB ROM;3.15 MP, AF;LED flash;Yes;VGA videocall camera;;Wi-Fi 802.11 b/g;2.0, A2DP;GPS, A-GPS;Stereo FM radio, RDS;miniUSB;Accelerometer;MP3/WAV/WMA playerMP4/WMV/3gp playerPocket OfficeVoice memoPredictive text input;Removable Li-Ion 1340 mAh battery;Up to 406 h;Up to 8 h;Black;;;;;;
https://www.gsmarena.com/o2_xda_guide-2617.php;https://fdn2.gsmarena.com/vv/bigpic/o2-xda-guide.jpg;O2 XDA Guide;Released 2009, February;102g, 14.5mm thickness;Microsoft Windows Mobile 6.1 Professional;256MB RAM storage, microSD slot;9;N/A;313,271 hits;"2.8""";240x320 pixels;256 MB RAM;Snapdragon S1;1110 mAh Li-Ion;GSM 850 / 900 / 1800 / 1900;HSDPA 2100;HSPA;2008, December. Released 2009, February;Discontinued;102 x 53.5 x 14.5 mm (4.02 x 2.11 x 0.57 in);102 g (3.60 oz);Mini-SIM;TFT resistive touchscreen, 65K colors;2.8 inches, 24.3 cm(~44.5% screen-to-body ratio);240 x 320 pixels, 4:3 ratio (~143 ppi density);TouchFLO finger swipe navigationHandwriting recognition5-way navigation;Microsoft Windows Mobile 6.1 Professional;Qualcomm MSM7225 Snapdragon S1;528 MHz ARM 11;No;microSD (dedicated slot), 1 GB included;256MB RAM, 512MB ROM;3.15 MP;;CIF;No;;Wi-Fi 802.11 b/g;2.0, A2DP;"GPS, A-GPS; TomTom NAVIGATOR 7";No;miniUSB;;HTC FootprintsPocket OfficeVoice memoMP3/AAC player3GP/MP4/WMV/AVI playerPredictive text input;Removable Li-Ion 1110 mAh battery;Up to 400 h;Up to 6 h 30 min;Grey;;;;;;
https://www.gsmarena.com/o2_xda_zest-2594.php;https://fdn2.gsmarena.com/vv/bigpic/o2-xda-zest.jpg;O2 XDA Zest;Released 2008, November;102.5g, 16.5mm thickness;Microsoft Windows Mobile 6.1 Professional;128MB RAM storage, microSDHC slot;9;N/A;274,714 hits;"2.8""";480x640 pixels;128 MB RAM;;1300 mAh Li-Ion;GSM 900 / 1800 / 1900;HSDPA 2100;HSPA 3.6/0.384 Mbps;2008, October. Released 2008, November;Discontinued;102 x 60.5 x 16.5 mm (4.02 x 2.38 x 0.65 in);102.5 g (3.60 oz);Mini-SIM;TFT resistive touchscreen, 65K colors;2.8 inches, 24.3 cm(~39.3% screen-to-body ratio);480 x 640 pixels, 4:3 ratio (~286 ppi density);Handwriting recognition;Microsoft Windows Mobile 6.1 Professional;;624MHz Marvell TavorP;;microSDHC (dedicated slot);128MB RAM, 256MB ROM;3.15 MP, AF;;Yes;VGA videocall camera;;Wi-Fi 802.11 b/g;2.0, A2DP;GPS, A-GPS, SiRF Star III chipset;No;miniUSB 1.1;;SiRF star III chipsetPocket OfficeVoice memoMP3 playerPredictive text input;Removable Li-Ion 1300 mAh battery;Up to 260 h;Up to 5 h;Black;;;;;;
https://www.gsmarena.com/o2_xda_ignito-2491.php;https://fdn2.gsmarena.com/vv/bigpic/o2-xda-ignito.jpg;O2 XDA Ignito;Released 2008, August;110g, 11.5mm thickness;Microsoft Windows Mobile 6.1 Professional;4GB 192MB RAM storage, no card slot;8;N/A;426,013 hits;"2.8""";480x640 pixels;192 MB RAM;MSM7201A;900 mAh Li-Ion;GSM 900 / 1800 / 1900;HSDPA 2100;HSPA 7.2/0.384 Mbps;2008, August. Released 2008, August;Discontinued;102 x 51 x 11.5 mm (4.02 x 2.01 x 0.45 in);110 g (3.88 oz);Mini-SIM;TFT resistive touchscreen, 65K colors;2.8 inches, 24.3 cm(~46.7% screen-to-body ratio);480 x 640 pixels, 4:3 ratio (~286 ppi density);TouchFLO 3D finger swipe navigationHandwriting recognition;Microsoft Windows Mobile 6.1 Professional;Qualcomm MSM7201A;528 MHz ARM 11;Adreno 130;No;4GB 192MB RAM;3.15 MP, AF;;CIF@30fps;VGA videocall camera;;Wi-Fi 802.11 b/g;2.0, A2DP;GPS, A-GPS;Stereo FM radio, RDS;miniUSB;Accelerometer;Pocket OfficeVoice memoMP3 player;Removable Li-Ion 900 mAh battery;Up to 285 h;Up to 5 h 30 min;Black;;;;;;
https://www.gsmarena.com/o2_xda_stellar-2179.php;https://fdn2.gsmarena.com/vv/bigpic/o2-xda-stellar.jpg;O2 XDA Stellar;Cancelled;190g, 18.6mm thickness;Microsoft Windows Mobile 6.0 Professional;128MB RAM storage, microSD slot;10;N/A;420,291 hits;"2.8""";240x320 pixels;128 MB RAM;MSM7200;1350 mAh Li-Ion;GSM 850 / 900 / 1800 / 1900;HSDPA 850 / 1900 / 2100;HSPA 3.6/0.384 Mbps;2007, November;Cancelled;112 x 59 x 18.6 mm (4.41 x 2.32 x 0.73 in);190 g (6.70 oz);Mini-SIM;TFT resistive touchscreen, 65K colors;2.8 inches, 24.3 cm(~36.7% screen-to-body ratio);240 x 320 pixels, 4:3 ratio (~143 ppi density);Handwriting recognition;Microsoft Windows Mobile 6.0 Professional;Qualcomm MSM7200;400 MHz ARM 11;Adreno 130;microSD;128MB RAM, 256MB ROM;3.15 MP, AF;;Yes;VGA videocall camera;;Wi-Fi 802.11b/g;2.0;GPS, A-GPS;No;2.0;;Pocket OfficeBusiness card readerVoice memoMedia Player 10;Removable Li-Ion 1350 mAh battery;Up to 365 h;Up to 5 h;Silver;;;;;;
https://www.gsmarena.com/o2_xda_orbit_ii-2180.php;https://fdn2.gsmarena.com/vv/bigpic/o2-xda-orbit2-ofic.jpg;O2 XDA Orbit II;Released 2008, February;130g, 15.5mm thickness;Microsoft Windows Mobile 6.0 Professional;128MB RAM storage, microSD slot;12;N/A;470,132 hits;"2.8""";240x320 pixels;128 MB RAM;MSM7200;1350 mAh Li-Ion;GSM 850 / 900 / 1800 / 1900;HSDPA 2100;HSPA 3.6/0.384 Mbps;2007, November. Released 2008, February;Discontinued;110 x 58 x 15.5 mm (4.33 x 2.28 x 0.61 in);130 g (4.59 oz);Mini-SIM;TFT resistive touchscreen, 65K colors;2.8 inches, 24.3 cm(~38.1% screen-to-body ratio);240 x 320 pixels, 4:3 ratio (~143 ppi density);TouchFLO finger swipe navigationHandwriting recognition4-way navigation wheel;Microsoft Windows Mobile 6.0 Professional;Qualcomm MSM7200;400 MHz ARM 11;Adreno 130;microSD (dedicated slot), SD 2.0 compatible;128MB RAM, 256MB ROM;3.15 MP, AF;;Yes;VGA;;Wi-Fi 802.11b/g;2.0, A2DP;GPS, CoPilot Live Navigator;FM radio;miniUSB;;Pocket OfficeVoice memoMP3/AAC/AAC+/WMA/WAV/AMR-NBplayerPredictive text input;Removable Li-Ion 1350 mAh battery;Up to 400 h (2G) / Up to 450 h (3G);Up to 7 h (2G) / Up to 4 h (3G);Black;1.72 W/kg (head);;;;;
https://www.gsmarena.com/o2_xda_comet-2181.php;https://fdn2.gsmarena.com/vv/bigpic/o2-xda-comet.jpg;O2 XDA Comet;Released 2007, September;145g, 19mm thickness;Microsoft Windows Mobile 6.0 Professional;64MB RAM storage, miniSD slot;9;N/A;220,296 hits;"2.7""";240x320 pixels;64 MB RAM;;1350 mAh Li-Ion;GSM 900 / 1800 / 1900;HSDPA 1900 / 2100;HSPA;2007, September;Discontinued;106 x 58 x 19 mm (4.17 x 2.28 x 0.75 in);145 g (5.11 oz);Mini-SIM;TFT resistive touchscreen, 65K colors;2.7 inches, 22.6 cm(~36.7% screen-to-body ratio);240 x 320 pixels, 4:3 ratio (~148 ppi density);Handwriting recognition;Microsoft Windows Mobile 6.0 Professional;;Intel XScale PXA 270 620 MHz;;miniSD;64MB RAM, 1GB ROM;2 MP;LED flash;Yes;VGA videocall camera;;Wi-Fi 802.11b/g;1.2;No;Stereo FM radio, RDS;miniUSB;;Pocket OfficeVoice memoMP3/AAC player;Removable Li-Ion battery;Up to 200 h;Up to 6 h;Silver;;;;;;
https://www.gsmarena.com/o2_xda_nova-2183.php;https://fdn2.gsmarena.com/vv/bigpic/o2-xda-nova.jpg;O2 XDA Nova;Released 2007, June;120g, 14mm thickness;Microsoft Windows Mobile 6.0 Professional;128MB RAM storage, microSD slot;10;N/A;249,842 hits;"2.8""";240x320 pixels;128 MB RAM;TI OMAP 850;1350 mAh Li-Ion;GSM 900 / 1800 / 1900;;;2007, June;Discontinued;100 x 58 x 14 mm (3.94 x 2.28 x 0.55 in);120 g (4.23 oz);Mini-SIM;TFT resistive touchscreen, 65K colors;2.8 inches, 24.3 cm(~41.9% screen-to-body ratio);240 x 320 pixels, 4:3 ratio (~143 ppi density);TouchFLO finger swipe navigationHandwriting recognition5-way navigation;Microsoft Windows Mobile 6.0 Professional;TI OMAP 850;200 MHz ARM926EJ-S;;microSD (dedicated slot), 1 GB included;128MB RAM, 256MB ROM;2 MP;;Yes;No;;Wi-Fi 802.11b/g;2.0;No;No;miniUSB;;Pocket OfficeVoice memoMP3/AAC player;Removable Li-Ion battery;Up to 200 h;Up to 3 h 30 min;Soft Black, Wasabi Green;;Class 10;Yes;About 520 EUR;;
https://www.gsmarena.com/o2_xda_terra-2182.php;https://fdn2.gsmarena.com/vv/bigpic/o2-xda-terra.jpg;O2 XDA Terra;Released 2007, March;168g, 17mm thickness;Microsoft Windows Mobile 5.0 PocketPC;64MB RAM storage, microSD slot;10;N/A;166,023 hits;"2.7""";240x320 pixels;64 MB RAM;TI OMAP 850;1350 mAh Li-Ion;GSM 850 / 900 / 1800 / 1900;;;2007, March;Discontinued;109 x 59 x 17 mm (4.29 x 2.32 x 0.67 in);168 g (5.93 oz);Mini-SIM;TFT resistive touchscreen, 65K colors;2.7 inches, 42 x 57 mm, 22.6 cm(~35.1% screen-to-body ratio);240 x 320 pixels, 4:3 ratio (~148 ppi density);Handwriting recognition;Microsoft Windows Mobile 5.0 PocketPC;TI OMAP 850;200 MHz ARM926EJ-S;;microSD (dedicated slot);64MB RAM, 128MB ROM;2 MP;;QCIF;No;;Wi-Fi 802.11b/g;2.0, A2DP;No;No;1.1;;Pocket OfficeVoice memoMP3/AAC player;Removable Li-Ion battery;Up to 200 h;Up to 5 h;Black;;Class 10;Class 10;;;
https://www.gsmarena.com/o2_xda_argon-2178.php;https://fdn2.gsmarena.com/vv/bigpic/o2-xda-argon.jpg;O2 XDA Argon;Released 2007, May;200g, 18.8mm thickness;Microsoft Windows Mobile 5.0 PocketPC;128MB RAM storage, SD slot;8;N/A;200,852 hits;"3.5""";240x320 pixels;128 MB RAM;;1300 mAh Li-Ion;GSM 900 / 1800 / 1900;;;2007, May;Discontinued;130 x 70 x 18.8 mm (5.12 x 2.76 x 0.74 in);200 g (7.05 oz);Mini-SIM;TFT resistive touchscreen, 65K colors;3.5 inches, 37.9 cm(~41.7% screen-to-body ratio);240 x 320 pixels, 4:3 ratio (~114 ppi density);Handwriting recognition5-way navigation;Microsoft Windows Mobile 5.0 PocketPC;;32-bit Samsung SC3 2442 400 MHz;;SD;128MB RAM, 256MB ROM;2 MP;;Yes;No;;Wi-Fi 802.11b/g;2.0;No;No;miniUSB;;Pocket OfficeVoice memoMP3/AAC player;Removable Li-Ion 1300 mAh battery;Up to 200 h;Up to 4 h;Silver;;Class 10;No;;;
https://www.gsmarena.com/o2_xda_star-2137.php;https://fdn2.gsmarena.com/vv/bigpic/o2-xda-star.gif;O2 XDA Star;Cancelled;120g, 15.8mm thickness;Microsoft Windows Mobile 6.0 Professional;96MB RAM storage, microSD slot;7;N/A;209,240 hits;"2.6""";240x320 pixels;96 MB RAM;MSM7200;1120 mAh Li-Ion;GSM 850 / 900 / 1800 / 1900;HSDPA 2100;HSPA 3.6/0.384 Mbps;2007, October;Cancelled;107 x 55 x 15.8 mm (4.21 x 2.17 x 0.62 in);120 g (4.23 oz);Mini-SIM;TFT resistive touchscreen, 65K colors;2.6 inches, 20.9 cm(~35.6% screen-to-body ratio);240 x 320 pixels, 4:3 ratio (~154 ppi density);TouchFLO finger swipe navigationHandwriting recognition;Microsoft Windows Mobile 6.0 Professional;Qualcomm MSM7200;400 MHz ARM 11;Adreno 130;microSD;96MB RAM, 128MB ROM;2 MP;;Yes;CIF videocall camera;;No;2.0;No;No;miniUSB;;Pocket OfficeVoice memoMP3/AAC player;Removable Li-Ion 1120 mAh battery;Up to 250 h;Up to 5 h;Black;;;;;;
https://www.gsmarena.com/o2_cocoon-2002.php;https://fdn2.gsmarena.com/vv/bigpic/o2-cocoon.gif;O2 Cocoon;Released 2007, June;114g, 21mm thickness;Feature phone;2GB storage, microSD slot;13;N/A;555,356 hits;"2.28""";240x320 pixels; ;;920 mAh Li-Ion;GSM 850 / 900 / 1800 / 1900;HSDPA 2100;Yes, 384 kbps;2007, June;Discontinued;94 x 49 x 21 mm (3.70 x 1.93 x 0.83 in);114 g (4.02 oz);Mini-SIM;TFT, 256K colors;2.28 inches, 16.1 cm(~35.0% screen-to-body ratio);240 x 320 pixels, 4:3 ratio (~175 ppi density);Hidden LED display on front shell;;;;;microSD (dedicated slot);2GB;2 MP, AF;LED flash;Yes;Videocall camera;;No;2.0, A2DP;No;Stereo FM radio, RDS;2.0;;MP3/AAC/AAC+ playerPredictive text inputOrganizer;Removable Li-Ion battery;Up to 350 h;Up to 5 h;White;;;;;;
https://www.gsmarena.com/o2_xda_flame-1981.php;https://fdn2.gsmarena.com/vv/bigpic/o2-xda-flame.gif;O2 XDA Flame;Released 2007, February;190g, 17.5mm thickness;Microsoft Windows Mobile 5.0 PocketPC;128MB RAM storage, microSD slot;10;N/A;535,374 hits;"3.6""";480x640 pixels;128 MB RAM;;1620 mAh Li-Po;GSM 900 / 1800 / 1900;UMTS 2100;Yes, 384 kbps;2007, February;Discontinued;126 x 74 x 17.5 mm (4.96 x 2.91 x 0.69 in);190 g (6.70 oz);Mini-SIM;TFT resistive touchscreen, 256K colors (65K effective);3.6 inches, 40.1 cm(~43.0% screen-to-body ratio);480 x 640 pixels, 4:3 ratio (~222 ppi density);Handwriting recognition;Microsoft Windows Mobile 5.0 PocketPC;;Intel XScale PXA 270 520 MHz;;microSD (dedicated slot);128MB RAM, 2GB ROM;2 MP, AF;LED flash;Yes;VGA videocall camera;;Wi-Fi 802.11b/g;2.0;No;Stereo FM radio, RDS;miniUSB, OTG;;Pocket OfficeVoice memoMP3/AAC playerTV-out;Removable Li-Po 1620 mAh battery;Up to 200 h;Up to 6 h;Silver;;;;About 280 EUR;;
https://www.gsmarena.com/o2_xda_atom_life-1834.php;https://fdn2.gsmarena.com/vv/bigpic/o2-xda-atom-life.gif;O2 XDA Atom Life;Released 2007, January;145g, 18mm thickness;Microsoft Windows Mobile 5.0 PocketPC;64MB RAM storage, miniSD slot;12;N/A;831,014 hits;"2.7""";240x320 pixels;64 MB RAM;;1530 mAh Li-Po;GSM 900 / 1800 / 1900;HSDPA 1900 / 2100;HSPA;2007, January;Discontinued;106 x 58 x 18 mm (4.17 x 2.28 x 0.71 in);145 g (5.11 oz);Mini-SIM;TFT resistive touchscreen, 256K colors (65K effective);2.7 inches, 22.6 cm(~36.7% screen-to-body ratio);240 x 320 pixels, 4:3 ratio (~148 ppi density);Handwriting recognition;Microsoft Windows Mobile 5.0 PocketPC;;Intel XScale PXA 270 620 MHz;;miniSD;64MB RAM, 1GB ROM;2 MP;LED flash;Yes;VGA videocall camera;;Wi-Fi 802.11b/g;1.2;No;Stereo FM radio, RDS;miniUSB;;Pocket OfficeVoice memoMP3/AAC player;Removable Li-Po 1530 mAh battery;Up to 200 h;Up to 4 h;Silver;;;;About 250 EUR;;
https://www.gsmarena.com/o2_xda_zinc-1819.php;https://fdn2.gsmarena.com/vv/bigpic/o2-xda-zinc.gif;O2 XDA Zinc;Released 2006, December;175g, 22.6mm thickness;Microsoft Windows Mobile 5.0 PocketPC;64MB RAM storage, miniSD slot;12;N/A;579,526 hits;"2.8""";240x320 pixels;64 MB RAM;;1300 mAh Li-Ion;GSM 900 / 1800 / 1900;UMTS 2100;Yes, 384 kbps;2006, December;Discontinued;109 x 58 x 22.6 mm (4.29 x 2.28 x 0.89 in);175 g (6.17 oz);Mini-SIM;TFT resistive touchscreen, 65K colors;2.8 inches, 24.3 cm(~38.4% screen-to-body ratio);240 x 320 pixels, 4:3 ratio (~143 ppi density);Handwriting recognition;Microsoft Windows Mobile 5.0 PocketPC;;Intel XScale PXA 270 520 MHz;;miniSD;64MB RAM, 128MB ROM;2 MP;LED flash;Yes;VGA videocall camera;;Wi-Fi 802.11b/g;Yes;No;No;miniUSB;;Pocket OfficeVoice memoMP3/AAC player;Removable Li-Ion 1300 mAh battery;Up to 220 h;Up to 5 h;Silver;;;;About 240 EUR;;
https://www.gsmarena.com/o2_xda_graphite-1818.php;https://fdn2.gsmarena.com/vv/bigpic/o2-xda-graphite.gif;O2 XDA Graphite;Released 2006, December;105g, 18mm thickness;Microsoft Windows Mobile 5.0 Smartphone;64MB RAM storage, microSD slot;10;N/A;305,894 hits;"2.2""";240x320 pixels;64 MB RAM;;1100 mAh Li-Ion;GSM 900 / 1800 / 1900;UMTS 2100;Yes, 384 kbps;2006, December;Discontinued;109.5 x 46.9 x 18 mm (4.31 x 1.85 x 0.71 in);105 g (3.70 oz);Mini-SIM;TFT, 65K colors;2.2 inches, 15.0 cm(~29.2% screen-to-body ratio);240 x 320 pixels, 4:3 ratio (~182 ppi density);;Microsoft Windows Mobile 5.0 Smartphone;;Intel XScale PXA 270 416 MHz;;microSD (dedicated slot);64MB RAM, 128MB ROM;2 MP;LED flash;Yes;VGA videocall camera;;Wi-Fi 802.11b/g;1.2;No;No;miniUSB;;Video telephonyMP3/WMA/WAV/AMR-NB/AAC playerPredictive text inputOrganizerVoice memo;Removable Li-Ion 1100 mAh battery;Up to 200 h;Up to 4 h;;;;;About 290 EUR;;
https://www.gsmarena.com/o2_xda_orbit-1714.php;https://fdn2.gsmarena.com/vv/bigpic/o2-xda-orbit.gif;O2 XDA Orbit;Released 2006, September;129g, 16.8mm thickness;Microsoft Windows Mobile 5.0 PocketPC;64MB RAM storage, microSD slot;11;N/A;785,052 hits;"2.8""";240x320 pixels;64 MB RAM;TI OMAP 850;1000 mAh Li-Ion;GSM 850 / 900 / 1800 / 1900;;;2006, September;Discontinued;108 x 58 x 16.8 mm (4.25 x 2.28 x 0.66 in);129 g (4.55 oz);Mini-SIM;TFT resistive touchscreen, 65K colors;2.8 inches, 24.3 cm(~38.8% screen-to-body ratio);240 x 320 pixels, 4:3 ratio (~143 ppi density);Handwriting recognition;Microsoft Windows Mobile 5.0 PocketPC;TI OMAP 850;200 MHz ARM926EJ-S;;microSD (dedicated slot);64MB RAM, 128MB ROM;2 MP;;QCIF;No;;Wi-Fi 802.11b/g;2.0;GPS, CoPilot Live Navigator;FM radio;Proprietary;;Pocket OfficeVoice memoMP3/AAC player;Removable Li-Ion battery;Up to 200 h;Up to 5 h;Silver, Black;;Class 10;Class 10;;;
https://www.gsmarena.com/o2_cosmo-1713.php;https://fdn2.gsmarena.com/vv/bigpic/o2-xda-cosmo.gif;O2 Cosmo;Released 2006, September;130g, 13mm thickness;Microsoft Windows Mobile 5.0 Smartphone;64MB RAM storage, microSD slot;11;N/A;315,119 hits;"2.4""";240x320 pixels;64 MB RAM;TI OMAP 850;1000 mAh Li-Ion;GSM 850 / 900 / 1800 / 1900;;;2006, September;Discontinued;111 x 62 x 13 mm (4.37 x 2.44 x 0.51 in);130 g (4.59 oz);Mini-SIM;TFT, 65K colors;2.4 inches, 50 x 37 mm, 17.8 cm(~25.9% screen-to-body ratio);240 x 320 pixels, 4:3 ratio (~167 ppi density);HTC JOGGR touch-sensitive navigation bar;Microsoft Windows Mobile 5.0 Smartphone;TI OMAP 850;200 MHz ARM926EJ-S;;microSD (dedicated slot);64MB RAM, 128MB ROM;1.3 MP;;Yes;No;;Wi-Fi 802.11b;2.0;No;No;miniUSB;;MP3/AAC playerPocket OfficePredictive text inputOrganizer;Removable Li-Ion battery;Up to 200 h;Up to 4 h;;;Class 10;Class 10;;;
https://www.gsmarena.com/o2_xda_stealth-1709.php;https://fdn2.gsmarena.com/vv/bigpic/o2-xda-stealth.gif;O2 XDA Stealth;Released 2006, September;140g, 22.5mm thickness;Microsoft Windows Mobile 5.0 PocketPC;64MB RAM storage, miniSD slot;10;N/A;633,252 hits;"2.4""";240x320 pixels;64 MB RAM;;1300 mAh Li-Po;GSM 900 / 1800 / 1900;;;2006, September;Discontinued;110 x 53 x 22.5 mm (4.33 x 2.09 x 0.89 in);140 g (4.94 oz);Mini-SIM;TFT resistive touchscreen, 65K colors;2.4 inches, 17.8 cm(~30.6% screen-to-body ratio);240 x 320 pixels, 4:3 ratio (~167 ppi density);Handwriting recognition;Microsoft Windows Mobile 5.0 PocketPC;;Intel XScale PXA 272 416 MHz;;miniSD;64MB RAM, 192MB ROM;2 MP, AF;LED flash;Yes;No;;Wi-Fi 802.11b/g;1.2;No;No;miniUSB;;Pocket OfficeMP3/AAC/AAC+/WMA/OGG/AMR playerWMV/MP4 playerPredictive text inputVoice dial;Removable Li-Po 1300 mAh battery;Up to 150 h;Up to 4 h 30 min;Silver;;Class 10;No;About 250 EUR;;
https://www.gsmarena.com/o2_jet-1735.php;https://fdn2.gsmarena.com/vv/bigpic/o2-jet.gif;O2 Jet;Released 2006, October;121g, 20mm thickness;Feature phone;56MB storage, no card slot;8;N/A;211,878 hits;"2.0""";176x220 pixels; ;;700 mAh Li-Ion;GSM 850 / 900 / 1800 / 1900;;;2006, October;Discontinued;117 x 47 x 20 mm (4.61 x 1.85 x 0.79 in);121 g (4.27 oz);Mini-SIM;TFT, 65K colors;2.0 inches, 12.6 cm(~22.9% screen-to-body ratio);176 x 220 pixels (~141 ppi density);;;;;;No;56MB;No;;;;;No;2.0;No;No;miniUSB;;Predictive text inputOrganizerStopwatch;Removable Li-Ion battery;Up to 540 h;Up to 9 h 50 min;Black;;Yes;No;;;
https://www.gsmarena.com/o2_ice-1706.php;https://fdn2.gsmarena.com/vv/bigpic/o2-ice.gif;O2 Ice;Released 2006, August;92g, 14mm thickness;Feature phone;32MB storage, microSD slot;8;N/A;318,817 hits;"2.0""";176x220 pixels; ;;970 mAh Li-Ion;GSM 900 / 1800 / 1900;UMTS 2100;Yes, 384 kbps;2006, August;Discontinued;118 x 44 x 14 mm (4.65 x 1.73 x 0.55 in);92 g (3.25 oz);Mini-SIM;TFT, 256K colors;2.0 inches, 12.6 cm(~24.2% screen-to-body ratio);176 x 220 pixels (~141 ppi density);;;;;;microSD (dedicated slot);32MB;1.3 MP;;Yes;VGA videocall camera;;No;Yes;No;No;Proprietary;;MP3 playerPredictive text inputOrganizerStopwatch;Removable Li-Ion battery;Up to 312 h;Up to 6 h;White;;;;About 160 EUR;;
https://www.gsmarena.com/o2_xda_atom_exec-1625.php;https://fdn2.gsmarena.com/vv/bigpic/o2-xda-atom-exec.gif;O2 XDA Atom Exec;Released 2006, June;140g, 18.5mm thickness;Microsoft Windows Mobile 5.0 PocketPC;64MB RAM storage, miniSD slot;12;N/A;878,114 hits;"2.7""";240x320 pixels;64 MB RAM;;1530 mAh Li-Po;GSM 900 / 1800 / 1900;;;2006, June;Discontinued;102 x 58 x 18.5 mm (4.02 x 2.28 x 0.73 in);140 g (4.94 oz);Mini-SIM;TFT resistive touchscreen, 256K colors (65K effective);2.7 inches, 22.6 cm(~38.2% screen-to-body ratio);240 x 320 pixels, 4:3 ratio (~148 ppi density);Handwriting recognition;Microsoft Windows Mobile 5.0 PocketPC;;Intel XScale PXA 27x 520MHz;;miniSD;64MB RAM, 192MB ROM;2 MP;LED flash;Yes;No;;Wi-Fi 802.11b;1.2;No;FM radio;miniUSB;;Pocket OfficeMP3/AAC/AAC+/WMA/OGG/AMR playerWMV/MP4 player;Removable Li-Po 1530 mAh battery;;;Silver;;Class 10;Class 10;About 310 EUR;;
https://www.gsmarena.com/o2_xda_trion-1572.php;https://fdn2.gsmarena.com/vv/bigpic/o2-xda-trion.gif;O2 XDA Trion;Released 2006, May;160g, 22mm thickness;Microsoft Windows Mobile 5.0 PocketPC;64MB RAM storage, microSD slot;12;N/A;689,045 hits;"2.8""";240x320 pixels;64 MB RAM;;1350 mAh Li-Ion;GSM 850 / 900 / 1800 / 1900;UMTS 850 / 1900 / 2100;Yes, 384 kbps;2006, May;Discontinued;113 x 58 x 22 mm (4.45 x 2.28 x 0.87 in);160 g (5.64 oz);Mini-SIM;TFT resistive touchscreen, 65K colors;2.8 inches, 42 x 57 mm, 24.3 cm(~37.0% screen-to-body ratio);240 x 320 pixels, 4:3 ratio (~143 ppi density);Handwriting recognition;Microsoft Windows Mobile 5.0 PocketPC;;400 MHz Samsung;;microSD (dedicated slot);64MB RAM, 128MB ROM;2 MP;LED flash;Yes;QCIF videocall camera;;Wi-Fi 802.11b/g;2.0;No;No;Proprietary;;Pocket OfficeVoice memoMP3/AAC player;Removable Li-Ion 1350 mAh battery;Up to 300 h;Up to 5 h;Silver;;;;About 360 EUR;;
https://www.gsmarena.com/o2_xda_neo-1522.php;https://fdn2.gsmarena.com/vv/bigpic/o2-xda-neo.gif;O2 XDA Neo;Released 2006, February;150g, 18.4mm thickness;Microsoft Windows Mobile 5.0 PocketPC;64MB RAM storage, SD/MMC slot;11;N/A;574,129 hits;"2.8""";240x320 pixels;64 MB RAM;TI OMAP 850;1200 mAh Li-Ion;GSM 850 / 900 / 1800 / 1900;;;2006, February;Discontinued;108.8 x 59.3 x 18.4 mm (4.28 x 2.33 x 0.72 in);150 g (5.29 oz);Mini-SIM;TFT resistive touchscreen, 65K colors;2.8 inches, 42 x 57 mm, 24.3 cm(~37.6% screen-to-body ratio);240 x 320 pixels, 4:3 ratio (~143 ppi density);Handwriting recognition;Microsoft Windows Mobile 5.0 PocketPC;TI OMAP 850;200 MHz ARM926EJ-S;;SD/MMC;64MB RAM, 128MB ROM;2 MP;;CIF;No;;Wi-Fi 802.11b/g;2.0;No;No;miniUSB;;Pocket OfficeVoice memoMP3/AAC player;Removable Li-Ion 1200 mAh battery;Up to 200 h;Up to 5 h;Stylish black;;Class 10;Class 10;About 300 EUR;;
https://www.gsmarena.com/o2_xda_atom-1372.php;https://fdn2.gsmarena.com/vv/bigpic/o2-xda-atom.gif;O2 XDA Atom;Released 2005, November;140g, 18.5mm thickness;Microsoft Windows Mobile 5.0 PocketPC;64MB RAM storage, miniSD slot;13;N/A;1,202,260 hits;"2.7""";240x320 pixels;64 MB RAM;;1530 mAh Li-Po;GSM 900 / 1800 / 1900;;;2005, November;Discontinued;102 x 58 x 18.5 mm (4.02 x 2.28 x 0.73 in);140 g (4.94 oz);Mini-SIM;TFT resistive touchscreen, 256K colors (65K effective);2.7 inches, 22.6 cm(~38.2% screen-to-body ratio);240 x 320 pixels, 4:3 ratio (~148 ppi density);Handwriting recognition;Microsoft Windows Mobile 5.0 PocketPC;;Intel PXA272 416 MHz;;miniSD;64MB RAM, 128MB ROM;2 MP;LED flash;Yes;No;;Wi-Fi 802.11b;1.2;No;FM radio;miniUSB;;Pocket OfficeMP3/AAC/AAC+/WMA/OGG/AMR playerWMV/MP4 player;Removable Li-Po 1530 mAh battery;Up to 150 h;Up to 5 h 30 min;Silver;;Class 10;Class 10;About 260 EUR;;
https://www.gsmarena.com/o2_xda_orion-1373.php;https://fdn2.gsmarena.com/vv/bigpic/o2-xda-orion.gif;O2 XDA Orion;Released 2005, October;106g, 17.5mm thickness;Microsoft Windows Mobile 5.0 Smartphone;64MB RAM storage, MiniSD slot;10;N/A;252,635 hits;"2.2""";240x320 pixels;64 MB RAM;TI OMAP 850;1150 mAh Li-Po;GSM 850 / 900 / 1800 / 1900;;;2005, October;Discontinued;107.5 x 46 x 17.5 mm (4.23 x 1.81 x 0.69 in);106 g (3.74 oz);Mini-SIM;TFT, 65K colors;2.2 inches, 34 x 45 mm, 15.0 cm(~30.3% screen-to-body ratio);240 x 320 pixels, 4:3 ratio (~182 ppi density);5-way navigation button;Microsoft Windows Mobile 5.0 Smartphone;TI OMAP 850;200 MHz ARM926EJ-S;;MiniSD;64MB RAM, 64MB ROM;1.3 MP;;Yes;No;;Wi-Fi 802.11b;1.2;No;No;miniUSB;;MP3/AAC playerPredictive text inputOrganizerVoice memo;Removable Li-Po 1150 mAh battery;Up to 150 h;Up to 4 h;;;Class 10;Class 10;;;
https://www.gsmarena.com/o2_xda_exec-1279.php;https://fdn2.gsmarena.com/vv/bigpic/o2-xda-exec.gif;O2 XDA Exec;Released 2005, August;285g, 25mm thickness;Microsoft Windows Mobile 5.0 PocketPC;64MB RAM storage, SDIO/MMC slot;11;N/A;1,128,252 hits;"3.6""";640x480 pixels;64 MB RAM;;1620 mAh Li-Ion;GSM 900 / 1800 / 1900;UMTS 2100;Yes, 384 kbps;2005, August;Discontinued;127 x 81 x 25 mm (5.0 x 3.19 x 0.98 in);285 g (10.05 oz);Mini-SIM;TFT resistive touchscreen, 65K colors;3.6 inches, 73 x 55 mm, 40.1 cm(~39.0% screen-to-body ratio);640 x 480 pixels, 4:3 ratio (~222 ppi density);Handwriting recognition;Microsoft Windows Mobile 5.0 PocketPC;;Intel Bulverde 520 MHz;;SDIO/MMC;64MB RAM, 128MB ROM;1.3 MP;;Yes;VGA videocall camera;;Wi-Fi 802.11b;1.2;No;No;miniUSB;;Pocket OfficeVoice memoMP3/AAC player;Removable Li-Ion 1620 mAh battery;Up to 250 h;Up to 8 h;Stylish black;;;;About 300 EUR;Dual speakers;
https://www.gsmarena.com/o2_xda_mini_s-1274.php;https://fdn2.gsmarena.com/vv/bigpic/o2-xdamini-s.gif;O2 XDA mini S;Released 2005, Q3;160g, 23mm thickness;Microsoft Windows Mobile 5.0 PocketPC;64MB RAM storage, miniSD slot;12;N/A;842,253 hits;"2.8""";240x320 pixels;64 MB RAM;TI OMAP 850;1200 mAh Li-Po;GSM 850 / 900 / 1800 / 1900;;;2005, Q3;Discontinued;108 x 58 x 23 mm (4.25 x 2.28 x 0.91 in);160 g (5.64 oz);Mini-SIM;TFT resistive touchscreen, 65K colors;2.8 inches, 42 x 57 mm, 24.3 cm(~38.8% screen-to-body ratio);240 x 320 pixels, 4:3 ratio (~143 ppi density);;Microsoft Windows Mobile 5.0 PocketPC;TI OMAP 850;200 MHz ARM926EJ-S;;miniSD, up to 2 GB;64MB RAM, 128MB ROM;1.3 MP;LED flash;Yes;No;;Wi-Fi 802.11b/g;2.0;No;No;miniUSB;;Microsoft ActiveSyncPocket OfficeMP3/AAC playerPredictive text input;Removable Li-Po 1200 mAh battery;Up to 200 h;Up to 5 h;Silver;;Class 10;Yes;;;
https://www.gsmarena.com/o2_x2i-1350.php;https://fdn2.gsmarena.com/vv/bigpic/o2-x2i.gif;O2 X2i;Released 2005, Q4;95g, 22mm thickness;Feature phone;No card slot;7;N/A;152,367 hits;;128x128 pixels; ;;1100 mAh Li-Ion;GSM 900 / 1800 / 1900;;;2005, Q4;Discontinued;89 x 44 x 22 mm (3.50 x 1.73 x 0.87 in);95 g (3.35 oz);Mini-SIM;TFT, 65K colors;;128 x 128 pixels, 1:1 ratio;Second external OLED display;;;;;No;;VGA;;No;No;;No;Yes;No;No;Proprietary;;Predictive text inputOrganizer;Removable Li-Ion battery;Up to 237 h;Up to 5 h;Black;;Class 10;No;;;
https://www.gsmarena.com/o2_x7-1275.php;https://fdn2.gsmarena.com/vv/bigpic/o2-x7.gif;O2 X7;Released 2005, September;83g, 21mm thickness;Feature phone;7MB storage, no card slot;8;N/A;172,525 hits;;128x160 pixels; ;;730 mAh Li-Ion;GSM 900 / 1800 / 1900;;;2005, September;Discontinued;85 x 41 x 21 mm (3.35 x 1.61 x 0.83 in);83 g (2.93 oz);Mini-SIM;TFT, 256K colors;;128 x 160 pixels;Wallpapers;;;;;No;7MB;1.3 MP;LED flash;Yes;No;;No;No;No;No;;;Predictive text inputOrganizerStopwatch;Removable Li-Ion 730 mAh battery;Up to 170 h;Up to 4 h;Blue;;Class 10;No;;;
https://www.gsmarena.com/o2_xda_phone-1276.php;https://fdn2.gsmarena.com/vv/bigpic/o2-xda-phone.gif;O2 XDA phone;Released 2005, September;105g, 17.5mm thickness;Microsoft Windows Mobile 5.0 Smartphone;64MB RAM storage, miniSD slot;8;N/A;204,091 hits;"2.2""";240x320 pixels;64 MB RAM;TI OMAP 850;1150 mAh Li-Po;GSM 850 / 900 / 1800 / 1900;;;2005, September;Discontinued;107 x 46 x 17.5 mm (4.21 x 1.81 x 0.69 in);105 g (3.70 oz);Mini-SIM;TFT, 65K colors;2.2 inches, 33 x 45 mm, 15.0 cm(~30.5% screen-to-body ratio);240 x 320 pixels, 4:3 ratio (~182 ppi density);;Microsoft Windows Mobile 5.0 Smartphone;TI OMAP 850;200 MHz ARM926EJ-S;;miniSD;64MB RAM, 64MB ROM;1.3 MP;;Yes;No;;No;1.2;No;No;Proprietary;;Microsoft ActiveSyncMP3/AAC playerPredictive text input;Removable Li-Po 1150 mAh battery;Up to 250 h;Up to 5 h;Silver;;Class 10;No;;;
https://www.gsmarena.com/o2_xphone_iim-1179.php;https://fdn2.gsmarena.com/vv/bigpic/o2-xphoneIIm.gif;O2 Xphone IIm;Released 2005, Q1;106g, 19mm thickness;Microsoft Smartphone 2003 SE;32MB storage, MiniSD slot;9;N/A;256,361 hits;"2.2""";176x220 pixels; ;TI OMAP 730;1050 mAh Li-Ion;GSM 900 / 1800 / 1900;;;2005, Q1;Discontinued;107 x 47 x 19 mm (4.21 x 1.85 x 0.75 in);106 g (3.74 oz);Mini-SIM;TFT, 65K colors;2.2 inches, 35 x 44 mm, 15.2 cm(~30.3% screen-to-body ratio);176 x 220 pixels (~128 ppi density);5-way navigation button3-color LED indicatorDownloadable logos;Microsoft Smartphone 2003 SE;TI OMAP 730;200 MHz ARM926EJ-S;;MiniSD;32MB;VGA;;Yes;No;;No;1.1;No;No;Proprietary;;MP3/AAC playerPredictive text inputOrganizer;Removable Li-Ion 1050 mAh battery;Up to 140 h;Up to 4 h;Stylish black and silver;;Class 10;No;;;
https://www.gsmarena.com/o2_x1b-1221.php;https://fdn2.gsmarena.com/vv/bigpic/o2-x1b.gif;O2 X1b;Released 2005, Q2;86g, 18mm thickness;Feature phone;16MB storage, no card slot;7;N/A;147,784 hits;;128x128 pixels; ;;780 mAh Li-Ion;GSM 900 / 1800 / 1900;;;2005, Q2;Discontinued;102 x 44 x 18 mm (4.02 x 1.73 x 0.71 in);86 g (3.03 oz);Mini-SIM;TFT, 65K colors;;128 x 128 pixels, 1:1 ratio;5-way navigation key;;;;;No;16MB;CIF;;No;No;;No;Yes;No;No;;;Predictive text inputOrganizer;Removable Li-Ion battery;Up to 200 h;Up to 3 h;;;Yes;No;;;
https://www.gsmarena.com/o2_xm-1156.php;https://fdn2.gsmarena.com/vv/bigpic/o2-xm.gif;O2 XM;Released 2005, Q2;91g, 23.5mm thickness;Feature phone;13.8MB storage, MMC/SDIO slot;8;N/A;174,675 hits;;176x220 pixels; ;;760 mAh Li-Ion;GSM 900 / 1800 / 1900;;;2005, Q2;Discontinued;89 x 47 x 23.5 mm (3.50 x 1.85 x 0.93 in);91 g (3.21 oz);Mini-SIM;TFT, 256K colors;;176 x 220 pixels;Second external color display;;;;;MMC/SDIO;13.8MB;1.3 MP;;Yes;No;;No;No;No;No;;;MP3 playerPredictive text input;Removable Li-Ion battery;Up to 200 h;Up to 4 h;;;Class 10;No;;;
https://www.gsmarena.com/o2_x4-1092.php;https://fdn2.gsmarena.com/vv/bigpic/o2x4.gif;O2 X4;Released 2004, Q4;116g, 24mm thickness;Feature phone;miniSD slot;8;N/A;184,982 hits;;176x220 pixels; ;;750 mAh Li-Ion;GSM 900 / 1800;UMTS 2100;Yes, 384 kbps;2004, Q4;Discontinued;89.9 x 45.1 x 24 mm (3.54 x 1.78 x 0.94 in);116 g (4.09 oz);Mini-SIM;TFT, 256K colors;;176 x 220 pixels;Second external 4096 colors displayDownloadable pictures;;;;;miniSD, 32 MB included;;1.3 MP;LED flash;Yes;No;;No;No;No;No;Proprietary;;MP3 playerPredictive text inputOrganizerStopwatch;Removable Li-Ion battery;Up to 180 h;Up to 3 h;;;;;;;
https://www.gsmarena.com/o2_xda_ii_mini-944.php;https://fdn2.gsmarena.com/vv/bigpic/o2xda2sm.gif;O2 XDA II mini;Released 2004, Q4;150g, 18mm thickness;Microsoft Windows Mobile 2003 SE PocketPC;64MB RAM storage, MMC/SDIO slot;9;N/A;1,100,082 hits;"2.8""";240x320 pixels;64 MB RAM;;1200 mAh Li-Ion;GSM 900 / 1800 / 1900;;;2004, Q4;Discontinued;108 x 58 x 18 mm (4.25 x 2.28 x 0.71 in);150 g (5.29 oz);Mini-SIM;TFT resistive touchscreen, 65K colors;2.8 inches, 42 x 57 mm, 24.3 cm(~38.8% screen-to-body ratio);240 x 320 pixels, 4:3 ratio (~143 ppi density);Handwriting recognition;Microsoft Windows Mobile 2003 SE PocketPC;;Intel PXA272 416 MHz;;MMC/SDIO;64MB RAM, 64MB ROM;1.3 MP;;Yes;No;;No;Yes;No;No;Proprietary;;Pocket OfficeVoice memoMP3/AAC player;Removable Li-Ion 1200 mAh battery;Up to 180 h;Up to 5 h;Stylish black, silver;;Class 10;No;;;
https://www.gsmarena.com/o2_xda_iis-933.php;https://fdn2.gsmarena.com/vv/bigpic/o2xda2s.gif;O2 XDA IIs;Released 2004, Q4;210g, 19mm thickness;Microsoft Windows Mobile 2003 SE PocketPC;128MB RAM storage, MMC/SDIO slot;9;N/A;759,723 hits;"3.5""";240x320 pixels;128 MB RAM;;1490 mAh Li-Po;GSM 850 / 900 / 1800 / 1900;;;2004, Q4;Discontinued;125 x 71 x 19 mm (4.92 x 2.80 x 0.75 in);210 g (7.41 oz);Mini-SIM;TFT resistive touchscreen, 65K colors;3.5 inches, 53 x 71 mm, 37.9 cm(~42.7% screen-to-body ratio);240 x 320 pixels, 4:3 ratio (~114 ppi density);Handwriting recognition;Microsoft Windows Mobile 2003 SE PocketPC;;Intel XScale PXA263 400 MHz;;MMC/SDIO;128MB RAM, 96MB ROM;VGA;;Yes;No;;Wi-Fi 802.11b;Yes;No;No;Proprietary;;Pocket OfficeMP3/MP4 playerVoice memo;Removable Li-Po 1490 mAh battery;Up to 168 h;Up to 4 h;;;Class 10;No;;;44 MB ROM available
https://www.gsmarena.com/o2_xda_iii-999.php;https://fdn2.gsmarena.com/vv/bigpic/o2xda2i.gif;O2 XDA IIi;Released 2004, Q4;190g, 19mm thickness;Microsoft Windows Mobile 2003 SE PocketPC;128MB RAM storage, MMC/SDIO slot;10;N/A;558,793 hits;"3.5""";240x320 pixels;128 MB RAM;;1200 mAh Li-Po;GSM 900 / 1800 / 1900;;;2004, Q4;Discontinued;130 x 70 x 19 mm (5.12 x 2.76 x 0.75 in);190 g (6.70 oz);Mini-SIM;TFT resistive touchscreen, 65K colors;3.5 inches, 53 x 71 mm, 37.9 cm(~41.7% screen-to-body ratio);240 x 320 pixels, 4:3 ratio (~114 ppi density);Handwriting recognition;Microsoft Windows Mobile 2003 SE PocketPC;;Intel Xscale PXA272 520 MHz;;MMC/SDIO;128MB RAM, 96MB ROM;1.3 MP;;Yes;No;;Wi-Fi 802.11b;Yes;No;No;Proprietary;;Pocket OfficeMP3/MP4 playerPDF, PPT viewerVoice memo;Removable Li-Po 1200 mAh battery;Up to 150 h;Up to 3 h 30 min;;;Class 10;No;;;44 MB ROM available
https://www.gsmarena.com/o2_xphone_ii-918.php;https://fdn2.gsmarena.com/vv/bigpic/o2xphone2.gif;O2 Xphone II;Released 2004, Q4;102g, 18mm thickness;Microsoft Smartphone 2003 SE OS;32MB storage, miniSD slot;9;N/A;382,933 hits;"2.2""";176x220 pixels; ;TI OMAP 730;700 mAh Li-Ion;GSM 900 / 1800 / 1900;;;2004, Q4;Discontinued;107 x 44 x 18 mm (4.21 x 1.73 x 0.71 in);102 g (3.60 oz);Mini-SIM;TFT, 65K colors;2.2 inches, 35 x 44 mm, 15.2 cm(~32.4% screen-to-body ratio);176 x 220 pixels (~128 ppi density);5-way navigation keyDownloadable pictures;Microsoft Smartphone 2003 SE OS;TI OMAP 730;200 MHz ARM926EJ-S;;miniSD, 64 MB included;32MB;VGA;;Yes;No;;No;Yes;No;No;Proprietary;;MP3/MP4 playerPredictive text inputOrganizer;Removable Li-Ion battery;Up to 140 h;Up to 4 h 30 min;;;Class 10;No;;;
https://www.gsmarena.com/o2_x3-761.php;https://fdn2.gsmarena.com/vv/bigpic/o2x3.gif;O2 X3;Released 2004,1 Q;96g, 26mm thickness;Feature phone;3MB storage, miniSD slot;11;N/A;362,097 hits;;128x160 pixels; ;;1240 mAh Li-Ion;GSM 900 / 1800 / 1900;;;2004,1 Q;Discontinued;81 x 42 x 26 mm (3.19 x 1.65 x 1.02 in);96 g (3.39 oz);Mini-SIM;TFT, 256K colors;;128 x 160 pixels;Second external 4096 colors displayDownloadable pictures;;;;;miniSD, 32 MB included;3MB;1.3 MP;LED flash;Yes;No;;No;No;No;No;Proprietary;;MP3/MP4 playerPredictive text inputOrganizerStopwatch;Removable Li-Ion battery;Up to 150 h;Up to 3 h;Silver;;Class 10;No;;;
https://www.gsmarena.com/o2_x2-760.php;https://fdn2.gsmarena.com/vv/bigpic/o2x2.gif;O2 X2;Released 2004,1 Q;89g, 21mm thickness;Feature phone;1MB storage, no card slot;7;N/A;192,688 hits;;128x128 pixels; ;;1240 mAh Li-Ion;GSM 900 / 1800 / 1900;;;2004,1 Q;Discontinued;81 x 44 x 21 mm (3.19 x 1.73 x 0.83 in);89 g (3.14 oz);Mini-SIM;TFT, 65K colors;;128 x 128 pixels, 1:1 ratio;Second external OLED display;;;;;No;1MB;VGA;;No;No;;No;No;No;No;Proprietary;;Predictive text inputOrganizer;Removable Li-Ion battery;Up to 170 h;Up to 3 h 30 min;Silver;;Class 10;No;;;
https://www.gsmarena.com/o2_x1i-941.php;https://fdn2.gsmarena.com/vv/bigpic/o2x1i.gif;O2 X1i;Released 2004, Q3;86g, 18mm thickness;Feature phone;No card slot;7;N/A;138,735 hits;;128x128 pixels; ;;820 mAh Li-Ion;GSM 900 / 1800 / 1900;;;2004, Q3;Discontinued;102 x 45 x 18 mm (4.02 x 1.77 x 0.71 in);86 g (3.03 oz);Mini-SIM;TFT, 65K colors;;128 x 128 pixels, 1:1 ratio;5-way navigation key;;;;;No;;CIF;;No;No;;No;No;No;No;;;Predictive text inputOrganizer;Removable Li-Ion battery;Up to 235 h;Up to 3 h;Silver;;Class 10;No;;;
https://www.gsmarena.com/o2_xda_ii-697.php;https://fdn2.gsmarena.com/vv/bigpic/o2xda2.gif;O2 XDA II;Released 2003;190g, 19mm thickness;Microsoft Windows Mobile 2003 for…;128MB RAM storage, MMC/SD slot;20;N/A;732,940 hits;"3.5""";240x320 pixels;128 MB RAM;;1200 mAh Li-Po;GSM 900 / 1800 / 1900;;;2003;Discontinued;130 x 70 x 19 mm (5.12 x 2.76 x 0.75 in);190 g (6.70 oz);Mini-SIM;TFT resistive touchscreen, 65K colors;3.5 inches, 53 x 71 mm, 37.9 cm(~41.7% screen-to-body ratio);240 x 320 pixels, 4:3 ratio (~114 ppi density);;Microsoft Windows Mobile 2003 for PocketPC Phone Edition;;Intel Strong PXA263 400 MHz;;MMC/SD;128MB RAM, 64MB ROM;VGA;;No;No;;No;Yes;No;No;Proprietary;;Pocket OfficeMP3/MP4 playerVoice memo;Removable Li-Po 1200 mAh battery;Up to 150 h;Up to 3 h 30 min;;;Class 10;No;;;
https://www.gsmarena.com/o2_xphone-698.php;https://fdn2.gsmarena.com/vv/bigpic/o2xphone.gif;O2 Xphone;Released 2003;130g, 24mm thickness;Microsoft Smartphone 2003;64MB RAM storage, MMC/SD slot;10;N/A;212,408 hits;"2.2""";176x220 pixels;64 MB RAM;TI OMAP 710;1000 mAh Li-Ion;GSM 900 / 1800 / 1900;;;2003;Discontinued;120 x 50 x 24 mm (4.72 x 1.97 x 0.94 in);130 g (4.59 oz);Mini-SIM;TFT, 65K colors;2.2 inches, 35 x 44 mm, 15.2 cm(~25.4% screen-to-body ratio);176 x 220 pixels (~128 ppi density);;Microsoft Smartphone 2003;TI OMAP 710;133 MHz  ARM925;;MMC/SD;64MB RAM, 32MB ROM;VGA;;No;No;;No;Yes;No;No;Proprietary;;Pocket applications(Outlook, IE, MSN, ActiveSync)MP3/MP4 playerVoice memo;Removable Li-Ion 1000 mAh battery;Up to 90 h;Up to 3 h;;;Class 8;No;;;
https://www.gsmarena.com/o2_xda-696.php;https://fdn2.gsmarena.com/vv/bigpic/o2xda.gif;O2 XDA;Released 2003;201g, 18mm thickness;Microsoft Windows PocketPC;64MB RAM storage, MMC/SD slot;9;N/A;261,221 hits;"3.5""";240x320 pixels;64 MB RAM;;;GSM 900 / 1800;;;2003;Discontinued;129 x 73 x 18 mm (5.08 x 2.87 x 0.71 in);201 g (7.09 oz);Mini-SIM;TFT resistive touchscreen, 4096 colors;3.5 inches, 53 x 71 mm, 37.9 cm(~40.3% screen-to-body ratio);240 x 320 pixels, 4:3 ratio (~114 ppi density);;Microsoft Windows PocketPC;;Intel Strong PXA263 400 MHz;;MMC/SD;64MB RAM, 32MB ROM;No;;;;;No;No;No;No;Proprietary;;Pocket OfficeMedia playerVoice memo;Removable Li-Po battery;Up to 150 h;Up to 3 h 30 min;;;Class 8;No;;;
