Link;Image;Name;Release date;Weight;OS;Storage;Fans;Popularity;Hits;Screen_size;Screen_resolution;RAM;SOC;Battery;net2g;net3g;speed;year;status;dimensions;weight;sim;displaytype;displaysize;displayresolution;displayother;chipset;memoryslot;internalmemory;cam1modules;cam1features;cam1video;cam2modules;wlan;bluetooth;gps;nfc;radio;usb;sensors;featuresother;batdescription1;batstandby1;battalktime1;colors;price;net4g;os;cpu;gpu;cam2video;sar-eu;batlife;batmusicplayback1;sar-us;bodyother;optionalother;gprstext;edge
https://www.gsmarena.com/pantech_breeze_iv-6504.php;https://fdn2.gsmarena.com/vv/bigpic/pantech-breeze-4.jpg;Pantech Breeze IV;Released 2013, November;102g, 17.5mm thickness;Feature phone;256MB 128MB RAM storage, microSDHC slot;8;N/A;152,602 hits;"3.0""";240x400 pixels;128 MB RAM;QSC6270;1030 mAh Li-Ion;GSM 850 / 900 / 1800 / 1900;HSDPA 850 / 1900 / 2100;HSPA;2013, November. Released 2013, November;Discontinued;106.4 x 53.1 x 17.5 mm (4.19 x 2.09 x 0.69 in);102 g (3.60 oz);Yes;TFT, 256K colors;3.0 inches, 25.6 cm(~45.3% screen-to-body ratio);240 x 400 pixels, 5:3 ratio (~155 ppi density);Secondary external display;Qualcomm QSC6270;microSDHC (dedicated slot);256MB 128MB RAM;3.15 MP, AF;LED flash;Yes;No;No;2.1, A2DP, EDR;No;No;No;microUSB;;MP3/eAAC+/WMA/WAV playerMP4/WMV/H.263 playerOrganizerDocument viewerVoice memo/dialPredictive text input;Li-Ion 1030 mAh, removable;Up to 240 h;Up to 3 h;Black;About 160 EUR;;;;;;;;;;;;;
https://www.gsmarena.com/pantech_vega_no_6-5268.php;https://fdn2.gsmarena.com/vv/bigpic/pantech-vega-no-6.jpg;Pantech Vega No 6;Released 2013, February;210.5g, 9.9mm thickness;Android 4.1.2, Flux UX UI;32GB storage, microSDXC;65;0.1%;1,348,422 hits;"5.9""";1080x1920 pixels;2 GB RAM;Snapdragon S4 Pro;3140 mAh Li-Ion;CDMA 800 / 1900;HSDPA 2100;HSPA, LTE, EV-DO Rev. A;2013, January. Released 2013, February;Discontinued;158.6 x 83.2 x 9.9 mm (6.24 x 3.28 x 0.39 in);210.5 g (7.41 oz);Micro-SIM;Natural IPS Pro LCD;5.9 inches, 96.0 cm(~72.7% screen-to-body ratio);1080 x 1920 pixels, 16:9 ratio (~373 ppi density);;Qualcomm APQ8064 Snapdragon S4 Pro;microSDXC (dedicated slot);32GB 2GB RAM;13 MP, AF;LED flash, HDR;1080p@30fps;2 MP;Wi-Fi 802.11 a/b/g/n, dual-band, Wi-Fi Direct, DLNA, hotspot;4.0, A2DP, EDR, LE;GPS;Yes;No;microUSB 2.0, OTG;Accelerometer, proximity, compass;T-DMB TV tuner;Li-Ion 3140 mAh, removable;Up to 450 h;Up to 16 h 40 min;Black, White;;LTE 800;Android 4.1.2 (Jelly Bean), Flux UX UI;Quad-core 1.5 GHz Krait;Adreno 320;1080p@30fps;0.72 W/kg (head);;;;;;;
https://www.gsmarena.com/pantech_discover-5238.php;https://fdn2.gsmarena.com/vv/bigpic/pantech-discover.jpg;Pantech Discover;Released 2013, January;135g, 9.1mm thickness;Android 4.0.4;16GB storage, microSDHC;23;N/A;455,198 hits;"4.8""";720x1280 pixels;1 GB RAM;Snapdragon S4 Plus;2100 mAh Li-Ion;GSM 850 / 900 / 1800 / 1900;HSDPA 850 / 1900 / 2100;HSPA, LTE;2013, January. Released 2013, January;Discontinued;134.2 x 68.6 x 9.1 mm (5.28 x 2.70 x 0.36 in);135 g (4.76 oz);Micro-SIM;TFT;4.8 inches, 63.5 cm(~69.0% screen-to-body ratio);720 x 1280 pixels, 16:9 ratio (~306 ppi density);;Qualcomm MSM8960 Snapdragon S4 Plus;microSDHC (dedicated slot);16GB (13GB user available), 1GB RAM;12.6 MP, AF;LED flash, HDR;1080p@30fps;2 MP;Wi-Fi 802.11 a/b/g/n, dual-band, DLNA, hotspot;4.0, A2DP;GPS;Yes;No;microUSB 2.0;Accelerometer, proximity, compass;;Li-Ion 2100 mAh, removable;Up to 430 h;Up to 10 h;Gray;About 370 EUR;2, 4, 5, 17;Android 4.0.4 (Ice Cream Sandwich);Dual-core 1.5 GHz Krait;Adreno 225;;;;;;;;;
https://www.gsmarena.com/pantech_vega_r3_im_a850l-5021.php;https://fdn2.gsmarena.com/vv/bigpic/pantech-vega-r3.jpg;Pantech Vega R3 IM-A850L;Released 2012, October;168.5g, 10mm thickness;Android 4.0.4, up to 4.1;16GB storage, microSDHC;49;N/A;1,161,731 hits;"5.3""";720x1280 pixels;2 GB RAM;Snapdragon S4 Pro;2600 mAh Li-Ion;CDMA 800 / 1900;HSDPA 2100;HSPA, LTE, EV-DO Rev. A;2012, October. Released 2012, October;Discontinued;144.7 x 74.3 x 10 mm (5.70 x 2.93 x 0.39 in);168.5 g (5.93 oz);Micro-SIM;Natural IPS Pro LCD;5.3 inches, 77.4 cm(~72.0% screen-to-body ratio);720 x 1280 pixels, 16:9 ratio (~277 ppi density);;Qualcomm APQ8064 Snapdragon S4 Pro;microSDHC (dedicated slot);16GB 2GB RAM;13 MP, AF;LED flash;1080p@30fps;2 MP;Wi-Fi 802.11 a/b/g/n, dual-band, DLNA, hotspot;4.0, A2DP;GPS;Yes;No;microUSB 2.0, OTG;Accelerometer, gyro, proximity, compass;T-DMB TV tunerMP4/H.264/WMV/DviX/XviD playerMP3/WMA/WAV/eAAC+ playerDocument viewer/editor;Li-Ion 2600 mAh, removable;;Up to 14 h 30 min;Black, White;About 550 EUR;LTE 800;Android 4.0.4 (Ice Cream Sandwich), upgradable to 4.1 (Jelly Bean);Quad-core 1.5 GHz Krait;Adreno 320;;;;;;;;;
https://www.gsmarena.com/pantech_flex__p8010-5008.php;https://fdn2.gsmarena.com/vv/bigpic/pantech-flex.jpg;Pantech Flex  P8010;Released 2012, September;132g, 7.9mm thickness;Android 4.0.4, up to 4.1.2;8GB storage, microSDHC;20;N/A;392,756 hits;"4.3""";540x960 pixels;1 GB RAM;Snapdragon S4 Plus;1830 mAh Li-Ion;GSM 850 / 900 / 1800 / 1900;HSDPA 850 / 1900 / 2100;HSPA, LTE;2012, September. Released 2012, September;Discontinued;129.8 x 67.1 x 7.9 mm (5.11 x 2.64 x 0.31 in);132 g (4.66 oz);Micro-SIM;Super AMOLED Advanced;4.3 inches, 51.0 cm(~58.5% screen-to-body ratio);540 x 960 pixels, 16:9 ratio (~256 ppi density);;Qualcomm MSM8960 Snapdragon S4 Plus;microSDHC (dedicated slot), 8 GB included;8GB 1GB RAM;8 MP, AF;LED flash, HDR, panorama;1080p@30fps;2 MP;Wi-Fi 802.11 a/b/g/n, dual-band, DLNA, hotspot;4.0, A2DP;GPS;No;No;microUSB 2.0;Accelerometer, proximity, compass;MP4/WMV/H.264 playerMP3/WAV/eAAC+ playerPhoto/video editorDocument viewer;Li-Ion 1830 mAh, removable;Up to 430 h;Up to 10 h;Gray;About 230 EUR;4, 17;Android 4.0.4 (Ice Cream Sandwich), upgradable to 4.1.2 (Jelly Bean);Dual-core 1.5 GHz Krait;Adreno 225;;;;Up to 21 h;0.66 W/kg (head)     1.02 W/kg (body);;;;
https://www.gsmarena.com/pantech_renue-4896.php;https://fdn2.gsmarena.com/vv/bigpic/pantech-renue.jpg;Pantech Renue;Released 2012, July;128g, 12mm thickness;Feature phone;185MB 256MB RAM storage, microSDHC slot;8;N/A;159,030 hits;"3.2""";240x320 pixels;256 MB RAM;QSC 6270;1000 mAh Li-Ion;GSM 850 / 900 / 1800 / 1900;HSDPA 850 / 1900;HSPA;2012, July. Released 2012, July;Discontinued;99 x 63 x 12 mm (3.90 x 2.48 x 0.47 in);128 g (4.52 oz);Mini-SIM;TFT, 256K colors;3.2 inches, 31.7 cm(~50.8% screen-to-body ratio);240 x 320 pixels, 4:3 ratio (~125 ppi density);;Qualcomm QSC 6270;microSDHC (dedicated slot);185MB 256MB RAM;3.15 MP;;320p;No;No;2.1, A2DP, EDR;GPS, A-GPS;;No;microUSB 2.0;Accelerometer, proximity;SNS applicationsMP4/H.264/WMV playerMP3/WMA/WAV/eAAC+ playerDocument viewerOrganizerVoice memo/dialPredictive text input;Removable Li-Ion 1000 mAh battery;Up to 250 h;Up to 3 h;Black;;;;;;;;;;;;;;
https://www.gsmarena.com/pantech_marauder-4895.php;https://fdn2.gsmarena.com/vv/bigpic/pantech-marauder.jpg;Pantech Marauder;Released 2012, August;173g, 12mm thickness;Android 4.0;4GB 1GB RAM storage, microSDHC slot;10;N/A;184,248 hits;"3.8""";480x800 pixels;1 GB RAM;;1680 mAh Li-Ion;CDMA 800 / 1900;CDMA2000 1xEV-DO;EV-DO Rev.A 3.1 Mbps, LTE;2012, July. Released 2012, August;Discontinued;129 x 65 x 12 mm (5.08 x 2.56 x 0.47 in);173 g (6.10 oz);Mini-SIM;TFT, 256K colors;3.8 inches, 41.1 cm(~49.0% screen-to-body ratio);480 x 800 pixels, 5:3 ratio (~246 ppi density);;;microSDHC (dedicated slot);4GB 1GB RAM;5 MP, AF;;720p;Yes;Wi-Fi 802.11 b/g/n, Wi-Fi Direct, DLNA, hotspot;4.0, A2DP;GPS, A-GPS;;No;microUSB 2.0;Accelerometer, proximity, compass;MP4/H.264/WMV playerMP3/WMA/WAV/eAAC+ playerDocument viewerOrganizerVoice memo/dial/commandsPredictive text input;Removable Li-Ion 1680 mAh battery;Up to 533 h;Up to 8 h 10 min;Black;;13;Android 4.0 (Ice Cream Sandwich);Dual-core 1.2 GHz;;;;;;0.63 W/kg (head)     0.89 W/kg (body);;;;
https://www.gsmarena.com/pantech_vega_racer_2_im_a830l-4738.php;https://fdn2.gsmarena.com/vv/bigpic/pantech-vega-racer-2.jpg;Pantech Vega Racer 2 IM-A830L;Released 2012, May;134.1g, 9.4mm thickness;Android 4.0;16GB storage, microSDHC;23;N/A;677,484 hits;"4.8""";720x1280 pixels;1 GB RAM;Snapdragon S4 Plus;2020 mAh Li-Ion;CDMA 800 / 1900;HSDPA 2100;HSPA, LTE;2012, May. Released 2012, May;Discontinued;132.4 x 68.9 x 9.4 mm (5.21 x 2.71 x 0.37 in);134.1 g (4.73 oz);Mini-SIM;Super IPS LCD;4.8 inches, 63.5 cm(~69.6% screen-to-body ratio);720 x 1280 pixels, 16:9 ratio (~306 ppi density);Touchless UX UI;Qualcomm MSM8960 Snapdragon S4 Plus;microSDHC (dedicated slot);16GB 1GB RAM;8 MP, AF;LED flash;1080p@30fps;2 MP;Wi-Fi 802.11 a/b/g/n, dual-band, DLNA, hotspot;4.0, A2DP;GPS, A-GPS;;No;microUSB 2.0 (MHL TV-out);Accelerometer, gyro, proximity, compass;T-DMB TV tunerMP4/H.264/WMV/DviX/XviD playerMP3/WMA/WAV/eAAC+ playerDocument viewer/editorOrganizerVoice memo/dial/commandsPredictive text input;Removable Li-Ion 2020 mAh battery;;;Black, White;About 340 EUR;LTE 800;Android 4.0 (Ice Cream Sandwich);Dual-core 1.5 GHz Krait;Adreno 225;;;;;;;;;
https://www.gsmarena.com/pantech_vega_lte_ex_im_a820l-4428.php;https://fdn2.gsmarena.com/vv/bigpic/Pantech-Vega-LTE-EX.jpg;Pantech Vega LTE EX IM-A820L;Released 2012, January;136.2g, 9.7mm thickness;Android 2.3;16GB storage, microSDHC;28;N/A;835,049 hits;"4.5""";800x1280 pixels;1 GB RAM;;1830 mAh Li-Ion;CDMA 800 / 1900;HSDPA 2100;HSPA, LTE;2012, January. Released 2012, January;Discontinued;134.5 x 69.8 x 9.7 mm (5.30 x 2.75 x 0.38 in);136.2 g (4.80 oz);Mini-SIM;Super IPS LCD;4.5 inches, 58.7 cm(~62.5% screen-to-body ratio);800 x 1280 pixels, 16:10 ratio (~335 ppi density);Touchless UX UI;;microSDHC (dedicated slot);16GB 1GB RAM;8 MP, AF;LED flash;1080p@30fps;Yes;Wi-Fi 802.11 a/b/g/n, dual-band, DLNA, hotspot;3.0, A2DP;GPS, A-GPS;Yes;No;microUSB 2.0 (MHL TV-out);Accelerometer, gyro, proximity, compass;T-DMB TV tunerMP4/H.264/WMV/DviX/XviD playerMP3/WMA/WAV/eAAC+ playerDocument viewer/editorOrganizerVoice memo/dial/commandsPredictive text input;Removable Li-Ion 1830 mAh battery;Up to 174 h;Up to 6 h 25 min;Black, White;About 230 EUR;LTE 800;Android 2.3 (Gingerbread);Dual-core 1.5 GHz;;;0.64 W/kg (head);;;;;;;
https://www.gsmarena.com/pantech_burst-4429.php;https://fdn2.gsmarena.com/vv/bigpic/pantech-burst.jpg;Pantech Burst;Released 2012, January;122.5g, 11.4mm thickness;Android 2.3.5, up to 4.0;16GB storage, microSDHC;38;N/A;703,844 hits;"4.0""";480x800 pixels;1 GB RAM;Snapdragon S3;1650 mAh Li-Ion;GSM 850 / 900 / 1800 / 1900;HSDPA 850 / 1900 / 2100;HSPA, LTE;2012, January. Released 2012, January;Discontinued;126.5 x 62.5 x 11.4 mm (4.98 x 2.46 x 0.45 in);122.5 g (4.30 oz);Micro-SIM;Super AMOLED, 256K colors;4.0 inches, 45.5 cm(~57.6% screen-to-body ratio);480 x 800 pixels, 5:3 ratio (~233 ppi density);;Qualcomm MSM8660 Snapdragon S3;microSDHC (dedicated slot);16GB 1GB RAM;5 MP, AF;LED flash;720p@30fps;VGA;Wi-Fi 802.11 b/g/n, hotspot;3.0, A2DP;GPS, A-GPS;;No;microUSB 2.0;Accelerometer, proximity, compass;MP4/WMV/H.264 playerMP3/WAV/eAAC+ playerOrganizerPhoto/video editorDocument viewerVoice memo/dialPredictive text input;Removable Li-Ion 1650 mAh battery;Up to 240 h;Up to 4 h 30 min;Titanium, Ruby Red;About 270 EUR;4, 17;Android 2.3.5 (Gingerbread), upgradable to 4.0 (Ice Cream Sandwich);Dual-core 1.5 GHz Scorpion;Adreno 220;;;;;;;;;
https://www.gsmarena.com/pantech_element-4426.php;https://fdn2.gsmarena.com/vv/bigpic/pantech-element.jpg;Pantech Element;Released 2012, January;469.8g, 10.7mm thickness;Android 4.0;16GB storage, microSDHC;11;N/A;232,753 hits;"8.0""";768x1024 pixels;1 GB RAM;Snapdragon S3;6400 mAh Li-Ion;GSM 850 / 900 / 1800 / 1900;HSDPA 850 / 1900 / 2100;HSPA, LTE;2012, January. Released 2012, January;Discontinued;212.3 x 155.4 x 10.7 mm (8.36 x 6.12 x 0.42 in);469.8 g (1.03 lb);Micro-SIM;TFT;8.0 inches, 198.2 cm(~60.1% screen-to-body ratio);768 x 1024 pixels, 4:3 ratio (~160 ppi density);;Qualcomm APQ8060 Snapdragon S3;microSDHC (dedicated slot);16GB 1GB RAM;5 MP, AF;LED flash;720p;2 MP;Wi-Fi 802.11 a/b/g/n, dual-band, hotspot;3.0, A2DP, EDR;GPS, A-GPS;;No;microUSB 2.0;Accelerometer, gyro, compass;HDMI portMP3/WAV/WMA/eAAC+ playerMP4/H.264 playerOrganizerDocument viewerPredictive text input;Non-removable Li-Ion 6400 mAh battery;Up to 600 h;Up to 12 h;Black;About 220 EUR;17;Android 4.0 (Ice Cream Sandwich);Dual-core 1.5 GHz Scorpion;Adreno 220;;;;;;IP57 dust/water resistant (up to 1m. and 30 min);;;
https://www.gsmarena.com/pantech_hotshot-4293.php;https://fdn2.gsmarena.com/vv/bigpic/pantech-hotshot.jpg;Pantech Hotshot;Released 2011, October;91g, 9mm thickness;Feature phone;microSDHC slot;5;N/A;151,391 hits;"3.2""";240x400 pixels; ;;1000 mAh Li-Ion;CDMA 800 / 1900;CDMA2000 1x;EV-DO Rev.0, 153.2 Kbps;2011, October. Released 2011, October;Discontinued;119 x 60 x 9 mm (4.69 x 2.36 x 0.35 in);91 g (3.21 oz);Mini-SIM;TFT, 256K colors;3.2 inches, 29.1 cm(~40.8% screen-to-body ratio);240 x 400 pixels, 5:3 ratio (~146 ppi density);;;microSDHC (dedicated slot), 2 GB included;;3.15 MP;;Yes;No;No;3.0, A2DP;GPS, A-GPS, VZ Navigator;;No;microUSB 2.0;Proximity;MP3/WAV/WMA/eAAC+ playerMP4/H.264 playerOrganizerVoice memoPredictive text input;Removable Li-Ion 1000 mAh battery;Up to 342 h;Up to 5 h;Black, Red;;;;;;;;;;1.32 W/kg (head)     0.78 W/kg (body);;;;
https://www.gsmarena.com/pantech_link_ii-4292.php;https://fdn2.gsmarena.com/vv/bigpic/pantech-link-ii.jpg;Pantech Link II;Released 2011, October;94g, 10mm thickness;Feature phone;200MB storage, microSDHC slot;6;N/A;141,435 hits;"2.4""";320x240 pixels; ;;1000 mAh Li-Ion;GSM 850 / 900 / 1800 / 1900;HSDPA 850 / 1900;HSPA;2011, October. Released 2011, October;Discontinued;114 x 61 x 10 mm (4.49 x 2.40 x 0.39 in);94 g (3.32 oz);Mini-SIM;TFT, 256K colors;2.4 inches, 17.8 cm(~25.7% screen-to-body ratio);320 x 240 pixels, 4:3 ratio (~167 ppi density);;;microSDHC (dedicated slot);200MB;2 MP;;Yes;No;No;2.1, A2DP;GPS, A-GPS;;No;2.0;;MP3/WAV/eAAC+/WMA playerMP4/H.263/WMV playerOrganizerVoice memoPredictive text input;Removable Li-Ion 1000 mAh battery;Up to 250 h;Up to 3 h;Black;;;;;;;;;;;;;;
https://www.gsmarena.com/pantech_pocket_p9060-4245.php;https://fdn2.gsmarena.com/vv/bigpic/pantech-pocket.jpg;Pantech Pocket P9060;Released 2011, December;132.1g, 11.3mm thickness;Android 2.3;600MB storage, microSDHC slot;17;N/A;355,303 hits;"4.0""";600x800 pixels;600 MB RAM;;1650 mAh Li-Ion;GSM 850 / 900 / 1800 / 1900;HSDPA 850 / 1900 / 2100;HSPA 21.1/5.76 Mbps;2011, October. Released 2011, December;Discontinued;114.7 x 78 x 11.3 mm (4.52 x 3.07 x 0.44 in);132.1 g (4.66 oz);Mini-SIM;TFT;4.0 inches, 49.5 cm(~55.4% screen-to-body ratio);600 x 800 pixels, 4:3 ratio (~250 ppi density);;;microSDHC (dedicated slot), 2 GB included;600MB;5 MP, AF;;720p;No;Wi-Fi 802.11 b/g, hotspot;2.1, A2DP, EDR;GPS, A-GPS;;No;2.0;Accelerometer, proximity, compass;MP3/WAV/eAAC+ playerMP4/H.264 playerOrganizerVoice memoPredictive text input;Removable Li-Ion 1650 mAh battery;Up to 250 h;Up to 3 h;Black;About 280 EUR;;Android 2.3 (Gingerbread);;;;;;;;;;;
https://www.gsmarena.com/pantech_jest_ii-4296.php;https://fdn2.gsmarena.com/vv/bigpic/pantech-jest-ii.jpg;Pantech Jest II;Released 2011, October;116g, 15mm thickness;Feature phone;microSDHC slot;7;N/A;128,655 hits;"2.4""";320x240 pixels; ;;950 mAh Li-Ion;CDMA 800 / 1900;CDMA2000 1x;EV-DO Rev.0, 153.2 Kbps;2011, October. Released 2011, October;Discontinued;94 x 66 x 15 mm (3.70 x 2.60 x 0.59 in);116 g (4.09 oz);Mini-SIM;TFT, 256K colors;2.4 inches, 17.8 cm(~28.8% screen-to-body ratio);320 x 240 pixels, 4:3 ratio (~167 ppi density);;;microSDHC (dedicated slot);;2 MP;;Yes;No;No;3.0, A2DP;GPS, VZ Navigator;;No;microUSB;;SNS integrationMP3/WAV/WMA/eAAC+ playerMP4/H.263 playerOrganizerVoice memo/dial/commandsPredictive text input;Removable Li-Ion 950 mAh battery;Up to 322 h;Up to 4 h 54 min;Black;;;;;;;;;;1.15 W/kg (head)     1.17 W/kg (body);;2.5 mm audio jack;;
https://www.gsmarena.com/pantech_pursuit_ii-4038.php;https://fdn2.gsmarena.com/vv/bigpic/samsung-pantech-pursuit-ii.jpg;Pantech Pursuit II;Released 2011, July;127g, 15mm thickness;Feature phone;217MB storage, microSDHC slot;8;N/A;173,653 hits;"2.8""";240x320 pixels; ;QSC6270;1000 mAh Li-Ion;GSM 850 / 900 / 1800 / 1900;HSDPA 850 / 1900;HSPA 3.6/0.384 Mbps;2011, July. Released 2011, July;Discontinued;101 x 61 x 15 mm (3.98 x 2.40 x 0.59 in);127 g (4.48 oz);Mini-SIM;TFT, 256K colors;2.8 inches, 24.3 cm(~39.4% screen-to-body ratio);240 x 320 pixels, 4:3 ratio (~143 ppi density);;Qualcomm QSC6270;microSDHC (dedicated slot);217MB;2 MP;;Yes;No;No;2.0, A2DP, EDR;GPS, A-GPS;;No;2.0;;MP3/WAV/WMA playerMP4/H.263 playerOrganizerVoice memo/dialPredictive text input;Removable Li-Ion 1000 mAh battery;Up to 250 h;Up to 3 h;Pink, green, black;About 200 EUR;;;230 MHz;;;;;;0.49 W/kg (head)     0.59 W/kg (body);;;;
https://www.gsmarena.com/pantech_breakout-4294.php;https://fdn2.gsmarena.com/vv/bigpic/Pantech-Breakout.jpg;Pantech Breakout;Released 2011, September;138g, 12mm thickness;Android 2.3;1GB 512MB RAM storage, microSDHC slot;10;N/A;213,401 hits;"4.0""";480x800 pixels;512 MB RAM;;1500 mAh Li-Ion;CDMA 800 / 1900;CDMA2000 1xEV-DO;EV-DO Rev.A 3.1 Mbps, LTE;2011, July. Released 2011, September;Discontinued;127 x 64 x 12 mm (5.0 x 2.52 x 0.47 in);138 g (4.87 oz);Mini-SIM;TFT, 256K colors;4.0 inches, 45.5 cm(~56.0% screen-to-body ratio);480 x 800 pixels, 5:3 ratio (~233 ppi density);;;microSDHC (dedicated slot), 8 GB included;1GB 512MB RAM;5 MP, AF;;720p;VGA;Wi-Fi 802.11 b/g/n, DLNA, hotspot;3.0, A2DP;GPS, A-GPS, VZ Navigator;;No;microUSB 2.0;Accelerometer, proximity;MP3/WAV/WMA/eAAC+ playerMP4/WMV/H.264 playerOrganizerVoice memoPredictive text input (Swype);Removable Li-Ion 1500 mAh battery;Up to 303 h;Up to 5 h 47 min;Black;;13;Android 2.3 (Gingerbread);1.0 GHz;;;;;;1.46 W/kg (head)     0.77 W/kg (body);;;;
https://www.gsmarena.com/pantech_breeze_iii-4075.php;https://fdn2.gsmarena.com/vv/bigpic/pantech-breeze-iii.jpg;Pantech Breeze III;Released 2011, July;102g, 19mm thickness;Feature phone;80MB storage, microSDHC slot;6;N/A;165,289 hits;"2.2""";240x320 pixels; ;;920 mAh Li-Ion;GSM 850 / 900 / 1800 / 1900;HSDPA 850 / 1900;HSPA 3.6/0.384 Mbps;2011, July. Released 2011, July;Discontinued;99 x 51 x 19 mm (3.90 x 2.01 x 0.75 in);102 g (3.60 oz);Mini-SIM;TFT,  256K colors;2.2 inches, 15.0 cm(~29.7% screen-to-body ratio);240 x 320 pixels, 4:3 ratio (~182 ppi density);Secondary external display;;microSDHC (dedicated slot);80MB;1.3 MP;;Yes;No;No;Yes;No;;No;microUSB;;MP3/eAAC+/WMA/WAV playerMP4/WMV/H.263 playerOrganizerVoice memoPredictive text input;Removable Li-Ion 920 mAh battery;Up to 336 h;Up to 5 h;Black/Silver;About 150 EUR;;;;;;;;;;;;;
https://www.gsmarena.com/pantech_vega_xpress_im_a720l-3699.php;https://fdn2.gsmarena.com/vv/bigpic/Pantech-Vega-X.jpg;Pantech Vega Xpress IM-A720L;Released 2011, Q2;119.8g, 10.8mm thickness;Android 2.2;512MB DDR2 RAM storage, microSDHC slot;8;N/A;298,826 hits;"4.0""";480x800 pixels;512 MB RAM;Snapdragon S2;1500 mAh Li-Po;GSM 850 / 900 / 1800 / 1900;HSDPA 2100;HSPA;2010, December. Released 2011, Q2;Discontinued;122.5 x 63.9 x 10.8 mm (4.82 x 2.52 x 0.43 in);119.8 g (4.20 oz);Mini-SIM;TFT;4.0 inches, 45.5 cm(~58.2% screen-to-body ratio);480 x 800 pixels, 5:3 ratio (~233 ppi density);;Qualcomm MSM8255 Snapdragon S2;microSDHC (dedicated slot), 8 GB included;512MB DDR2 RAM;5 MP, AF;;Yes;Yes;Wi-Fi 802.11 b/g/n, DLNA, hotspot;2.1, A2DP;GPS, A-GPS;;No;2.0;Accelerometer;DMB TV tunerTV-outDivX/XviD/MP3/WAV/eAAC+ playerMP4/H.264 playerOrganizerVoice memo/dialPredictive text input;Removable Li-Po 1500 mAh battery;Up to 260 h;Up to 5 h 30 min;Black, White, Red;About 200 EUR;;Android 2.2 (Froyo);1.0 GHz Scorpion;Adreno 205;;0.93 W/kg (head);;;;;;;
https://www.gsmarena.com/pantech_s902-3637.php;https://fdn2.gsmarena.com/vv/bigpic/pantech-s902.jpg;Pantech S902;Released 2010, November;104.4g, 12.9mm thickness;Feature phone;microSD slot;8;N/A;164,365 hits;"3.0""";240x400 pixels; ;;;GSM 900 / 1800 / 1900;;;2010, November. Released 2010, November;Discontinued;105.2 x 51.8 x 12.9 mm (4.14 x 2.04 x 0.51 in);104.4 g (3.67 oz);Mini-SIM;TFT,  256K colors;3.0 inches, 25.6 cm(~47.0% screen-to-body ratio);240 x 400 pixels, 5:3 ratio (~155 ppi density);;;microSD (dedicated slot);;3.15 MP;LED flash;Yes;No;No;Yes;No;;No;Proprietary;;T-DMB TV tunerMP3/AAC playerMP4/H.263 playerOrganizerVoice memoPredictive text input;Removable Li-Ion battery;Up to 314 h;Up to 3 h;Gold, White, Black;;;;;;;;;;;;;Yes;Yes
https://www.gsmarena.com/pantech_crux-3629.php;https://fdn2.gsmarena.com/vv/bigpic/pantech-crux.jpg;Pantech Crux;Released 2010, November;122g, 13mm thickness;Feature phone;microSDHC slot;7;N/A;130,179 hits;"3.0""";240x400 pixels; ;;;CDMA 800 / 1900;CDMA2000 1xEV-DO;EV-DO Rev.0, 153.2 Kbps;2010, October. Released 2010, November;Discontinued;109 x 58 x 13 mm (4.29 x 2.28 x 0.51 in);122 g (4.30 oz);Mini-SIM;TFT resistive touchscreen, 256K colors;3.0 inches, 25.6 cm(~40.5% screen-to-body ratio);240 x 400 pixels, 5:3 ratio (~155 ppi density);;;microSDHC (dedicated slot);;3.15 MP;;Yes;;No;2.1, A2DP;GPS, A-GPS, VZ Navigator;;No;2.0;;MP3/WAV playerMP4/H.263 playerOrganizerVoice memo/dial/commandsPredictive text input;Removable Li-Ion battery;Up to 324 h;Up to 5 h 20 min;Gray;;;;;;;;;;1.25 W/kg (head)     0.61 W/kg (body);;;;
https://www.gsmarena.com/pantech_laser_p9050-3543.php;https://fdn2.gsmarena.com/vv/bigpic/Pantech-Laser.jpg;Pantech Laser P9050;Released 2010, October;115g, 10mm thickness;Feature phone;microSDHC slot;9;N/A;169,525 hits;"3.1""";480x800 pixels; ;;1000 mAh Li-Ion;GSM 850 / 900 / 1800 / 1900;HSDPA 850 / 1900;HSPA 3.6/0.384 Mbps;2010, October. Released 2010, October;Discontinued;113.8 x 57.9 x 10 mm (4.48 x 2.28 x 0.39 in);115 g (4.06 oz);Mini-SIM;AMOLED resistive touchscreen, 256K colors;3.1 inches, 27.4 cm(~41.5% screen-to-body ratio);480 x 800 pixels, 5:3 ratio (~301 ppi density);;;microSDHC (dedicated slot);;3.15 MP;;Yes;;No;2.0, A2DP, EDR;GPS, A-GPS;;;microUSB 2.0;;SNS integrationMP3/WAV/WMA playerMP4/H.263 playerMusic ID recognitionOrganizerVoice memo/dialPredictive text input;Removable Li-Ion 1000 mAh battery;Up to 336 h;Up to 5 h;Gray/Blue;;;;;;;;;;0.74 W/kg (head)     0.93 W/kg (body);;;;
https://www.gsmarena.com/pantech_p4000-3456.php;https://fdn2.gsmarena.com/vv/bigpic/pantech-p4000.jpg;Pantech P4000;Released 2010, Q3;99g, 12.5mm thickness;Feature phone;30MB storage, microSDHC slot;6;N/A;125,407 hits;"3.0""";240x400 pixels; ;;1000 mAh Li-Po;GSM 850 / 900 / 1800 / 1900 - SIM 1;;;2010, August. Released 2010, Q3;Discontinued;110 x 57 x 12.5 mm (4.33 x 2.24 x 0.49 in);99 g (3.49 oz);Dual SIM (Mini-SIM);TFT,  256K colors;3.0 inches, 25.6 cm(~40.9% screen-to-body ratio);240 x 400 pixels, 5:3 ratio (~155 ppi density);;;microSDHC (dedicated slot);30MB;3.15 MP;;Yes;No;No;2.0, A2DP;No;;Stereo FM radio, RDS;2.0;;MP3/eAAC+ playerMP4/H.263 playerOrganizerVoice memoPredictive text input;Removable Li-Po 1000 mAh battery;Up to 450 h;Up to 4 h 30 min;Black Glossy/Black SF, Titan/Ivory, Ivory/Red;;;;;;;;;;;;;Class 10;Class 10
https://www.gsmarena.com/pantech_p1000-3457.php;https://fdn2.gsmarena.com/vv/bigpic/pantech-p1000.jpg;Pantech P1000;Released 2010, Q3;75g, 14.9mm thickness;Feature phone;microSDHC slot;8;N/A;110,015 hits;"1.8""";128x160 pixels; ;;1100 mAh Li-Po;GSM 900 / 1800 - SIM 1;;;2010, August. Released 2010, Q3;Discontinued;97 x 53 x 14.9 mm (3.82 x 2.09 x 0.59 in);75 g (2.65 oz);Dual SIM (Mini-SIM);TFT,  256K colors;1.8 inches, 10.2 cm(~19.8% screen-to-body ratio);128 x 160 pixels (~114 ppi density);;;microSDHC (dedicated slot);;1.3 MP;;No;No;No;2.0, A2DP;No;;Stereo FM radio, RDS;2.0;;MP3/eAAC+ playerMP4/H.263 playerOrganizerVoice memoPredictive text input;Removable Li-Po 1100 mAh battery;Up to 600 h;Up to 4 h 30 min;Black, Silver, Pink, Ivory-Brown;;;;;;;;;;;;;Class 10;No
https://www.gsmarena.com/pantech_sky_izar_im_a630k-3419.php;https://fdn2.gsmarena.com/vv/bigpic/Pantech-A630K.jpg;Pantech SKY Izar IM-A630K;Released 2010, July;106.2g, 13.4mm thickness;Android 2.1;4GB storage, microSDHC slot;7;N/A;223,035 hits;"3.2""";480x800 pixels; ;Snapdragon S1;1100 mAh Li-Po;GSM 850 / 900 / 1800 / 1900;HSDPA 2100;HSPA 7.2/0.384 Mbps;2010, July. Released 2010, July;Discontinued;114.4 x 55.4 x 13.4 mm (4.50 x 2.18 x 0.53 in);106.2 g (3.74 oz);Mini-SIM;TFT,  256K colors;3.2 inches, 29.1 cm(~46.0% screen-to-body ratio);480 x 800 pixels, 5:3 ratio (~292 ppi density);;Qualcomm MSM7227 Snapdragon S1;microSDHC (dedicated slot);4GB;5 MP, AF;;Yes;No;Wi-Fi 802.11 b/g;2.1, A2DP;GPS, A-GPS;;No;2.0;Accelerometer;DMB TV tunerMP3/eAAC+ playerMP4/H.263 playerOrganizerVoice memo/dialPredictive text input;Removable Li-Po 1100 mAh battery;Up to 270 h;Up to 4 h 20 min;Black, White;;;Android 2.1 (Eclair);600 MHz ARM 11;Adreno 200;;;;;;;;;
https://www.gsmarena.com/pantech_jest-4295.php;https://fdn2.gsmarena.com/vv/bigpic/pantech-jest.jpg;Pantech Jest;Released 2010, June;116g, 15mm thickness;Feature phone;975MB storage, microSDHC slot;6;N/A;69,454 hits;"2.6""";320x320 pixels; ;;920 mAh Li-Ion;CDMA 800 / 1900;;;2010, June. Released 2010, June;Discontinued;94 x 64 x 15 mm (3.70 x 2.52 x 0.59 in);116 g (4.09 oz);Mini-SIM;TFT, 256K colors;2.6 inches, 21.8 cm(~36.2% screen-to-body ratio);320 x 320 pixels, 1:1 ratio (~174 ppi density);;;microSDHC (dedicated slot);975MB;2 MP;;Yes;No;No;2.1, A2DP, EDR;No;;No;microUSB;;SNS applicationsMP3 playerMP4/H.263 playerOrganizerVoice memo/dial/commandsPredictive text input;Removable Li-Ion 920 mAh battery;Up to 358 h;Up to 4 h 36 min;Black;;;;;;;;;;0.89 W/kg (head)     0.27 W/kg (body);;2.5 mm audio jack;No;No
https://www.gsmarena.com/pantech_link-4291.php;https://fdn2.gsmarena.com/vv/bigpic/pantech-link.jpg;Pantech Link;Released 2010, April;91g, 9.9mm thickness;Feature phone;microSDHC slot;8;N/A;108,738 hits;"2.4""";320x240 pixels; ;;930 mAh Li-Ion;GSM 850 / 900 / 1800 / 1900;HSDPA 850 / 1900;HSPA;2010, March. Released 2010, April;Discontinued;115.2 x 60.9 x 9.9 mm (4.54 x 2.40 x 0.39 in);91 g (3.21 oz);Mini-SIM;TFT, 256K colors;2.4 inches, 17.8 cm(~25.4% screen-to-body ratio);320 x 240 pixels, 4:3 ratio (~167 ppi density);;;microSDHC (dedicated slot);;1.3 MP;;320p@15fps;No;No;2.0, A2DP;GPS, A-GPS;;No;2.0;;MP3/WAV/AAC playerMP4/H.263 playerOrganizerVoice memoPredictive text input;Removable Li-Ion 930 mAh battery;Up to 250 h;Up to 3 h;Black;;;;;;;;;;;;;;
https://www.gsmarena.com/pantech_ease-3405.php;https://fdn2.gsmarena.com/vv/bigpic/pantech-ease.jpg;Pantech Ease;Released 2010, June 20;99.2g, 14.2mm thickness;Feature phone;50MB storage, microSDHC slot;6;N/A;119,908 hits;"3.2""";240x400 pixels; ;;1000 mAh Li-Ion;GSM 850 / 900 / 1800 / 1900;HSDPA 850 / 1900;HSPA 7.2/2 Mbps;2010, June. Released 2010, June 20;Discontinued;113.8 x 57.9 x 14.2 mm (4.48 x 2.28 x 0.56 in);99.2 g (3.49 oz);Mini-SIM;TFT, 256K colors;3.2 inches, 29.1 cm(~44.2% screen-to-body ratio);240 x 400 pixels, 5:3 ratio (~146 ppi density);;;microSDHC (dedicated slot);50MB;2 MP;;Yes;No;No;2.0, A2DP;GPS, A-GPS;;No;2.0;;MP3/WAV/WMA playerMP4/H.263 playerOrganizer;Removable Li-Ion 1000 mAh battery;Up to 360 h;Up to 5 h;Black/Gray;About 180 EUR;;;;;;;;;;;;;
https://www.gsmarena.com/pantech_pursuit-3393.php;https://fdn2.gsmarena.com/vv/bigpic/pantech-pursuit.jpg;Pantech Pursuit;Released 2010, June;129.8g, 14.7mm thickness;Feature phone;50MB storage, microSDHC slot;9;N/A;114,959 hits;"2.8""";240x320 pixels; ;;930 mAh Li-Ion;GSM 850 / 900 / 1800 / 1900;HSDPA 850 / 1900;HSPA 3.6/0.384 Mbps;2010, May. Released 2010, June;Discontinued;93.2 x 63.8 x 14.7 mm (3.67 x 2.51 x 0.58 in);129.8 g (4.55 oz);Mini-SIM;TFT resistive touchscreen, 256K colors;2.8 inches, 24.3 cm(~40.8% screen-to-body ratio);240 x 320 pixels, 4:3 ratio (~143 ppi density);;;microSDHC (dedicated slot);50MB;2 MP;;Yes;No;No;2.0, A2DP, EDR;"A-GPS only; AT&T Navigator";;No;2.0;;MP3/WAV/WMA playerMP4/H.263 playerMusic ID recognitionShake controlOrganizerVoice memoPredictive text input;Removable Li-Ion 930 mAh battery;Up to 360 h;Up to 5 h;Blue, Green;;;;;;;;;;;;;;
https://www.gsmarena.com/pantech_impact-3013.php;https://fdn2.gsmarena.com/vv/bigpic/pantech-impact-ofic.jpg;Pantech Impact;Released 2009, November;125g, 17.8mm thickness;Feature phone;80MB storage, microSDHC slot;9;N/A;153,771 hits;"2.6""";400x240 pixels; ;;950 mAh Li-Ion;GSM 850 / 900 / 1800 / 1900;HSDPA 850 / 1900 / 2100;HSPA 3.6/0.384 Mbps;2009, November. Released 2009, November;Discontinued;106 x 52 x 17.8 mm (4.17 x 2.05 x 0.70 in);125 g (4.41 oz);Mini-SIM;TFT, 256K colors;2.6 inches, 19.2 cm(~34.9% screen-to-body ratio);400 x 240 pixels, 5:3 ratio (~179 ppi density);Secondary display;;microSDHC (dedicated slot);80MB;2 MP;;320p@15fps;No;No;2.0, A2DP;"A-GPS only; AT&T Navigator";;No;microUSB 2.0;;MP4/H.264 playerMP3/e-AAC+/WAV playerVoice dial/memoPredictive text input;Removable Li-Ion 950 mAh battery;Up to 336 h;Up to 5 h;Black, Pink;About 170 EUR;;;;;;;;;;;;;
https://www.gsmarena.com/pantech_c790_reveal-3012.php;https://fdn2.gsmarena.com/vv/bigpic/pantech-c790-reveal.jpg;Pantech C790 Reveal;Released 2009, October;112g, 14.8mm thickness;Feature phone;80MB storage, microSDHC slot;7;N/A;104,340 hits;"2.2""";320x240 pixels; ;;950 mAh Li-Ion;GSM 850 / 900 / 1800 / 1900;HSDPA 850 / 1900 / 2100;HSPA 3.6/0.384 Mbps;2009, October. Released 2009, October;Discontinued;99 x 60 x 14.8 mm (3.90 x 2.36 x 0.58 in);112 g (3.95 oz);Mini-SIM;TFT, 256K colors;2.2 inches, 2.2, 15.0 cm(~25.2% screen-to-body ratio);320 x 240 pixels, 4:3 ratio (~182 ppi density);;;microSDHC (dedicated slot);80MB;1.3 MP;;320p@15fps;No;No;2.0, A2DP;AT&T A-GPS only;;Stereo FM radio, RDS;2.0;;MP4/H.264 playerMP3/eAAC+/WMA playerOrganizerVoice memo/dialPredictive text input;Removable Li-Ion 950 mAh battery;Up to 244 h (2G) / - (3G);Up to 3 h (2G) / - (3G);Red, Blue;About 170 EUR;;;;;;;;;;;;;
https://www.gsmarena.com/pantech_matrix_pro-2763.php;https://fdn2.gsmarena.com/vv/bigpic/pantech-matrix-pro.jpg;Pantech Matrix Pro;Released 2009, February;122g, 21.6mm thickness;Microsoft Windows Mobile 6.1 Standard;128MB RAM storage, microSDHC slot;10;N/A;134,678 hits;"2.4""";240x320 pixels;128 MB RAM;;1320 mAh Li-Po;GSM 850 / 900 / 1800 / 1900;HSDPA 850 / 1900 / 2100;HSPA 3.6/0.384 Mbps;2009, February. Released 2009, February;Discontinued;105.9 x 50.8 x 21.6 mm (4.17 x 2.0 x 0.85 in);122 g (4.30 oz);Mini-SIM;TFT, 256K colors;2.4 inches, 17.8 cm(~33.2% screen-to-body ratio);240 x 320 pixels, 4:3 ratio (~167 ppi density);;;microSDHC (dedicated slot);128MB RAM, 256MB ROM;2 MP;;Yes;No;No;2.0, A2DP;GPS, A-GPS;;No;Proprietary;;AT&T NavigatorMP3/MP4 playerVoice memo;Removable Li-Po 1320 mAh battery;249 h;3 h;Steel Blue;About 210 EUR;;Microsoft Windows Mobile 6.1 Standard;528 MHz;;;;;;;Dual slide design;;;
https://www.gsmarena.com/pantech_slate-2574.php;https://fdn2.gsmarena.com/vv/bigpic/pantech-slate.jpg;Pantech Slate;Released 2008, October;91g, 10mm thickness;Feature phone;20MB storage, no card slot;8;N/A;137,711 hits;"2.2""";220x176 pixels; ;;950 mAh Li-Ion;GSM 850 / 900 / 1800 / 1900;;;2008, October. Released 2008, October;Discontinued;107 x 64 x 10 mm (4.21 x 2.52 x 0.39 in);91 g (3.21 oz);Mini-SIM;TFT, 256K colors;2.2 inches, 15.2 cm(~22.2% screen-to-body ratio);220 x 176 pixels (~128 ppi density);Jog Wheel;;No;20MB;1.3 MP;;Yes;No;No;1.2, A2DP;GPS;;No;2.0;;AT&T NavigatorMP3/MP4 playerVoice memoPredictive text input;Removable Li-Ion 950 mAh battery;Up to 240 h;Up to 3 h;Black;About 100 EUR;;;;;;;;;;;;Class 10;Class 10
https://www.gsmarena.com/pantech_matrix-2558.php;https://fdn2.gsmarena.com/vv/bigpic/pantech-matrix.jpg;Pantech Matrix;Released 2008, October;132g, 20mm thickness;Feature phone;microSD slot;11;N/A;150,012 hits;;240x320 pixels; ;;;GSM 850 / 900 / 1800 / 1900;HSDPA 850 / 1900;HSPA 3.6/0.384 Mbps;2008, October. Released 2008, October;Discontinued;102 x 50 x 20 mm (4.02 x 1.97 x 0.79 in);132 g (4.66 oz);Mini-SIM;TFT, 256K colors;;240 x 320 pixels, 4:3 ratio;;;microSD (dedicated slot);;1.3 MP;;Yes;No;No;1.2, A2DP;GPS;;No;Proprietary;;AT&T NavigatorMP3/MP4 playerVoice memo;Removable Li-Po battery;;;Gray, Blue;About 150 EUR;;;;;;;;;;Dual slide design;Full QWERTY keyboard;;
https://www.gsmarena.com/pantech_duo-2205.php;https://fdn2.gsmarena.com/vv/bigpic/pantech_duo.jpg;Pantech Duo;Released 2007, October;110g, 19.9mm thickness;Windows Mobile 6 Standard;64MB RAM storage, microSD slot;10;N/A;259,380 hits;"2.2""";240x320 pixels;64 MB RAM;;1320 mAh Li-Po;GSM 850 / 900 / 1800 / 1900;HSDPA 850 / 1900;HSPA;2007, October. Released 2007, October;Discontinued;102 x 50 x 19.9 mm (4.02 x 1.97 x 0.78 in);110 g (3.88 oz);Mini-SIM;TFT, 256K colors;2.2 inches, 15.0 cm(~29.4% screen-to-body ratio);240 x 320 pixels, 4:3 ratio (~182 ppi density);;;microSD (dedicated slot);64MB RAM, 128MB ROM;1.3 MP;;No;No;No;1.2, A2DP;No;;No;1.1;;Pocket OfficeVoice memoMP3/AAC/AAC+/WMA/OGG/AMR playerWMV/MP4 playerFile manager;Removable Li-Po 1320 mAh battery;Up to 240 h;Up to 3 h;Black;About 110 EUR;;Windows Mobile 6 Standard;Marvell PXA270 416 MHz;;;;;;;Dual slide design;;;
https://www.gsmarena.com/pantech_u_4000-1778.php;https://fdn2.gsmarena.com/vv/bigpic/pantech-u4000.gif;Pantech U-4000;Released 2006, November;92g, 16.5mm thickness;Feature phone;30MB storage, microSD slot;8;N/A;173,151 hits;"1.9""";176x220 pixels; ;;820 mAh Li-Ion;GSM 900 / 1800 / 1900;UMTS 2100;Yes, 384 kbps;2006, November;Discontinued;95 x 43 x 16.5 mm (3.74 x 1.69 x 0.65 in);92 g (3.25 oz);Mini-SIM;TFT, 260K colors;1.9 inches, 11.4 cm(~27.8% screen-to-body ratio);176 x 220 pixels (~148 ppi density);;;microSD (dedicated slot);30MB;1.3 MP;;Yes;VGA videocall camera;No;1.1;No;;No;2.0;;Video telephonyMP3/AAC/AAC+/AAC++ playerFile managerPhoto editing;Removable Li-Ion 820 mAh battery;;;Silver black;;;;;;;;;;;;;;
https://www.gsmarena.com/pantech_pg_3300-1777.php;https://fdn2.gsmarena.com/vv/bigpic/pantech-pg3300.gif;Pantech PG-3300;Released 2006, Q3;80g, 18.5mm thickness;Feature phone;14MB storage, no card slot;7;N/A;109,100 hits;;128x128 pixels; ;;710 mAh Li-Ion;GSM 900 / 1800 / 1900;;;2006, Q3;Discontinued;82.5 x 41.5 x 18.5 mm (3.25 x 1.63 x 0.73 in);80 g (2.82 oz);Mini-SIM;TFT, 256K colors;;128 x 128 pixels, 1:1 ratio;Second external 65K colors CSTN display (96 x 96 pixels);;No;14MB;VGA;;Yes;No;No;No;No;;No;Proprietary;;MP3 playerPredictive text inputOrganizerVoice memo;Removable Li-Ion 710 mAh battery;Up to 240 h;Up to 4 h;Black, Pink;;;;;;;;;;;;;Class 10;No
https://www.gsmarena.com/pantech_pu_5000-1591.php;https://fdn2.gsmarena.com/vv/bigpic/pantech-pu5000.gif;Pantech PU-5000;Cancelled;92g, 21.6mm thickness;Feature phone;30MB storage, microSD slot;8;N/A;132,739 hits;"1.9""";176x220 pixels; ;;720 mAh Li-Ion;GSM 900 / 1800 / 1900;UMTS 2100;Yes, 384 kbps;2006, June;Cancelled;95.7 x 45.6 x 21.6 mm (3.77 x 1.80 x 0.85 in);92 g (3.25 oz);Mini-SIM;TFT, 260K colors;1.9 inches, 11.4 cm(~26.0% screen-to-body ratio);176 x 220 pixels (~148 ppi density);;;microSD (dedicated slot);30MB;1.3 MP;;Yes;VGA videocall camera;No;Yes;No;;No;Proprietary;;Audio player MP3, AAC, AAC+, SMF (MIDI)Video MP4, H.263 PlayerFile managerPhoto editingFlight modePC Sync;Removable Li-Ion 720 mAh battery;Up to 340 h;Up to 4 h;Silver black;;;;;;;;;;;;;;
https://www.gsmarena.com/pantech_pg_1600-1590.php;https://fdn2.gsmarena.com/vv/bigpic/pantech-pg1600.gif;Pantech PG-1600;Cancelled;83.4g, 18.6mm thickness;Feature phone;128MB 32MB RAM storage, no card slot;8;N/A;103,470 hits;"1.5""";128x128 pixels;32 MB RAM;;720 mAh Li-Ion;GSM 900 / 1800 / 1900;;;2006, June;Cancelled;89.8 x 43.5 x 18.6 mm (3.54 x 1.71 x 0.73 in);83.4 g (2.93 oz);Mini-SIM;STN, 65K colors;1.5 inches, 7.3 cm(~18.6% screen-to-body ratio);128 x 128 pixels, 1:1 ratio (~121 ppi density);;;No;128MB 32MB RAM;VGA;;No;No;No;No;No;;Stereo FM radio, RDS;No;;Video playerMotion JPEG recorderOrganizerPC Sync;Removable Li-Ion 720 mAh battery;Up to 210 h;Up to 2 h 10 min;Silver black;;;;;;;;;;;;;Class 10;No
https://www.gsmarena.com/pantech_pg_1800-1586.php;https://fdn2.gsmarena.com/vv/bigpic/pantech-pg1800.gif;Pantech PG-1800;Cancelled;88g, 18.5mm thickness;Feature phone;256MB 64MB RAM storage, microSD slot;8;N/A;95,425 hits;"1.8""";120x160 pixels;64 MB RAM;;720 mAh Li-Ion;GSM 900 / 1800 / 1900;;;2006, June;Cancelled;95.5 x 46 x 18.5 mm (3.76 x 1.81 x 0.73 in);88 g (3.10 oz);Mini-SIM;TFT, 260K colors;1.8 inches, 10.0 cm(~22.8% screen-to-body ratio);120 x 160 pixels, 4:3 ratio (~111 ppi density);Second external 1.06-inch CSTN display, 65K colors (96 x 96 pixels);;microSD (dedicated slot);256MB 64MB RAM;VGA;;Yes;No;No;1.1;No;;No;1.1;;Audio player MP3, MIDI, i-melody;Removable Li-Ion 720 mAh battery;Up to 110 h;Up to 2.5 h;Silver black;;;;;;;;;;;;;Class 10;No
https://www.gsmarena.com/pantech_pg_1300-1584.php;https://fdn2.gsmarena.com/vv/bigpic/pantech-pg1300.gif;Pantech PG-1300;Cancelled;75.2g, 18.9mm thickness;Feature phone;128MB 64MB RAM storage, no card slot;7;N/A;99,332 hits;"1.5""";;64 MB RAM;;720 mAh Li-Ion;GSM 900 / 1800 / 1900;;;2006, June;Cancelled;89.9 x 44 x 18.9 mm (3.54 x 1.73 x 0.74 in);75.2 g (2.65 oz);Mini-SIM;CSTN, 65K colors;1.5 inches;;;;No;128MB 64MB RAM;No;;;;No;No;No;;No;No;;Document viewer (Word, Excel, PowerPoint, PDF)Voice schedulerFatness checkerPC syncOrganizer;Removable Li-Ion 720 mAh battery;;;Black;;;;;;;;;;;;;Class 10;No
https://www.gsmarena.com/pantech_pg_3900-1583.php;https://fdn2.gsmarena.com/vv/bigpic/pantech-pg3900.gif;Pantech PG-3900;Cancelled;92g, 16.9mm thickness;Feature phone;64MB storage, microSD slot;8;N/A;117,489 hits;"1.9""";176x220 pixels; ;;570 mAh Li-Ion;GSM 900 / 1800 / 1900;;;2006, Q2;Cancelled;90 x 42 x 16.9 mm (3.54 x 1.65 x 0.67 in);92 g (3.25 oz);Mini-SIM;TFT, 260K colors;1.9 inches, 11.4 cm(~30.1% screen-to-body ratio);176 x 220 pixels (~148 ppi density);;;microSD (dedicated slot);64MB;2 MP;LED flash;Yes;No;No;2.0, A2DP;No;;No;Proprietary;;MP3/AAC/AAC+/MP4 playerDocument viewer (Word, Excel, PowerPoint, PDF)Photo editingPictbridgeFlight modePC syncVoice memoOrganizer;Removable Li-Ion 570 mAh battery;Up to 220 h;Up to 4 h 20 min;Silver black;;;;;;;;;;;;;Class 10;No
https://www.gsmarena.com/pantech_pg_1900-1580.php;https://fdn2.gsmarena.com/vv/bigpic/pantech-pg1900.gif;Pantech PG-1900;Cancelled;80g, 13.5mm thickness;Feature phone;microSD slot;8;N/A;105,314 hits;"1.6""";128x128 pixels; ;;720 mAh Li-Ion;GSM 900 / 1800;;;2006, May;Cancelled;103 x 43.5 x 13.5 mm (4.06 x 1.71 x 0.53 in);80 g (2.82 oz);Mini-SIM;STN, 65K colors;1.6 inches, 28 x 28 mm, 8.3 cm(~18.4% screen-to-body ratio);128 x 128 pixels, 1:1 ratio (~113 ppi density);;;microSD (dedicated slot);;VGA;;Yes;No;No;No;No;;FM radio;1.1;;MP3 playerPredictive text inputOrganizerVoice memo;Removable Li-Ion 720 mAh battery;Up to 160 h;Up to 2 h 30 min;Silver black;;;;;;;;;;;;;Class 10;No
https://www.gsmarena.com/pantech_pg_2800-1560.php;https://fdn2.gsmarena.com/vv/bigpic/pantech-pg2800.gif;Pantech PG-2800;Released 2006, May;80g, 18.5mm thickness;Feature phone;24MB storage, microSD slot;9;N/A;120,856 hits;"2.0""";176x220 pixels; ;;800 mAh Li-Ion;GSM 900 / 1800 / 1900;;;2006, May;Discontinued;90 x 45 x 18.5 mm (3.54 x 1.77 x 0.73 in);80 g (2.82 oz);Mini-SIM;TFT, 256K colors;2.0 inches, 12.6 cm(~31.1% screen-to-body ratio);176 x 220 pixels (~141 ppi density);Second external 65K colors CSTN display (96 x 96 pixels);;microSD (dedicated slot);24MB;1.3 MP;;Yes;No;No;1.2;No;;No;Proprietary;Fingerprint (front-mounted);Text To SpeechMP3 playerPredictive text inputOrganizerVoice memo;Removable Li-Ion 800 mAh battery;Up to 210 h;Up to 3 h 30 min;Black, Silver;;;;;;;;;;;;;Class 10;No
https://www.gsmarena.com/pantech_pg_3600v-1511.php;https://fdn2.gsmarena.com/vv/bigpic/pantech-pg3600v.gif;Pantech PG-3600V;Released 2006, February;94.2g, 17.9mm thickness;Feature phone;32MB storage, microSD slot;10;N/A;175,067 hits;;176x220 pixels; ;;800 mAh Li-Ion;GSM 900 / 1800 / 1900;;;2006, February;Discontinued;102.3 x 46.6 x 17.9 mm (4.03 x 1.83 x 0.70 in);94.2 g (3.32 oz);Mini-SIM;TFT, 256K colors;;176 x 220 pixels;;;microSD (dedicated slot);32MB;1.3 MP;;Yes;No;No;2.0, A2DP;No;;No;Proprietary;;MP3 playerTouch wheel sensorOrganizerVoice memoPhoto EditorVideo EditorFatness Checker;Removable Li-Ion 800 mAh battery;Up to 180 h;Up to 4 h 30 min;Black, Pink;;;;;;;;;;;;;Class 10;No
https://www.gsmarena.com/pantech_pg_3600-1385.php;https://fdn2.gsmarena.com/vv/bigpic/pantech-pg3600.gif;Pantech PG-3600;Released 2005, Q4;75g, 16.8mm thickness;Feature phone;22MB storage, microSD slot;11;N/A;140,275 hits;;176x220 pixels; ;;800 mAh Li-Po;GSM 900 / 1800 / 1900;;;2005, Q4;Discontinued;94.9 x 43.2 x 16.8 mm (3.74 x 1.70 x 0.66 in);75 g (2.65 oz);Mini-SIM;TFT, 256K colors;;176 x 220 pixels;;;microSD (dedicated slot);22MB;1.3 MP;LED flash;Yes;No;No;2.0;No;;No;Proprietary;;MP3 playerPredictive text inputOrganizerVoice memo;Removable Li-Po 800 mAh battery;Up to 230 h;Up to 4 h 30 min;Black;;;;;;;;;;;;;Class 10;No
https://www.gsmarena.com/pantech_pg_3500-1384.php;https://fdn2.gsmarena.com/vv/bigpic/pantech-pg3500.gif;Pantech PG-3500;Released 2005, Q4;75g, 16.4mm thickness;Feature phone;22MB storage, microSD slot;8;N/A;111,133 hits;;176x220 pixels; ;;800 mAh Li-Po;GSM 900 / 1800 / 1900;;;2005, Q4;Discontinued;92.7 x 45 x 16.4 mm (3.65 x 1.77 x 0.65 in);75 g (2.65 oz);Mini-SIM;TFT, 256K colors;;176 x 220 pixels;Second external 65K colors TFT display (96 x 128 pixels);;microSD (dedicated slot);22MB;1.3 MP;LED flash;Yes;No;No;2.0;No;;No;Proprietary;;MP3 playerPredictive text inputOrganizerVoice memo;Removable Li-Po 800 mAh battery;Up to 230 h;Up to 4 h 30 min;Black;;;;;;;;;;;;;Class 10;No
https://www.gsmarena.com/pantech_pg_1500-1383.php;https://fdn2.gsmarena.com/vv/bigpic/pantech-pg1500.gif;Pantech PG-1500;Released 2005, Q3;75g, 15.9mm thickness;Feature phone;2.2MB storage, no card slot;9;N/A;75,416 hits;;128x160 pixels; ;;790 mAh Li-Ion;GSM 900 / 1800 / 1900;;;2005, Q3;Discontinued;90.7 x 44.6 x 15.9 mm (3.57 x 1.76 x 0.63 in);75 g (2.65 oz);Mini-SIM;CSTN, 65K colors;;128 x 160 pixels;;;No;2.2MB;No;;;;No;No;No;;No;Proprietary;;Predictive text inputOrganizerVoice memo;Removable Li-Ion 790 mAh battery;Up to 190 h;Up to 4 h;Black;;;;;;;;;;;;;Class 10;No
https://www.gsmarena.com/pantech_pg_8000-1375.php;https://fdn2.gsmarena.com/vv/bigpic/pantech-pg8000.gif;Pantech PG-8000;Released 2005, Q4;106g, 16.1mm thickness;Feature phone;8.4MB storage, RS-MMC slot;9;N/A;374,105 hits;"2.0""";320x240 pixels; ;;820 mAh Li-Ion;GSM 900 / 1800 / 1900;;;2005, Q4;Discontinued;99.8 x 51.8 x 16.1 mm (3.93 x 2.04 x 0.63 in);106 g (3.74 oz);Mini-SIM;TFT, 256K colors;2.0 inches, 40 x 30 mm, 12.4 cm(~24.0% screen-to-body ratio);320 x 240 pixels, 4:3 ratio (~200 ppi density);;;RS-MMC;8.4MB;2 MP;LED flash;Yes;No;No;1.2;No;;FM radio;;;MP3/AAC/MP4 playerPredictive text inputOrganizerVoice memo;Removable Li-Ion 820 mAh battery;Up to 200 h;Up to 3 h 30 min;Black;;;;;;;;;;;;;Class 10;No
https://www.gsmarena.com/pantech_pg_6200-1558.php;https://fdn2.gsmarena.com/vv/bigpic/pantech-pg6200.gif;Pantech PG-6200;Released 2006, February;92g, 20.9mm thickness;Feature phone;microSD slot;8;N/A;148,858 hits;"1.9""";176x220 pixels; ;;570 mAh Li-Ion;GSM 900 / 1800 / 1900;;;2006, February;Discontinued;87 x 43.6 x 20.9 mm (3.43 x 1.72 x 0.82 in);92 g (3.25 oz);Mini-SIM;TFT, 256K colors;1.9 inches, 30 x 37 mm, 11.4 cm(~30.0% screen-to-body ratio);176 x 220 pixels (~148 ppi density);Second external TFT display, 65K colors (96 x 128 pixels)Fingerprint identification;;microSD (dedicated slot);;2 MP;LED flash;320p;No;No;1.2, A2DP;No;;FM radio;Proprietary;;Voice recognitionMP3/AAC/AAC+/AMR playerPredictive text inputOrganizer;Removable Li-Ion 570 mAh battery;Up to 160 h;Up to 3 h;Silver black, Black;;;;;;;;;;;;;Class 10;No
https://www.gsmarena.com/pantech_pg_6100-1258.php;https://fdn2.gsmarena.com/vv/bigpic/pantech-pg6100.gif;Pantech PG-6100;Released 2005, Q3;115g, 25mm thickness;Feature phone;RS-MMC slot;9;N/A;305,068 hits;;176x220 pixels; ;;;GSM 900 / 1800 / 1900;;;2005, Q3;Discontinued;82 x 47.5 x 25 mm (3.23 x 1.87 x 0.98 in);115 g (4.06 oz);Mini-SIM;TFT, 256K colors;;176 x 220 pixels;;;RS-MMC;;2 MP;LED flash;Yes;No;No;1.2;No;;FM radio;Proprietary;;Predictive text input (iTAP)Bio-rhythmStopwatchCalculatorVoice memo;Removable Li-Ion battery;Up to 200 h;Up to 3 h 30 min;Silver;;;;;;;;;;;;;Class 10;No
https://www.gsmarena.com/pantech_pg_1400-1376.php;https://fdn2.gsmarena.com/vv/bigpic/pantech-pg1400.gif;Pantech PG-1400;Released 2005, Q3;75g, 12.8mm thickness;Feature phone;3MB storage, no card slot;9;N/A;132,284 hits;;128x128 pixels; ;;720 mAh Li-Ion;GSM 900 / 1800 / 1900;;;2005, Q3;Discontinued;103 x 42.5 x 12.8 mm (4.06 x 1.67 x 0.50 in);75 g (2.65 oz);Mini-SIM;CSTN, 65K colors;;128 x 128 pixels, 1:1 ratio;;;No;3MB;VGA;;Yes;No;No;No;No;;FM radio;Proprietary;;Predictive text inputOrganizerVoice memo;Removable Li-Ion 720 mAh battery;Up to 240 h;Up to 4 h;Black, Silver;;;;;;;;;;;;;Class 10;No
https://www.gsmarena.com/pantech_pg_1200-1287.php;https://fdn2.gsmarena.com/vv/bigpic/pantech-pg1200.gif;Pantech PG-1200;Released 2005, Q2;91.5g, 23.3mm thickness;Feature phone;No card slot;9;N/A;83,865 hits;;128x160 pixels; ;;700 mAh Li-Ion;GSM 900 / 1800 / 1900;;;2005, Q2;Discontinued;90 x 45.5 x 23.3 mm (3.54 x 1.79 x 0.92 in);91.5 g (3.21 oz);Mini-SIM;CSTN, 65K colors;;128 x 160 pixels;Second external 65K colors CSTN display (96 x 64 pixels);;No;;VGA;;Yes;No;No;No;No;;No;Proprietary;;Predictive text inputOrganizerVoice memo;Removable Li-Ion 700 mAh battery;Up to 270 h;Up to 3 h 50 min;Dark Blue, Silver;;;;;;;;;;;;;Class 10;No
https://www.gsmarena.com/pantech_pg_3200-1151.php;https://fdn2.gsmarena.com/vv/bigpic/pantech-pg3200.gif;Pantech PG-3200;Released 2005, Q2;70g, 18mm thickness;Feature phone;3.5MB storage, no card slot;9;N/A;188,751 hits;;128x128 pixels; ;;760 mAh Li-Ion;GSM 900 / 1800 / 1900;;;2005, Q2;Discontinued;70 x 43 x 18 mm (2.76 x 1.69 x 0.71 in);70 g (2.47 oz);Mini-SIM;TFT, 256K colors;;128 x 128 pixels, 1:1 ratio;Second external 256K colors TFT display (96 x 64 pixels);;No;3.5MB;VGA;LED flash;No;No;No;No;No;;No;Proprietary;;Predictive text inputOrganizerVoice memo;Removable Li-Ion 760 mAh battery;Up to 160 h;Up to 2 h 20 min;Black, Silver, Navy, Red;;;;;;;;;;;;;Class 10;No
https://www.gsmarena.com/pantech_pg_1000s-1152.php;https://fdn2.gsmarena.com/vv/bigpic/pantech-pg1000s.gif;Pantech PG-1000s;Released 2005, Q2;80g, 23.3mm thickness;Feature phone;No card slot;7;N/A;77,360 hits;;128x160 pixels; ;;670 mAh Li-Ion;GSM 900 / 1800 / 1900;;;2005, Q2;Discontinued;82 x 42 x 23.3 mm (3.23 x 1.65 x 0.92 in);80 g (2.82 oz);Mini-SIM;TFT, 65K colors;;128 x 160 pixels;Second external mono display (96 x 64 pixels);;No;;No;;;;No;No;No;;No;Proprietary;;Predictive text inputOrganizer;Removable Li-Ion 670 mAh battery;Up to 150 h;Up to 3 h;Black, Blue, Silver;;;;;;;;;;;;;Class 8;No
https://www.gsmarena.com/pantech_gf500-1096.php;https://fdn2.gsmarena.com/vv/bigpic/pantech-gf500.gif;Pantech GF500;Released 2005, Q1;83g, 22mm thickness;Feature phone;8.4MB storage, no card slot;8;N/A;96,432 hits;;128x160 pixels; ;;;GSM 900 / 1800 / 1900;;;2005, Q1;Discontinued;89 x 46 x 22 mm (3.50 x 1.81 x 0.87 in);83 g (2.93 oz);Mini-SIM;TFT, 256K colors;;128 x 160 pixels;Second external 256K colors TFT display (128 x 160 pixels);;No;8.4MB;1.3 MP;LED flash;Yes;No;No;No;No;;No;;;Predictive text inputOrganizerStopwatchVoice memo;Removable Li-Ion battery;Up to 150 h;Up to 3 h;2 - Silver Blue and Silver Black;;;;;;;;;;;;;Class 10;No
https://www.gsmarena.com/pantech_pg3000-1095.php;https://fdn2.gsmarena.com/vv/bigpic/pantech-pg3000.gif;Pantech PG3000;Released 2005, Q1;99g, 22mm thickness;Feature phone;8.4MB storage, no card slot;7;N/A;135,236 hits;;128x160 pixels; ;;850 mAh Li-Ion;GSM 900 / 1800;;;2005, Q1;Discontinued;87 x 42 x 22 mm (3.43 x 1.65 x 0.87 in);99 g (3.49 oz);Mini-SIM;TFT, 256K colors;;128 x 160 pixels;;;No;8.4MB;1.3 MP;LED flash;Yes;No;No;No;No;;No;;;Predictive text inputOrganizerStopwatchVoice memo;Removable Li-Ion 850 mAh battery;Up to 200 h;Up to 3 h 20 min;Black, Silver;;;;;;;;;;;;;Class 10;No
https://www.gsmarena.com/pantech_gf100-1018.php;https://fdn2.gsmarena.com/vv/bigpic/pthgf100.gif;Pantech GF100;Released 2005, Q1;85g, 22.5mm thickness;Feature phone;1.8MB storage, no card slot;7;N/A;81,248 hits;;128x128 pixels; ;;680 mAh Li-Ion;GSM 900 / 1800;;;2005, Q1;Discontinued;82 x 44 x 22.5 mm (3.23 x 1.73 x 0.89 in);85 g (3.00 oz);Mini-SIM;STN, 65K colors;;128 x 128 pixels, 1:1 ratio;Second external 65K colors STN display  (96 x 64 pixels);;No;1.8MB;No;;;;No;No;No;;No;;;Predictive text inputOrganizerStopwatchVoice memo;Removable Li-Ion 680 mAh battery;Up to 300 h;Up to 2 h 30 min;;;;;;;;;;;;;3D sound;Class 10;No
https://www.gsmarena.com/pantech_g670-926.php;https://fdn2.gsmarena.com/vv/bigpic/pthg670.gif;Pantech G670;Released 2004, Q4;85g, 21mm thickness;Feature phone;1.8MB storage, no card slot;7;N/A;91,626 hits;;128x160 pixels; ;;;GSM 900 / 1800;;;2004, Q4;Discontinued;80 x 40 x 21 mm (3.15 x 1.57 x 0.83 in);85 g (3.00 oz);Mini-SIM;TFT, 256K colors;;128 x 160 pixels;Second external 256K colors TFT display  (128 x 160 pixels);;No;1.8MB;VGA;;Yes;No;No;No;No;;No;;Thermometer;Predictive text inputOrganizerStopwatchVoice memo;Removable Li-Ion battery;Up to 200 h;Up to 3 h 30 min;Gray;;;;;;;;;;;;;Class 10;No
https://www.gsmarena.com/pantech_gi100-806.php;https://fdn2.gsmarena.com/vv/bigpic/pthgi100.gif;Pantech GI100;Released 2004, Q2;82g, 22mm thickness;Feature phone;13.5MB storage, no card slot;9;N/A;190,279 hits;;128x160 pixels; ;;780 mAh Li-Ion;GSM 900 / 1800;;;2004, Q2;Discontinued;82 x 40 x 22 mm (3.23 x 1.57 x 0.87 in);82 g (2.89 oz);Mini-SIM;TFT, 256K colors;;128 x 160 pixels;External 256K colors TFT (128 x 160 pixels)ScreensaverDownloadable logos;;No;13.5MB;1.3 MP;LED flash;Yes;No;No;No;No;;No;;Fingerprint (front-mounted);Predictive text inputVoice memo(max 30 sec)OrganizerStopwatch;Removable Li-Ion 780 mAh battery;Up to 90 h;Up to 3 h;B.Silver, P.Silver;;;;;;;;;;;;;Class 10;No
https://www.gsmarena.com/pantech_gf200-805.php;https://fdn2.gsmarena.com/vv/bigpic/pthgf200.gif;Pantech GF200;Released 2004, Q2;85g, 22mm thickness;Feature phone;8.4MB storage, no card slot;9;N/A;108,050 hits;;128x160 pixels; ;;820 mAh Li-Ion;GSM 900 / 1800 / 1900;;;2004, Q2;Discontinued;81 x 42 x 22 mm (3.19 x 1.65 x 0.87 in);85 g (3.00 oz);Mini-SIM;TFT, 256K colors;;128 x 160 pixels;External 256K colors TFT (128 x 160 pixels)Downloadable logos;;No;8.4MB;VGA;LED flash;Yes;No;No;No;No;;No;;;Predictive text inputVoice memoOrganizer;Removable Li-Ion 820 mAh battery;Up to 200 h;Up to 3 h 30 min;;;;;;;;;;;;;;Class 10;No
https://www.gsmarena.com/pantech_gb300-887.php;https://fdn2.gsmarena.com/vv/bigpic/pthgb300.gif;Pantech GB300;Released 2004, Q2;72g, 18mm thickness;Feature phone;2MB storage, no card slot;10;N/A;117,313 hits;"1.6""";128x128 pixels, 1.5 inches; ;;850 mAh Li-Ion;GSM 900 / 1800;;;2004, Q2;Discontinued;99 x 46 x 18 mm (3.90 x 1.81 x 0.71 in);72 g (2.54 oz);Mini-SIM;STN, 65K colors;1.6 inches, 28 x 30 mm, 8.3 cm(~18.1% screen-to-body ratio);128 x 128 pixels, 1.5 inches, 1:1 ratio (~113 ppi density);;;No;2MB;No;;;;No;No;No;;No;;;Predictive text inputVoice memoOrganizerStopwatch;Removable Li-Ion 850 mAh battery;Up to 145 h;Up to 3 h 20 min;Blue, Silver, Red;;;;;;;;;;;;;Class 10;No
https://www.gsmarena.com/pantech_gb200-925.php;https://fdn2.gsmarena.com/vv/bigpic/pthgb200.gif;Pantech GB200;Released 2004, Q4;80g, 20mm thickness;Feature phone;2.8MB storage, no card slot;8;N/A;87,159 hits;;128x160 pixels; ;;680 mAh Li-Ion;GSM 900 / 1800 / 1900;;;2004, Q4;Discontinued;80 x 40 x 20 mm (3.15 x 1.57 x 0.79 in);80 g (2.82 oz);Mini-SIM;STN, 65K colors;;128 x 160 pixels;Second external B/W display  (96 x 64 pixels);;No;2.8MB;VGA;;Yes;No;No;No;No;;No;;;Predictive text inputOrganizerStopwatchVoice memo;Removable Li-Ion 680 mAh battery;Up to 150 h;Up to 3 h;Gray;;;;;;;;;;;;;Class 10;No
https://www.gsmarena.com/pantech_gb100-886.php;https://fdn2.gsmarena.com/vv/bigpic/pthgb100.gif;Pantech GB100;Released 2004, Q2;80g, 21mm thickness;Feature phone;750 KB storage, no card slot;7;N/A;85,197 hits;;128x128 pixels; ;;640 mAh Li-Ion;GSM 900 / 1800;;;2004, Q2;Discontinued;80 x 42 x 21 mm (3.15 x 1.65 x 0.83 in);80 g (2.82 oz);Mini-SIM;CSTN, 65K colors;;128 x 128 pixels, 1:1 ratio;;;No;750 KB;No;;;;No;No;No;;No;;;Predictive text inputOrganizerStopwatch;Removable Li-Ion 640 mAh battery;Up to 150 h;Up to 3 h;;;;;;;;;;;;;;Class 10;No
https://www.gsmarena.com/pantech_g900-791.php;https://fdn2.gsmarena.com/vv/bigpic/pthg900.gif;Pantech G900;Released 2004;80g, 20mm thickness;Feature phone;No card slot;8;N/A;81,629 hits;;128x160 pixels; ;;;GSM 900 / 1800;;;2004;Discontinued;80 x 40 x 20 mm (3.15 x 1.57 x 0.79 in);80 g (2.82 oz);Mini-SIM;TFT, 256K colors;;128 x 160 pixels;External 256K colors TFT (128 x 160 pixels)Downloadable logos;;No;;VGA;;No;No;No;No;No;;No;;;Predictive text inputOrganizerStop watch;Removable Li-Ion battery;Up to 200 h;Up to 4 h;Orange Yellow, European Silver;;;;;;;;;;;;;Class 10;No
https://www.gsmarena.com/pantech_g600-790.php;https://fdn2.gsmarena.com/vv/bigpic/pthg600.gif;Pantech G600;Released 2004;87g, 22mm thickness;Feature phone;No card slot;9;N/A;89,323 hits;;128x143 pixels; ;;;GSM 900 / 1800;;;2004;Discontinued;87.3 x 46.5 x 22 mm (3.44 x 1.83 x 0.87 in);87 g (3.07 oz);Mini-SIM;TFT, 256K colors;;128 x 143 pixels;External 256K colors TFT(96 x 64 pixels)Downloadable logos;;No;;VGA;LED flash;No;No;No;No;No;;No;;;Predictive text inputOrganizerStop watch;Removable Li-Ion battery;Up to 150 h;Up to 3 h;Wine Red, European Silver;;;;;;;;;;;;;Class 10;No
https://www.gsmarena.com/pantech_g800-771.php;https://fdn2.gsmarena.com/vv/bigpic/pthg800.gif;Pantech G800;Released 2004;85g, 22mm thickness;Feature phone;No card slot;8;N/A;108,484 hits;;128x160 pixels; ;;760 mAh Li-Ion;GSM 900 / 1800 / 1900;;;2004;Discontinued;85 x 41 x 22 mm (3.35 x 1.61 x 0.87 in);85 g (3.00 oz);Mini-SIM;TFT, 256K colors;;128 x 160 pixels;External 256K colors TFT(128 x 128 pixels);;No;;VGA;LED flash;No;No;No;1.1;No;;No;;;Predictive text inputOrganizerStop watchPC-Sync;Removable Li-Ion 760 mAh battery;Up to 200 h;Up to 3 h;Silver, White, Deep Blue;;;;;;;;;;;;;Class 10;No
https://www.gsmarena.com/pantech_g700-770.php;https://fdn2.gsmarena.com/vv/bigpic/pthg700.gif;Pantech G700;Released 2004;79g, 22.8mm thickness;Feature phone;No card slot;9;N/A;100,142 hits;;128x160 pixels; ;;;GSM 900 / 1800 / 1900;;;2004;Discontinued;80 x 42 x 22.8 mm (3.15 x 1.65 x 0.90 in);79 g (2.79 oz);Mini-SIM;TFT, 65K colors;;128 x 160 pixels;7 colors indicator;;No;;No;;;;No;No;No;;No;;;Predictive text inputOrganizerStop watch;Removable Li-Ion battery;Up to 180 h;Up to 3 h;Silver;;;;;;;;;;;;;Class 10;No
https://www.gsmarena.com/pantech_g500-769.php;https://fdn2.gsmarena.com/vv/bigpic/pthg500.gif;Pantech G500;Released 2004;90g, 22mm thickness;Feature phone;2.5MB storage, no card slot;9;N/A;137,367 hits;;128x160 pixels, 8 lines; ;;;GSM 900 / 1800;;;2004;Discontinued;85 x 41 x 22 mm (3.35 x 1.61 x 0.87 in);90 g (3.17 oz);Mini-SIM;TFT, 256K colors;;128 x 160 pixels, 8 lines;External 256K colors TFT(128 x 128 pixels);;No;2.5MB;VGA;LED flash;No;No;No;No;No;;No;;;Predictive text inputOrganizerStop watchVoice memoPC-Sync;Removable Li-Ion battery;Up to 200 h;Up to 3 h 30 min;Red, Silver, Pearl White;;;;;;;;;;;;;Class 8;No
https://www.gsmarena.com/pantech_g300-768.php;https://fdn2.gsmarena.com/vv/bigpic/pthg300.gif;Pantech G300;Released 2003;75g, 23.5mm thickness;Feature phone;No card slot;10;N/A;105,096 hits;;128x128 pixels; ;;;GSM 900 / 1800;;;2003;Discontinued;76 x 40 x 23.5 mm (2.99 x 1.57 x 0.93 in);75 g (2.65 oz);Mini-SIM;TFT, 256K colors;;128 x 128 pixels, 1:1 ratio;External B&W LCD (96 x 64 pixels);;No;;No;;;;No;No;No;;No;;;Predictive text inputOrganizerStop watchVoice memoPC-Sync;Removable Li-Ion battery;Up to 150 h;Up to 3 h;Red, Silver, Light blue, Violet;;;;;;;;;;;;;Class 10;No
https://www.gsmarena.com/pantech_g200-767.php;https://fdn2.gsmarena.com/vv/bigpic/pthg200.gif;Pantech G200;Released 2003;80g, 20.5mm thickness;Feature phone;No card slot;8;N/A;79,361 hits;;128x160 pixels; ;;;GSM 900 / 1800;;;2003;Discontinued;83.5 x 46 x 20.5 mm (3.29 x 1.81 x 0.81 in);80 g (2.82 oz);Mini-SIM;TFT, 65K colors;;128 x 160 pixels;External B&W LCD (96 x 48 pixels);;No;;No;;;;No;No;No;;No;;;Predictive text inputOrganizerStop watch;Removable Li-Ion battery;Up to 150 h;Up to 3 h;Blue, Silver, Black;;;;;;;;;;;;;Class 10;No
https://www.gsmarena.com/pantech_q80-766.php;https://fdn2.gsmarena.com/vv/bigpic/pthq80.gif;Pantech Q80;Released 2003;80g, 21mm thickness;Feature phone;No card slot;8;N/A;76,764 hits;;128x143 pixels; ;;;GSM 900 / 1800;;;2003;Discontinued;83.5 x 46 x 21 mm (3.29 x 1.81 x 0.83 in);80 g (2.82 oz);Mini-SIM;TFT, 65K colors;;128 x 143 pixels;External B&W LCD (96 x 48 pixels);;No;;No;;;;No;No;No;;No;;;Predictive text inputOrganizerStop watch;Removable Li-Ion battery;Up to 150 h;Up to 3 h;Silver;;;;;;;;;;;;;Class 10;No
