Link;Image;Name;Release date;Weight;OS;Storage;Fans;Popularity;Hits;Screen_size;Screen_resolution;RAM;SOC;Battery;net2g;net3g;net4g;speed;year;status;dimensions;weight;sim;displaytype;displaysize;displayresolution;os;chipset;cpu;gpu;memoryslot;internalmemory;cam1modules;cam1features;cam1video;cam2modules;cam2video;wlan;bluetooth;gps;nfc;radio;usb;sensors;batdescription1;batstandby1;battalktime1;colors;memoryother;cam2features;gprstext;edge;featuresother
https://www.gsmarena.com/posh_memo_pro_lte_l600-8537.php;https://fdn2.gsmarena.com/vv/bigpic/posh-l600.jpg;Posh Memo Pro LTE L600;Released 2016, December;187.6g, 7.9mm thickness;Android 5.1;16GB storage, microSDXC;3;N/A;85,912 hits;"6.0""";720x1280 pixels;1 GB RAM;MT6735;2700 mAh Li-Po;GSM 850 / 900 / 1800 / 1900 - SIM 1 & SIM 2;HSDPA 850 / 1700 / 2100 - L600A;2, 4, 5, 7, 17 - L600A;HSPA 42.2/5.76 Mbps, LTE Cat4 150/50 Mbps;2016, August. Released 2016, December;Discontinued;161.5 x 85.6 x 7.9 mm (6.36 x 3.37 x 0.31 in);187.6 g (6.63 oz);Dual SIM;IPS LCD;6.0 inches, 99.2 cm(~71.8% screen-to-body ratio);720 x 1280 pixels, 16:9 ratio (~245 ppi density);Android 5.1 (Lollipop);Mediatek MT6735 (28 nm);Quad-core 1.0 GHz Cortex-A53;Mali-T720;microSDXC;16GB 1GB RAM;8 MP, AF;LED flash;1080p@30fps;5 MP;;Wi-Fi 802.11 b/g/n, hotspot;4.0, A2DP;GPS;No;FM radio;microUSB 2.0;Accelerometer;Li-Po 2700 mAh battery;Up to 180 h (3G);Up to 5 h 30 min (3G);Black, White;;;;;
https://www.gsmarena.com/posh_equal_plus_x700-8536.php;https://fdn2.gsmarena.com/vv/bigpic/posh-x700.jpg;Posh Equal Plus X700;Released 2017, January;275g, 9.9mm thickness;Android 6.0;16GB storage, microSDXC;4;N/A;54,570 hits;"7.0""";600x1024 pixels;1 GB RAM;MT8321;2650 mAh Li-Po;GSM 850 / 900 / 1800 / 1900 - SIM 1 & SIM 2;HSDPA 850 / 1900 / 2100;;HSPA;2016, September. Released 2017, January;Discontinued;192.1 x 107.9 x 9.9 mm (7.56 x 4.25 x 0.39 in);275 g (9.70 oz);Dual SIM;IPS LCD;7.0 inches, 137.9 cm(~66.5% screen-to-body ratio);600 x 1024 pixels, 16:9 ratio (~170 ppi density);Android 6.0 (Marshmallow);Mediatek MT8321 (28 nm);Quad-core 1.3 GHz Cortex-A7;Mali-400;microSDXC;16GB 1GB RAM;5 MP;LED flash;Yes;2 MP;;Wi-Fi 802.11 b/g/n;4.1, A2DP, LE;GPS;No;FM radio;microUSB 2.0;Accelerometer;Li-Po 2650 mAh battery;Up to 176 h (3G);Up to 5 h (3G);Black, Silver, Rose Gold;;;;;
https://www.gsmarena.com/posh_ultra_max_lte_l550-8535.php;https://fdn2.gsmarena.com/vv/bigpic/posh-um-l550.jpg;Posh Ultra Max LTE L550;Released 2016, December;177g, 7.3mm thickness;Android 6.0;16GB storage, microSDXC;2;N/A;54,985 hits;"5.5""";720x1280 pixels;1 GB RAM;MT6737;2700 mAh Li-Po;GSM 850 / 900 / 1800 / 1900 - SIM 1 & SIM 2;HSDPA 850 / 1900 / 2100;2, 3, 4, 7, 17, 12, 20;HSPA 42.2/5.76 Mbps, LTE Cat4 150/50 Mbps;2016, August. Released 2016, December;Discontinued;152.1 x 76.8 x 7.3 mm (5.99 x 3.02 x 0.29 in);177 g (6.24 oz);Dual SIM;IPS LCD;5.5 inches, 83.4 cm(~71.4% screen-to-body ratio);720 x 1280 pixels, 16:9 ratio (~267 ppi density);Android 6.0 (Marshmallow);Mediatek MT6737 (28 nm);Quad-core 1.25 GHz Cortex-A53;Mali-T720;microSDXC;16GB 1GB RAM;8 MP, AF;LED flash;1080p@30fps;2 MP;;Wi-Fi 802.11 b/g/n;4.1, A2DP, LE;GPS;No;FM radio;microUSB 2.0;Accelerometer, proximity;Li-Po 2700 mAh battery;Up to 180 h (3G);Up to 5 h 30 min (3G);Black, Gold, White;eMMC 5.0;;;;
https://www.gsmarena.com/posh_kick_pro_lte_l520-8179.php;https://fdn2.gsmarena.com/vv/bigpic/posh-Kick_Pro_LTE_L520.jpg;Posh Kick Pro LTE L520;Released 2016, April;130g, 8.6mm thickness;Android 6.0;8GB storage, microSDHC;0;N/A;51,534 hits;"5.0""";720x1280 pixels;1 GB RAM;MT6735P;2000 mAh Li-Ion;GSM 850 / 900 / 1800 / 1900 - SIM 1 & SIM 2;HSDPA 850 / 1700(AWS) / 1900 / 2100;2, 4, 7, 17;HSPA 21.1/5.76 Mbps, LTE Cat4 150/50 Mbps;2015, November. Released 2016, April;Discontinued;142.5 x 71.5 x 8.6 mm (5.61 x 2.81 x 0.34 in);130 g (4.59 oz);Dual SIM (Micro-SIM, dual stand-by);IPS LCD;5.0 inches, 68.9 cm(~67.6% screen-to-body ratio);720 x 1280 pixels, 16:9 ratio (~294 ppi density);Android 6.0 (Marshmallow);Mediatek MT6735P (28 nm);Quad-core 1.0 GHz Cortex-A53;Mali-T720MP2;microSDHC;8GB 1GB RAM;8 MP, AF;LED flash, HDR, panorama;1080p@30fps;5 MP;;Wi-Fi 802.11 b/g/n, Wi-Fi Direct;4.0, A2DP, EDR;GPS;No;No;microUSB 2.0;Accelerometer, proximity;Li-Ion 2000 mAh, removable;;;White, Gold, Gray;;;;;
https://www.gsmarena.com/posh_optima_lte_l530-8178.php;https://fdn2.gsmarena.com/vv/bigpic/posh-Optima_LTE_L530.jpg;Posh Optima LTE L530;Released 2016, April;133g, 8mm thickness;Android 5.1;16GB storage, microSDHC;2;N/A;63,828 hits;"5.0""";720x1280 pixels;2 GB RAM;MT6753;3000 mAh Li-Po;GSM 850 / 900 / 1800 / 1900 - SIM 1 & SIM 2;HSDPA 850 / 1900 / 2100;2, 4, 7, 17;HSPA 21.1/5.76 Mbps, LTE Cat4 150/50 Mbps;2016, February. Released 2016, April;Discontinued;143.5 x 69.4 x 8 mm (5.65 x 2.73 x 0.31 in);133 g (4.69 oz);Dual SIM (Micro-SIM, dual stand-by);IPS LCD;5.0 inches, 68.9 cm(~69.2% screen-to-body ratio);720 x 1280 pixels, 16:9 ratio (~294 ppi density);Android 5.1 (Lollipop);Mediatek MT6753 (28 nm);Octa-core 1.3 GHz Cortex-A53;Mali-400;microSDHC;16GB 2GB RAM;"13 MP, f/2.2, 1/3.1"", 1.12µm, AF";Dual-LED flash, panorama, HDR;1080p@30fps;"13 MP, f/2.2, 1/3"", AF";;Wi-Fi 802.11 b/g/n, Wi-Fi Direct, hotspot;4.0, A2DP, EDR;GPS;No;No;microUSB 2.0, OTG;Accelerometer, proximity, compass;Li-Po 3000 mAh, non-removable;Up to 400 h (2G) / Up to 300 h (3G);Up to 10 h (2G) / Up to 8 h (3G);Black, Gold;;;;;
https://www.gsmarena.com/posh_icon_hd_x551-8177.php;https://fdn2.gsmarena.com/vv/bigpic/posh-Icon_HD_X551.jpg;Posh Icon HD X551;Released 2016, January;115g, 8.2mm thickness;Android 5.1;16GB storage, microSDHC;0;N/A;58,881 hits;"5.5""";720x1280 pixels;1 GB RAM;MT6580A;2100 mAh Li-Po;GSM 850 / 900 / 1800 / 1900 - SIM 1 & SIM 2;HSDPA 850 / 1900 / 2100;;HSPA 21.1/5.76 Mbps;2015, November. Released 2016, January;Discontinued;153.2 x 79 x 8.2 mm (6.03 x 3.11 x 0.32 in);115 g (4.06 oz);Dual SIM (Micro-SIM/ Mini-SIM, dual stand-by);IPS LCD;5.5 inches, 83.4 cm(~68.9% screen-to-body ratio);720 x 1280 pixels, 16:9 ratio (~267 ppi density);Android 5.1 (Lollipop);Mediatek MT6580A (28 nm);Quad-core 1.3 GHz Cortex-A7;Mali-400MP2;microSDHC;16GB 1GB RAM;8 MP, AF;LED flash, HDR, panorama;1080p@30fps;2 MP;;Wi-Fi 802.11 b/g/n, Wi-Fi Direct, DLNA, hotspot;4.0, A2DP, EDR;GPS;No;FM radio;microUSB 2.0;Accelerometer, proximity, compass;Li-Po 2100 mAh, removable;Up to 700 h (2G) / Up to 250 h (3G);Up to 22 h (2G) / Up to 12 h (3G);Dark Grey, White, Gold, Rose Gold, Silver;;;;;
https://www.gsmarena.com/posh_volt_lte_l540-8176.php;https://fdn2.gsmarena.com/vv/bigpic/posh-Volt_LTE_L540.jpg;Posh Volt LTE L540;Released 2016, May;167.5g, 10mm thickness;Android 5.1;16GB storage, microSDXC;2;N/A;83,816 hits;"5.0""";720x1280 pixels;3 GB RAM;MT6735P;4000 mAh Li-Po;GSM 850 / 900 / 1800 / 1900 - SIM 1 & SIM 2;HSDPA 850 / 1900 / 2100;2, 3, 4, 7, 17;HSPA 21.1/5.76 Mbps, LTE Cat4 150/50 Mbps;2016, March. Released 2016, May;Discontinued;143.8 x 72 x 10 mm (5.66 x 2.83 x 0.39 in);167.5 g (5.93 oz);Dual SIM (Micro-SIM, dual stand-by);IPS LCD;5.0 inches, 68.9 cm(~66.6% screen-to-body ratio);720 x 1280 pixels, 16:9 ratio (~294 ppi density);Android 5.1 (Lollipop);Mediatek MT6735P (28 nm);Quad-core 1.0 GHz Cortex-A53;Mali-T720MP2;microSDXC;16GB 3GB RAM;"8 MP, f/2.4, 1/4.0"", 1.12µm, AF";LED flash, panorama, HDR;1080p@30fps;"5 MP, f/2.2, 1/5"", 1.12µm";;Wi-Fi 802.11 b/g/n, Wi-Fi Direct, hotspot;4.0, A2DP, LE;GPS;No;FM radio;microUSB 2.0;Accelerometer, proximity;Li-Po 4000 mAh, non-removable;Up to 600 h (2G) / Up to 300 h (3G);Up to 16 h (2G) / Up to 12 h (3G);Grey, Gold, Rose Gold;;;;;
https://www.gsmarena.com/posh_volt_max_lte_l640-8175.php;https://fdn2.gsmarena.com/vv/bigpic/posh-Volt_Max_LTE_L640.jpg;Posh Volt Max LTE L640;Released 2016, June;230g, 8.1mm thickness;Android 5.1;32GB/64GB storage, no card slot;5;N/A;75,961 hits;"6.44""";1280x1920 pixels;3 GB RAM;MT6753;6000 mAh Li-Po;GSM 850 / 900 / 1800 / 1900 - SIM 1 & SIM 2;HSDPA 850 / 1900 / 2100;2, 3, 4, 7, 17;HSPA 42.2/5.76 Mbps, LTE Cat4 150/50 Mbps;2016, March. Released 2016, June;Discontinued;176 x 89.3 x 8.1 mm (6.93 x 3.52 x 0.32 in);230 g (8.11 oz);Dual SIM (Micro-SIM, dual stand-by);IPS LCD;6.44 inches, 123.5 cm(~78.6% screen-to-body ratio);1280 x 1920 pixels, 3:2 ratio (~358 ppi density);Android 5.1 (Lollipop);Mediatek MT6753 (28 nm);Octa-core 1.3 GHz Cortex-A53;Mali-T760MP2;No;32GB 3GB RAM, 64GB 3GB RAM;"13 MP, f/2.4, 1/3.1"", 1.12µm, AF";LED flash, panorama, HDR;1080p@30fps;"8 MP, f/2.2, 1/4"", 1.12µm";;Wi-Fi 802.11 b/g/n, Wi-Fi Direct, hotspot;4.1, A2DP, LE;GPS;No;No;microUSB 2.0, OTG;Accelerometer, proximity, compass;Li-Po 6000 mAh, non-removable;Up to 600 h (2G) / Up to 400 h (3G);Up to 16 h (2G) / Up to 8 h (3G);Grey, Gold, Rose Gold;;;;;
https://www.gsmarena.com/posh_equal_pro_lte_l700-8174.php;https://fdn2.gsmarena.com/vv/bigpic/posh-Equal_Pro_LTE_L700.jpg;Posh Equal Pro LTE L700;Released 2016, March;248g, 8.4mm thickness;Android 5.1;16GB storage, microSDHC;5;N/A;65,091 hits;"6.95""";720x1280 pixels;1 GB RAM;MT8735P;2800 mAh Li-Po;GSM 850 / 900 / 1800 / 1900 - SIM 1 & SIM 2;HSDPA 850 / 1900 / 2100;2, 4, 7, 17;HSPA 42.2/11.5 Mbps, LTE Cat4 150/50 Mbps;2016, February. Released 2016, March;Discontinued;192 x 101.6 x 8.4 mm (7.56 x 4.0 x 0.33 in);248 g (5.22 oz);Dual SIM (Micro-SIM/ Mini-SIM, dual stand-by);IPS LCD;6.95 inches, 133.2 cm(~68.3% screen-to-body ratio);720 x 1280 pixels, 16:9 ratio (~211 ppi density);Android 5.1 (Lollipop);Mediatek MT8735P;Quad-core 1.0 GHz Cortex-A53;Mali-T720MP2;microSDHC;16GB 1GB RAM;5 MP, AF;LED flash, HDR, panorama;1080p@30fps;2 MP;;Wi-Fi 802.11 a/b/g/n, hotspot;4.0, A2DP, LE;GPS;No;FM radio;microUSB 2.0, OTG;Accelerometer, compass;Li-Po 2800 mAh, non-removable;Up to 900 h (2G) / Up to 800 h (3G);Up to 24 h (2G) / Up to 15 h (3G);Black, White, Blue;;;;;
https://www.gsmarena.com/posh_primo_plus_c353-7622.php;https://fdn2.gsmarena.com/vv/bigpic/posh-plus-c353.jpg;Posh Primo Plus C353;Released 2015, August;96.1g, 10.4mm thickness;Android 4.4.2;512MB 256MB RAM storage, microSDHC slot;0;N/A;56,852 hits;"3.5""";320x480 pixels;256 MB RAM;Spreadtrum SC7715;1300 mAh Li-Po;GSM 850 / 900 / 1800 / 1900 - SIM 1 & SIM 2;HSDPA 850 / 1900 - C353A;;HSPA 21.1/5.76 Mbps;2015, May. Released 2015, August;Discontinued;116 x 63 x 10.4 mm (4.57 x 2.48 x 0.41 in);96.1 g (3.39 oz);Dual SIM (Mini-SIM, dual stand-by);TFT;3.5 inches, 36.5 cm(~49.9% screen-to-body ratio);320 x 480 pixels, 3:2 ratio (~165 ppi density);Android 4.4.2 (KitKat);Spreadtrum SC7715;1.0 GHz;;microSDHC;512MB 256MB RAM;VGA;;Yes;VGA;;Wi-Fi 802.11 b/g/n, hotspot;2.1, EDR;No;No;FM radio;microUSB 2.0;Accelerometer;Li-Po 1300 mAh battery;Up to 260 h (2G) / Up to 220 h (3G);Up to 5 h 30 min (2G) / Up to 5 h (3G);Black, White, Blue, Pink, Yellow;;;;;
https://www.gsmarena.com/posh_kick_x511-7621.php;https://fdn2.gsmarena.com/vv/bigpic/posh-kick-x511.jpg;Posh Kick X511;Released 2015, August;160g, 8.1mm thickness;Android 4.4.2;8GB storage, microSDHC;0;N/A;72,911 hits;"5.0""";540x960 pixels;1 GB RAM;MT6582M;1600 mAh Li-Po;GSM 850 / 900 / 1800 / 1900 - SIM 1 & SIM 2;HSDPA 850 / 1900 - X511A;;HSPA 21.1/5.76 Mbps;2015, May. Released 2015, August;Discontinued;144.5 x 72 x 8.1 mm (5.69 x 2.83 x 0.32 in);160 g (5.64 oz);Dual SIM (Mini-SIM/ Micro-SIM, dual stand-by);IPS LCD;5.0 inches, 68.9 cm(~66.2% screen-to-body ratio);540 x 960 pixels, 16:9 ratio (~220 ppi density);Android 4.4.2 (KitKat);Mediatek MT6582M (28 nm);Quad-core 1.3 GHz Cortex-A7;Mali-400MP2;microSDHC;8GB 1GB RAM;5 MP, AF;LED flash, panorama, HDR;1080p@30fps;VGA;;Wi-Fi 802.11 b/g/n, Wi-Fi Direct, DLNA, hotspot;4.0, A2DP, EDR;GPS;No;FM radio;microUSB 2.0;Accelerometer, proximity;Li-Po 1600 mAh battery;Up to 400 h (2G) / Up to 240 h (3G);Up to 5 h (2G) / Up to 4 h (3G);Black, White, Gold, Blue;;;;;
https://www.gsmarena.com/posh_kick_lite_s410-7620.php;https://fdn2.gsmarena.com/vv/bigpic/posh-kick-lite-s410.jpg;Posh Kick Lite S410;Released 2015, August;119g, 12.2mm thickness;Android 4.4.2;4GB 512MB RAM storage, microSDHC slot;1;N/A;50,885 hits;"4.0""";480x800 pixels;512 MB RAM;MT6572M;1450 mAh Li-Po;GSM 850 / 900 / 1800 / 1900 - SIM 1 & SIM 2;HSDPA 850 / 1700(AWS) / 1900 - S410A;;HSPA 21.1/5.76 Mbps;2015, May. Released 2015, August;Discontinued;123.3 x 63.5 x 12.2 mm (4.85 x 2.5 x 0.48 in);119 g (4.20 oz);Dual SIM (Mini-SIM/ Micro-SIM, dual stand-by);IPS LCD;4.0 inches, 45.5 cm(~58.2% screen-to-body ratio);480 x 800 pixels, 5:3 ratio (~233 ppi density);Android 4.4.2 (KitKat);Mediatek MT6572M (28 nm);Dual-core 1.0 GHz Cortex-A7;Mali-400;microSDHC;4GB 512MB RAM;2 MP;LED flash, panorama, HDR;720p@30fps;VGA;;Wi-Fi 802.11 b/g/n, Wi-Fi Direct, DLNA, hotspot;4.0, A2DP, EDR;GPS;No;FM radio;microUSB 2.0;Accelerometer;Li-Po 1450 mAh battery;Up to 400 h (2G) / Up to 240 h (3G);Up to 5 h (2G) / Up to 3 h (3G);Black, White, Pink, Blue;;;;;
https://www.gsmarena.com/posh_icon_s510-7619.php;https://fdn2.gsmarena.com/vv/bigpic/posh-icon-s510.jpg;Posh Icon S510;Released 2015, October;115.2g, 8.5mm thickness;Android 4.4.2;4GB 512MB RAM storage, microSDHC slot;0;N/A;54,267 hits;"5.0""";480x854 pixels;512 MB RAM;MT6572M;1800 mAh Li-Po;GSM 850 / 900 / 1800 / 1900 - SIM 1 & SIM 2;HSDPA 850 / 1700(AWS) / 1900 - S510A;;HSPA 21.1/5.76 Mbps;2015, May. Released 2015, October;Discontinued;142 x 70.5 x 8.5 mm (5.59 x 2.78 x 0.33 in);115.2 g (4.06 oz);Dual SIM (Mini-SIM, dual stand-by);IPS LCD;5.0 inches, 68.9 cm(~68.8% screen-to-body ratio);480 x 854 pixels, 16:9 ratio (~196 ppi density);Android 4.4.2 (KitKat);Mediatek MT6572M (28 nm);Dual-core 1.0 GHz Cortex-A7;Mali-400;microSDHC;4GB 512MB RAM;5 MP;LED flash, panorama, HDR;1080p@30fps;VGA;;Wi-Fi 802.11 b/g/n, Wi-Fi Direct, DLNA, hotspot;4.0, A2DP, EDR;GPS;No;FM radio;microUSB 2.0;Accelerometer;Li-Po 1800 mAh battery;Up to 260 h (2G) / Up to 220 h (3G);Up to 5 h 30 min (2G) / Up to 5 h (3G);Gold, White, Black;;;;;
https://www.gsmarena.com/posh_titan_max_hd_e550-7495.php;https://fdn2.gsmarena.com/vv/bigpic/posh-e550-.jpg;Posh Titan Max HD E550;Released 2015, July;140g, 7.9mm thickness;Android 4.4.2;8GB storage, microSDXC;2;N/A;70,385 hits;"5.5""";720x1280 pixels;1 GB RAM;MT6592M;2400 mAh Li-Po;GSM 850 / 900 / 1800 / 1900 - SIM 1 & SIM 2;HSDPA 850 / 1700(AWS) / 1900 / 2100 - E550A;;HSPA 21.1/5.76 Mbps;2015, July. Released 2015, July;Discontinued;151 x 78 x 7.9 mm (5.94 x 3.07 x 0.31 in);140 g (4.94 oz);Dual SIM (Mini-SIM/ Micro-SIM, dual stand-by);IPS LCD;5.5 inches, 83.4 cm(~70.8% screen-to-body ratio);720 x 1280 pixels, 16:9 ratio (~267 ppi density);Android 4.4.2 (KitKat);Mediatek MT6592M (28 nm);Octa-core 1.4 GHz Cortex-A7;Mali-450MP4;microSDXC;8GB 1GB RAM;13 MP, AF;Dual-LED flash, panorama, HDR;1080p@30fps;5 MP;;Wi-Fi 802.11 b/g/n, Wi-Fi Direct, DLNA, hotspot;4.0, A2DP, EDR;GPS;No;FM radio;microUSB 2.0;Accelerometer, proximity, compass;Li-Po 2400 mAh battery;Up to 400 h (2G) / Up to 240 h (3G);Up to 4 h (2G) / Up to 5 h (3G);Black, White, Gold;;LED flash;;;
https://www.gsmarena.com/posh_ultra_5_0_lte_l500-7494.php;https://fdn2.gsmarena.com/vv/bigpic/posh-l500-.jpg;Posh Ultra 5.0 LTE L500;Released 2015, July;129g, 8.4mm thickness;Android 4.4.4;8GB storage, microSDXC;1;N/A;63,678 hits;"5.0""";720x1280 pixels;1 GB RAM;Snapdragon 410;2230 mAh Li-Po;GSM 850 / 900 / 1800 / 1900 - SIM 1 & SIM 2;HSDPA 850 / 1700(AWS) / 1900 - L500A;2, 4, 7, 17;HSPA 21.1/5.76 Mbps, LTE;2015, July. Released 2015, July;Discontinued;143 x 73 x 8.4 mm (5.63 x 2.87 x 0.33 in);129 g (4.55 oz);Dual SIM (Micro-SIM, dual stand-by);IPS LCD;5.0 inches, 68.9 cm(~66.0% screen-to-body ratio);720 x 1280 pixels, 16:9 ratio (~294 ppi density);Android 4.4.4 (KitKat);Qualcomm MSM8916 Snapdragon 410 (28 nm);Quad-core 1.2 GHz Cortex-A53;Adreno 306;microSDXC;8GB 1GB RAM;8 MP, AF;LED flash, panorama;720p@30fps;2 MP;;Wi-Fi 802.11 b/g/n, Wi-Fi Direct, DLNA, hotspot;4.0, A2DP, EDR;GPS;No;FM radio;microUSB 2.0;Accelerometer, proximity, compass;Li-Po 2230 mAh battery;Up to 400 h (2G) / Up to 200 h (3G);Up to 4 h (2G) / Up to 4 h (3G);Black, White;eMMC 4.5;;;;
https://www.gsmarena.com/posh_micro_x_s240-7493.php;https://fdn2.gsmarena.com/vv/bigpic/posh-s240-.jpg;Posh Micro X S240;Released 2015, July;52.7g, 11.7mm thickness;Android 4.4.2;4GB 512MB RAM storage, microSDHC slot;15;N/A;184,869 hits;"2.45""";240x432 pixels;512 MB RAM;MT6572;650 mAh Li-Po;GSM 850 / 900 / 1800 / 1900;HSDPA 850 / 1700(AWS) / 1900 - S240A;;HSPA 21.1/5.76 Mbps;2015, July. Released 2015, July;Discontinued;89.8 x 47.8 x 11.7 mm (3.54 x 1.88 x 0.46 in);52.7 g (1.87 oz);Mini-SIM;TFT, 256K colors;2.45 inches, 16.4 cm(~38.3% screen-to-body ratio);240 x 432 pixels (~202 ppi density);Android 4.4.2 (KitKat);Mediatek MT6572 (28 nm);Dual-core 1.0 GHz Cortex-A7;Mali-400;microSDHC (dedicated slot);4GB 512MB RAM;2 MP;Panorama;720p@30fps;1 MP;;Wi-Fi 802.11 b/g/n, Wi-Fi Direct, DLNA, hotspot;4.0, A2DP, EDR;GPS;No;FM radio;microUSB 2.0;Accelerometer;Li-Po 650 mAh, removable;Up to 200 h (2G) / Up to 180 h (3G);Up to 7 h (2G) / Up to 4 h (3G);Black, White, Blue, Pink;;;;;
https://www.gsmarena.com/posh_titan_max_hd_e600-7169.php;https://fdn2.gsmarena.com/vv/bigpic/posh-e600.jpg;Posh Titan Max HD E600;Released 2015, April;172g, 8.9mm thickness;Android 4.4.2;8GB storage, microSDXC;1;N/A;87,141 hits;"6.0""";720x1280 pixels;1 GB RAM;MT6592;3000 mAh Li-Po;GSM 850 / 900 / 1800 / 1900 - SIM 1 & SIM 2;HSDPA 850 / 1700 / 1900 - E600A;;HSPA 21.1/5.76 Mbps;2014, November. Released 2015, April;Discontinued;165.8 x 84 x 8.9 mm (6.53 x 3.31 x 0.35 in);172 g (6.07 oz);Dual SIM (Mini-SIM/ Micro-SIM, dual stand-by);IPS LCD;6.0 inches, 99.2 cm(~71.3% screen-to-body ratio);720 x 1280 pixels, 16:9 ratio (~245 ppi density);Android 4.4.2 (KitKat);Mediatek MT6592 (28 nm);Octa-core 1.7 GHz Cortex-A7;Mali-450MP4;microSDXC;8GB 1GB RAM;13 MP, AF;Dual-LED flash, panorama, HDR;1080p@30fps;5 MP, AF;;Wi-Fi 802.11 b/g/n, Wi-Fi Direct, DLNA, hotspot;4.0, A2DP, EDR;GPS;No;FM radio;microUSB 2.0;Accelerometer, proximity, compass;Li-Po 3000 mAh battery;Up to 710 h (2G) / Up to 610 h (3G);Up to 24 h (2G) / Up to 12 h (3G);Black, White, Gold;;;;;
https://www.gsmarena.com/posh_titan_hd_e500-7170.php;https://fdn2.gsmarena.com/vv/bigpic/posh-e500.jpg;Posh Titan HD E500;Released 2014, September;125g, 8mm thickness;Android 4.4.2;8GB storage, microSDXC;0;N/A;71,021 hits;"5.0""";720x1280 pixels;1 GB RAM;MT6592M;2100 mAh Li-Po;GSM 850 / 900 / 1800 / 1900 - SIM 1 & SIM 2;HSDPA 850 / 1700 / 1900 - E500A;;HSPA 21.1/5.76 Mbps;2014, July. Released 2014, September;Discontinued;141.5 x 70.8 x 8 mm (5.57 x 2.79 x 0.31 in);125 g (4.41 oz);Dual SIM (Mini-SIM/ Micro-SIM, dual stand-by);IPS LCD;5.0 inches, 68.9 cm(~68.8% screen-to-body ratio);720 x 1280 pixels, 16:9 ratio (~294 ppi density);Android 4.4.2 (KitKat);Mediatek MT6592M (28 nm);Octa-core 1.3 GHz Cortex-A7;Mali-450MP4;microSDXC;8GB 1GB RAM;13 MP, AF;LED flash, panorama, HDR;1080p@30fps;5 MP;;Wi-Fi 802.11 b/g/n, Wi-Fi Direct, DLNA, hotspot;4.0, A2DP, EDR;GPS;No;FM radio;microUSB 2.0;Accelerometer, proximity, compass;Li-Po 2100 mAh battery;Up to 600 h (2G) / Up to 520 h (3G);Up to 18 h (2G) / Up to 9 h (3G);Black, White, Blue, Pink, Yellow, Orange, Green;;;;;
https://www.gsmarena.com/posh_equal_s700-7171.php;https://fdn2.gsmarena.com/vv/bigpic/posh-s700.jpg;Posh Equal S700;Released 2014, September;244g, 8.9mm thickness;Android 4.4.2;4GB 512MB RAM storage, microSDXC slot;4;N/A;90,679 hits;"7.0""";600x1024 pixels;512 MB RAM;MT8312;2600 mAh Li-Ion;GSM 850 / 900 / 1800 / 1900 - SIM 1 & SIM 2;HSDPA 850 / 1700 / 1900 - S700A;;HSPA 21.1/5.76 Mbps;2014, August. Released 2014, September;Discontinued;193.9 x 103 x 8.9 mm (7.63 x 4.06 x 0.35 in);244 g (8.61 oz);Dual SIM (Mini-SIM/ Micro-SIM, dual stand-by);TFT;7.0 inches, 137.9 cm(~69.0% screen-to-body ratio);600 x 1024 pixels, 16:9 ratio (~170 ppi density);Android 4.4.2 (KitKat);Mediatek MT8312 (28 nm);Dual-core 1.3 GHz Cortex-A7;Mali-400;microSDXC;4GB 512MB RAM;5 MP;LED flash, panorama, HDR;1080p@30fps;1.3 MP;;Wi-Fi 802.11 b/g/n, Wi-Fi Direct, DLNA, hotspot;4.0, A2DP;GPS, GLONASS;No;FM radio;microUSB 2.0;Accelerometer, compass;Li-Ion 2600 mAh, non-removable;Up to 300 h (3G);Up to 10 h (3G);Black, White;;;;;
https://www.gsmarena.com/posh_equal_lite_w700-7172.php;https://fdn2.gsmarena.com/vv/bigpic/posh-w700.jpg;Posh Equal Lite W700;Released 2014, December;231g, 9.8mm thickness;Android 4.4;8GB storage, microSDHC;0;N/A;48,934 hits;"7.0""";600x1024 pixels;512 MB RAM;MT8127;2100 mAh Li-Po;N/A;;;;2014, September. Released 2014, December;Discontinued;192 x 109 x 9.8 mm (7.56 x 4.29 x 0.39 in);231 g (8.15 oz);No;TFT;7.0 inches, 137.9 cm(~65.9% screen-to-body ratio);600 x 1024 pixels, 16:9 ratio (~170 ppi density);Android 4.4 (KitKat);Mediatek MT8127 (28 nm);Quad-core 1.3 GHz Cortex-A7;Mali-450MP4;microSDHC (dedicated slot);8GB 512MB RAM;5 MP;HDR;1080p@30fps;1.3 MP;;Wi-Fi 802.11 b/g/n, Wi-Fi Direct, DLNA, hotspot;4.0, A2DP, EDR;GPS;No;FM radio;microUSB 2.0;Accelerometer;Li-Po 2100 mAh, non-removable;Up to 250 h (3G);;White;;;No;No;
https://www.gsmarena.com/posh_memo_s580-7173.php;https://fdn2.gsmarena.com/vv/bigpic/posh-s580.jpg;Posh Memo S580;Released 2014, August;175g, 9.7mm thickness;Android 4.4;4GB 512MB RAM storage, microSDHC slot;0;N/A;50,609 hits;"5.88""";480x800 pixels;512 MB RAM;MT6572M;2500 mAh Li-Ion;GSM 850 / 900 / 1800 / 1900 - SIM 1 & SIM 2;HSDPA 850 / 1900 - S580A;;HSPA 21.1/5.76 Mbps;2014, June. Released 2014, August;Discontinued;165.5 x 90.5 x 9.7 mm (6.52 x 3.56 x 0.38 in);175 g (6.17 oz);Dual SIM (Mini-SIM, dual stand-by);TFT;5.88 inches, 98.4 cm(~65.7% screen-to-body ratio);480 x 800 pixels, 5:3 ratio (~159 ppi density);Android 4.4 (KitKat);Mediatek MT6572M (28 nm);Dual-core 1.0 GHz Cortex-A7;Mali-400;microSDHC;4GB 512MB RAM;8 MP;LED flash, panorama, HDR;720p@30fps;1.3 MP;;Wi-Fi 802.11 b/g/n, Wi-Fi Direct, DLNA, hotspot;2.1, EDR;GPS, GLONASS;No;Stereo FM radio, RDS;microUSB 2.0;Accelerometer, proximity;Li-Ion 2500 mAh battery;Up to 800 h (2G) / Up to 750 h (3G);Up to 24 h (2G) / Up to 14 h (3G);Black, White;;;;;
https://www.gsmarena.com/posh_orion_max_x550-7174.php;https://fdn2.gsmarena.com/vv/bigpic/posh-x550.jpg;Posh Orion Max X550;Released 2014, September;194g, 9.6mm thickness;Android 4.4.2;4GB 1GB RAM storage, microSDHC slot;1;N/A;55,664 hits;"5.5""";540x960 pixels;1 GB RAM;MT6582M;2500 mAh Li-Ion;GSM 850 / 900 / 1800 / 1900 - SIM 1 & SIM 2;HSDPA 850 / 1900 - X550A;;HSPA 21.1/5.76 Mbps;2014, July. Released 2014, September;Discontinued;156.3 x 77.4 x 9.6 mm (6.15 x 3.05 x 0.38 in);194 g (6.84 oz);Dual SIM (Mini-SIM, dual stand-by);IPS LCD;5.5 inches, 83.4 cm(~68.9% screen-to-body ratio);540 x 960 pixels, 16:9 ratio (~200 ppi density);Android 4.4.2 (KitKat);Mediatek MT6582M (28 nm);Quad-core 1.3 GHz Cortex-A7;Mali-400MP2;microSDHC;4GB 1GB RAM;8 MP, AF;LED flash, panorama, HDR;720p;1.3 MP;;Wi-Fi 802.11 b/g/n;3.0, EDR;GPS, GLONASS;No;Stereo FM radio, RDS;microUSB 2.0;Accelerometer, proximity;Li-Ion 2500 mAh battery;Up to 650 h (2G) / Up to 600 h (3G);Up to 23 h (2G) / Up to 13 h (3G);Black, White, Blue;;;;;
https://www.gsmarena.com/posh_orion_pro_x500-7175.php;https://fdn2.gsmarena.com/vv/bigpic/posh-x500.jpg;Posh Orion Pro X500;Released 2014, April;168g, 9.7mm thickness;Android 4.4;4GB 1GB RAM storage, microSDHC slot;0;N/A;66,009 hits;"5.0""";480x854 pixels;1 GB RAM;MT6582M;1800 mAh Li-Ion;GSM 850 / 900 / 1800 / 1900 - SIM 1 & SIM 2;HSDPA 850 / 1900 - X500A;;HSPA 21.1/5.76 Mbps;2014, January. Released 2014, April;Discontinued;144 x 73.4 x 9.7 mm (5.67 x 2.89 x 0.38 in);168 g (5.93 oz);Dual SIM (Mini-SIM, dual stand-by);IPS LCD;5.0 inches, 68.9 cm(~65.2% screen-to-body ratio);480 x 854 pixels, 16:9 ratio (~196 ppi density);Android 4.4 (KitKat);Mediatek MT6582M (28 nm);Quad-core 1.3 GHz Cortex-A7;Mali-400MP2;microSDHC;4GB 1GB RAM;8 MP;LED flash, panorama, HDR;720p@30fps;1.3 MP, AF;;Wi-Fi 802.11 b/g/n, Wi-Fi Direct, DLNA, hotspot;4.0, A2DP, EDR;GPS;No;FM radio;microUSB 2.0;Accelerometer, proximity;Li-Ion 1800 mAh battery;Up to 550 h (2G) / Up to 500 h (3G);Up to 20 h (2G) / Up to 10 h (3G);Black, White, Blue, Pink;;;;;
https://www.gsmarena.com/posh_revel_pro_x510-7176.php;https://fdn2.gsmarena.com/vv/bigpic/posh-x510.jpg;Posh Revel Pro X510;Released 2015, January;155g, 9.4mm thickness;Android 4.4.2;4GB 512MB RAM storage, microSDHC slot;0;N/A;60,056 hits;"5.0""";480x854 pixels;512 MB RAM;MT6582M;2100 mAh Li-Po;GSM 850 / 900 / 1800 / 1900 - SIM 1 & SIM 2;HSDPA 850 / 1700 / 1900 - X510A;;HSPA 21.1/5.76 Mbps;2014, September. Released 2015, January;Discontinued;142.5 x 73 x 9.4 mm (5.61 x 2.87 x 0.37 in);155 g (5.47 oz);Dual SIM (Mini-SIM/ Micro-SIM, dual stand-by);TFT;5.0 inches, 68.9 cm(~66.2% screen-to-body ratio);480 x 854 pixels, 16:9 ratio (~196 ppi density);Android 4.4.2 (KitKat);Mediatek MT6582M (28 nm);Quad-core 1.3 GHz Cortex-A7;Mali-400MP2;microSDHC;4GB 512MB RAM;8 MP, AF;LED flash, HDR, panorama;720p@30fps;1.3 MP;;Wi-Fi 802.11 b/g/n;4.0, A2DP, EDR, LE, aptX;GPS, GLONASS;No;Stereo FM radio, RDS;microUSB 2.0, OTG;Accelerometer, proximity;Li-Po 2100 mAh battery;Up to 800 h (2G) / Up to 680 h (3G);Up to 24 h (2G) / Up to 14 h (3G);Black, White, Blue, Pink, Yellow, Silver;;;;;
https://www.gsmarena.com/posh_revel_s500-7177.php;https://fdn2.gsmarena.com/vv/bigpic/posh-s500.jpg;Posh Revel S500;Released 2014, August;160g, 9.6mm thickness;Android 4.4.2;4GB 512MB RAM storage, microSDHC slot;0;N/A;55,772 hits;"5.0""";480x854 pixels;512 MB RAM;MT6572M;1800 mAh Li-Ion;GSM 850 / 900 / 1800 / 1900 - SIM 1 & SIM 2;HSDPA 850 / 1900 - S500A;;HSPA 21.1/5.76 Mbps;2014, June. Released 2014, August;Discontinued;147 x 73 x 9.6 mm (5.79 x 2.87 x 0.38 in);160 g (5.64 oz);Dual SIM (Mini-SIM, dual stand-by);TFT;5.0 inches, 68.9 cm(~64.2% screen-to-body ratio);480 x 854 pixels, 16:9 ratio (~196 ppi density);Android 4.4.2 (KitKat);Mediatek MT6572M (28 nm);Quad-core 1.0 GHz Cortex-A7;Mali-400;microSDHC;4GB 512MB RAM;8 MP;LED flash, HDR, panorama;720p@30fps;1.3 MP;;Wi-Fi 802.11 b/g/n, Wi-Fi Direct, DLNA, hotspot;2.1, EDR;GPS, GLONASS;No;Stereo FM radio, RDS;microUSB 2.0;Accelerometer, proximity;Li-Ion 1800 mAh battery;Up to 600 h (2G) / Up to 550 h (3G);Up to 22 h (2G) / Up to 12 h (3G);Black, White, Blue, Green;;;;;
https://www.gsmarena.com/posh_orion_s450-7178.php;https://fdn2.gsmarena.com/vv/bigpic/posh-s450.jpg;Posh Orion S450;Released 2014, April;150 g;Android 4.2.2;4GB 512MB RAM storage, microSDHC slot;0;N/A;50,112 hits;"4.5""";540x960 pixels;512 MB RAM;MT6572M;2000 mAh Li-Ion;GSM 850 / 900 / 1800 / 1900 - SIM 1 & SIM 2;HSDPA 850 / 1900;;HSPA 21.1/5.76 Mbps;2014, January. Released 2014, April;Discontinued;-;150 g (5.29 oz);Dual SIM (Mini-SIM, dual stand-by);IPS LCD;4.5 inches, 55.8 cm;540 x 960 pixels, 16:9 ratio (~245 ppi density);Android 4.2.2 (Jelly Bean);Mediatek MT6572M (28 nm);Dual-core 1.0 GHz Cortex-A7;Mali-400;microSDHC;4GB 512MB RAM;5 MP, AF;LED flash, HDR, panorama;720p@30fps;VGA;;Wi-Fi 802.11 b/g/n, Wi-Fi Direct, DLNA, hotspot;2.1, EDR;GPS, GLONASS;No;Stereo FM radio, RDS;microUSB 2.0;Accelerometer, proximity;Li-Ion 2000 mAh battery;Up to 600 h (2G) / Up to 550 h (3G);Up to 22 h (2G) / Up to 12 h (3G);Black, White;;;;;
https://www.gsmarena.com/posh_pegasus_4g_s400-7179.php;https://fdn2.gsmarena.com/vv/bigpic/posh-s400.jpg;Posh Pegasus 4G S400;Released 2014, July;119g, 9.9mm thickness;Android 4.2.2;4GB 512MB RAM storage, microSDHC slot;0;N/A;48,712 hits;"4.0""";480x800 pixels;512 MB RAM;MT6572M;1450 mAh Li-Po;GSM 850 / 900 / 1800 / 1900 - SIM 1 & SIM 2;HSDPA 850 / 1900 - S400A;;HSPA 21.1/5.76 Mbps;2014, May. Released 2014, July;Discontinued;126.8 x 63.5 x 9.9 mm (4.99 x 2.5 x 0.39 in);119 g (4.20 oz);Dual SIM (Mini-SIM, dual stand-by);TFT;4.0 inches, 45.5 cm(~56.6% screen-to-body ratio);480 x 800 pixels, 5:3 ratio (~233 ppi density);Android 4.2.2 (Jelly Bean);Mediatek MT6572M (28 nm);Dual-core 1.0 GHz Cortex-A7;Mali-400;microSDHC;4GB 512MB RAM;5 MP;HDR, panorama;720p@30fps;1.3 MP;;Wi-Fi 802.11 b/g/n, hotspot;2.1, A2DP, EDR;No;No;FM radio;microUSB 2.0;Accelerometer;Li-Po 1450 mAh battery;Up to 450 h (2G) / Up to 350 h (3G);Up to 18 h (2G) / Up to 12 h (3G);Black, White, Blue, Green;;;;;
https://www.gsmarena.com/posh_orion_mini_s350-7180.php;https://fdn2.gsmarena.com/vv/bigpic/posh-s350.jpg;Posh Orion Mini S350;Released 2014, September;107g, 10.5mm thickness;Android 4.4.2;512MB 256MB RAM storage, microSDHC slot;0;N/A;52,791 hits;"3.5""";320x480 pixels;256 MB RAM;MT6572M;1200 mAh Li-Po;GSM 850 / 900 / 1800 / 1900 - SIM 1 & SIM 2;HSDPA 850 / 1900 - S350A;;HSPA 21.1/5.76 Mbps;2014, July. Released 2014, September;Discontinued;118 x 62.2 x 10.5 mm (4.65 x 2.45 x 0.41 in);107 g (3.77 oz);Dual SIM (Mini-SIM, dual stand-by);TFT;3.5 inches, 36.5 cm(~49.7% screen-to-body ratio);320 x 480 pixels, 3:2 ratio (~165 ppi density);Android 4.4.2 (KitKat);Mediatek MT6572M (28 nm);Dual-core 1.0 GHz Cortex-A7;Mali-400;microSDHC;512MB 256MB RAM;5 MP;HDR, panorama;720p@30fps;1.3 MP;;Wi-Fi 802.11 b/g/n, hotspot;2.1, A2DP, EDR;No;No;FM radio;microUSB 2.0;Accelerometer;Li-Po 1200 mAh battery;Up to 450 h (2G) / Up to 380 h (3G);Up to 18 h (2G) / Up to 10 h (3G);Black, White, Blue, Green;;;;;
https://www.gsmarena.com/posh_pegasus_plus_c351-7181.php;https://fdn2.gsmarena.com/vv/bigpic/posh-c351.jpg;Posh Pegasus Plus C351;Released 2014, August;100g, 11.3mm thickness;Android 4.4.2;512MB 256MB RAM storage, microSDHC slot;0;N/A;45,647 hits;"3.5""";320x480 pixels;256 MB RAM;Spreadtrum SC6815;1100 mAh Li-Ion;GSM 850 / 900 / 1800 / 1900 - SIM 1 & SIM 2;;;;2014, June. Released 2014, August;Discontinued;116 x 61.6 x 11.3 mm (4.57 x 2.43 x 0.44 in);100 g (3.53 oz);Dual SIM (Mini-SIM/ Micro-SIM, dual stand-by);TFT;3.5 inches, 36.5 cm(~51.0% screen-to-body ratio);320 x 480 pixels, 3:2 ratio (~165 ppi density);Android 4.4.2 (KitKat);Spreadtrum SC6815;1.0 GHz Cortex-A7;Mali-400;microSDHC;512MB 256MB RAM;1.3 MP;;480p@30fps;1.3 MP;;Wi-Fi 802.11 b/g/n, hotspot;2.1, EDR;No;No;FM radio;microUSB 2.0;Accelerometer;Li-Ion 1100 mAh battery;Up to 400 h;Up to 16 h;Black, White, Blue, Red;;;Yes;Yes;
https://www.gsmarena.com/posh_lynx_a100-7182.php;https://fdn2.gsmarena.com/vv/bigpic/posh-a100.jpg;Posh Lynx A100;Released 2014, March;75g, 14mm thickness;Feature phone;32MB 32MB RAM storage, microSDHC slot;1;N/A;48,286 hits;"1.77""";128x160 pixels;32 MB RAM;MT6260;800 mAh Li-Ion;GSM 850 / 900 / 1800 / 1900 - SIM 1 & SIM 2 - A100;;;;2014, February. Released 2014, March;Discontinued;112.5 x 45.5 x 14 mm (4.43 x 1.79 x 0.55 in);75 g (2.65 oz);Dual SIM (Mini-SIM, dual stand-by);TFT, 65K colors;1.77 inches, 9.9 cm(~19.3% screen-to-body ratio);128 x 160 pixels (~116 ppi density);;Mediatek MT6260;360 MHz;No;microSDHC;32MB 32MB RAM;VGA;;Yes;No;;No;2.1, A2DP, EDR;No;No;FM radio;microUSB 2.0;;Li-Ion 800 mAh battery;Up to 250 h;Up to 8 h;Black, White, Silver, Red, Blue;;;Yes;No;MP3/WAV/AAC+Photo/video viewer
