Link;Image;Name;Release date;Weight;OS;Storage;Fans;Popularity;Hits;Screen_size;Screen_resolution;RAM;SOC;Battery;net2g;net3g;speed;year;status;dimensions;weight;sim;displaytype;displaysize;displayresolution;displayother;os;cpu;memoryslot;internalmemory;cam1modules;cam1features;cam1video;cam2modules;cam2video;wlan;bluetooth;gps;radio;usb;sensors;featuresother;batdescription1;batstandby1;battalktime1;colors;gprstext;edge;chipset;price;optionalother
https://www.gsmarena.com/qtek_9600-1588.php;https://fdn2.gsmarena.com/vv/bigpic/qtek-9600.gif;Qtek 9600;Released 2006, June;176g, 22mm thickness;Microsoft Windows Mobile 5.0 PocketPC;64MB RAM storage, microSD slot;16;N/A;738,275 hits;"2.8""";240x320 pixels;64 MB RAM;;1350 mAh Li-Po;GSM 850 / 900 / 1800 / 1900;UMTS 850 / 1900 / 2100;Yes, 384 kbps;2006, June;Discontinued;113 x 58 x 22 mm (4.45 x 2.28 x 0.87 in);176 g (6.21 oz);Mini-SIM;TFT resistive touchscreen, 65K colors;2.8 inches, 42 x 57 mm, 24.3 cm(~37.0% screen-to-body ratio);240 x 320 pixels, 4:3 ratio (~143 ppi density);Handwriting recognition;Microsoft Windows Mobile 5.0 PocketPC;400 MHz Samsung;microSD (dedicated slot);64MB RAM, 128MB ROM;2 MP;LED flash;Yes;QCIF videocall camera;;Wi-Fi 802.11b/g;2.0;No;No;1.1;;Pocket OfficeVoice memoMP3/AAC player;Removable Li-Po 1350 mAh battery;Up to 300 h;Up to 5 h;Silver;;;;;
https://www.gsmarena.com/qtek_8600-1585.php;https://fdn2.gsmarena.com/vv/bigpic/qtek-8600.gif;Qtek 8600;Released 2006, June;120g, 14.8mm thickness;Microsoft Windows Mobile 5.0 Smartphone;64MB RAM storage, microSD slot;8;N/A;197,450 hits;"2.2""";240x320 pixels;64 MB RAM;;1190 mAh Li-Po;GSM 900 / 1800 / 1900;UMTS 2100;Yes, 384 kbps;2006, June;Discontinued;112.4 x 46 x 14.8 mm (4.43 x 1.81 x 0.58 in);120 g (4.23 oz);Mini-SIM;TFT, 65K colors;2.2 inches, 34 x 45 mm, 15.0 cm(~29.0% screen-to-body ratio);240 x 320 pixels, 4:3 ratio (~182 ppi density);5-way navigation button;Microsoft Windows Mobile 5.0 Smartphone;Samsung 2442 300 MHz;microSD (dedicated slot);64MB RAM, 128MB ROM;1.3 MP;;Yes;Yes;;No;Yes;No;No;Proprietary;;MP3/AAC playerPredictive text inputOrganizer;Removable Li-Po 1190 mAh battery;;;;;;;;
https://www.gsmarena.com/qtek_a9100-2523.php;https://fdn2.gsmarena.com/vv/bigpic/qtek-a9100.jpg;Qtek A9100;Released 2006, March;168g, 23.7mm thickness;Microsoft Windows Mobile 5.0 PocketPC;64MB RAM storage, miniSD slot;10;N/A;134,087 hits;"2.8""";240x320 pixels;64 MB RAM;TI OMAP 850;1250 mAh Li-Po;GSM 850 / 900 / 1800 / 1900;;;2006, March;Discontinued;108 x 58 x 23.7 mm (4.25 x 2.28 x 0.93 in);168 g (5.93 oz);Mini-SIM;TFT resistive touchscreen, 65K colors;2.8 inches, 24.3 cm(~38.8% screen-to-body ratio);240 x 320 pixels, 4:3 ratio (~143 ppi density);5-way navigation button;Microsoft Windows Mobile 5.0 PocketPC;200 MHz ARM926EJ-S;miniSD;64MB RAM, 128MB ROM;1.3 MP;LED flash;No;No;;Wi-Fi 802.11 b/i;1.2;No;No;miniUSB;;MP3/AAC playerPredictive text inputOrganizerVoice memo;Removable Li-Po 1250 mAh battery;;;Gray;Class 10;Class 10;TI OMAP 850;;
https://www.gsmarena.com/qtek_8500-1483.php;https://fdn2.gsmarena.com/vv/bigpic/qtek-8500.gif;Qtek 8500;Released 2006, February;99g, 15.8mm thickness;Microsoft Windows Mobile 5.0 Smartphone;64MB RAM storage, microSD slot;10;N/A;301,432 hits;"2.2""";240x320 pixels;64 MB RAM;TI OMAP 850;750 mAh Li-Ion;GSM 850 / 900 / 1800 / 1900;;;2006, February;Discontinued;98.5 x 51.4 x 15.8 mm (3.88 x 2.02 x 0.62 in);99 g (3.49 oz);Mini-SIM;TFT, 65K colors;2.2 inches, 34 x 45 mm, 15.0 cm(~29.6% screen-to-body ratio);240 x 320 pixels, 4:3 ratio (~182 ppi density);Second external 1.2-inch TFT display, 65K colors (128 x 128 pixels);Microsoft Windows Mobile 5.0 Smartphone;200 MHz ARM926EJ-S;microSD (dedicated slot);64MB RAM, 64MB ROM;1.3 MP;;Yes;No;;No;1.2;No;No;1.1;;Pocket OfficeVoice memoMP3/AAC playerPredictive text input;Removable Li-Ion 750 mAh battery;;;Stylish black;Class 10;Class 10;TI OMAP 850;About 190 EUR;
https://www.gsmarena.com/qtek_s200-1417.php;https://fdn2.gsmarena.com/vv/bigpic/qtek-s200.gif;Qtek S200;Released 2005, Q4;150g, 18.4mm thickness;Microsoft Windows Mobile 5.0 PocketPC;64MB RAM storage, SD/MMC slot;14;N/A;663,696 hits;"2.8""";240x320 pixels;64 MB RAM;TI OMAP 850;1200 mAh Li-Ion;GSM 850 / 900 / 1800 / 1900;;;2005, Q4;Discontinued;108.8 x 59.3 x 18.4 mm (4.28 x 2.33 x 0.72 in);150 g (5.29 oz);Mini-SIM;TFT resistive touchscreen, 65K colors;2.8 inches, 42 x 57 mm, 24.3 cm(~37.6% screen-to-body ratio);240 x 320 pixels, 4:3 ratio (~143 ppi density);Handwriting recognition;Microsoft Windows Mobile 5.0 PocketPC;200 MHz ARM926EJ-S;SD/MMC;64MB RAM, 128MB ROM;2 MP;;CIF;No;;Wi-Fi 802.11b;2.0;No;No;miniUSB;;Pocket OfficeVoice memoMP3/AAC player;Removable Li-Ion 1200 mAh battery;Up to 200 h;Up to 5 h;Stylish black;Class 10;Class 10;TI OMAP 850;About 250 EUR;2.5 mm audio jack
https://www.gsmarena.com/qtek_9000-1264.php;https://fdn2.gsmarena.com/vv/bigpic/qtek-9000.gif;Qtek 9000;Released 2005, August;285g, 21mm thickness;Microsoft Windows Mobile 5.0 PocketPC;64MB RAM storage, SDIO/MMC slot;15;N/A;736,110 hits;"3.6""";640x480 pixels;64 MB RAM;;1620 mAh Li-Po;GSM 900 / 1800 / 1900;UMTS 2100;Yes, 384 kbps;2005, August;Discontinued;131 x 79 x 21 mm (5.16 x 3.11 x 0.83 in);285 g (10.05 oz);Mini-SIM;TFT resistive touchscreen, 65K colors;3.6 inches, 73 x 55 mm, 40.1 cm(~38.8% screen-to-body ratio);640 x 480 pixels, 4:3 ratio (~222 ppi density);Handwriting recognition;Microsoft Windows Mobile 5.0 PocketPC;Intel XScale 520 MHz;SDIO/MMC;64MB RAM;1.3 MP;;Yes;VGA videocall camera;;Wi-Fi 802.11b;Yes;No;No;Proprietary;;Pocket OfficeVoice memoMP3/AAC playerPredictive text input;Removable Li-Po 1620 mAh battery;Up to 260 h;Up to 8 h;Stylish black;;;;About 560 EUR;Dual speakers
https://www.gsmarena.com/qtek_8310-1253.php;https://fdn2.gsmarena.com/vv/bigpic/qtek-8310.gif;Qtek 8310;Released 2005, August;106g, 17.5mm thickness;Microsoft Windows Mobile 5.0 Smartphone;64MB RAM storage, MiniSD slot;11;N/A;401,957 hits;"2.2""";240x320 pixels;64 MB RAM;TI OMAP 850;1150 mAh Li-Ion;GSM 850 / 900 / 1800 / 1900;;;2005, August;Discontinued;107.5 x 46 x 17.5 mm (4.23 x 1.81 x 0.69 in);106 g (3.74 oz);Mini-SIM;TFT, 65K colors;2.2 inches, 34 x 45 mm, 15.0 cm(~30.3% screen-to-body ratio);240 x 320 pixels, 4:3 ratio (~182 ppi density);5-way navigation button;Microsoft Windows Mobile 5.0 Smartphone;200 MHz ARM926EJ-S;MiniSD;64MB RAM, 64/128MB ROM;1.3 MP;;Yes;No;;Wi-Fi 802.11b;Yes;No;No;Proprietary;;MP3/AAC playerPredictive text inputOrganizer;Removable Li-Ion 1150 mAh battery;Up to 250 h;Up to 5 h;;Class 10;Class 10;TI OMAP 850;;2.5 mm audio jack
https://www.gsmarena.com/qtek_8300-1252.php;https://fdn2.gsmarena.com/vv/bigpic/qtek-8300.gif;Qtek 8300;Released 2005, August;106g, 17.5mm thickness;Microsoft Windows Mobile 5.0 Smartphone;32MB RAM storage, MiniSD slot;10;N/A;198,342 hits;"2.2""";240x320 pixels;32 MB RAM;TI OMAP 850;1150 mAh Li-Ion;GSM 850 / 900 / 1800 / 1900;;;2005, August;Discontinued;107.5 x 46 x 17.5 mm (4.23 x 1.81 x 0.69 in);106 g (3.74 oz);Mini-SIM;TFT, 65K colors;2.2 inches, 34 x 45 mm, 15.0 cm(~30.3% screen-to-body ratio);240 x 320 pixels, 4:3 ratio (~182 ppi density);5-way navigation button;Microsoft Windows Mobile 5.0 Smartphone;200 MHz ARM926EJ-S;MiniSD;32MB RAM, 64MB ROM;1.3 MP;;QCIF;No;;Wi-Fi 802.11b;Yes;No;No;Proprietary;;MP3/AAC playerPredictive text inputOrganizer;Removable Li-Ion 1150 mAh battery;Up to 250 h;Up to 5 h;;Class 10;Class 10;TI OMAP 850;;
https://www.gsmarena.com/qtek_9100-1257.php;https://fdn2.gsmarena.com/vv/bigpic/qtek-9100.gif;Qtek 9100;Released 2005, Q3;160g, 23mm thickness;Microsoft Windows Mobile 5.0 PocketPC;64MB RAM storage, miniSD slot;17;N/A;862,141 hits;"2.8""";240x320 pixels;64 MB RAM;TI OMAP 850;1250 mAh Li-Po;GSM 850 / 900 / 1800 / 1900;;;2005, Q3;Discontinued;109 x 58 x 23 mm (4.29 x 2.28 x 0.91 in);160 g (5.64 oz);Mini-SIM;TFT resistive touchscreen, 65K colors;2.8 inches, 42 x 57 mm, 24.3 cm(~38.4% screen-to-body ratio);240 x 320 pixels, 4:3 ratio (~143 ppi density);;Microsoft Windows Mobile 5.0 PocketPC;200 MHz ARM926EJ-S;miniSD;64MB RAM, 128MB ROM;1.3 MP;LED flash;Yes;No;;Wi-Fi 802.11b/g;2.0;No;No;Proprietary;;Microsoft ActiveSyncPocket OfficeMP3/AAC playerPredictive text input;Removable Li-Po 1250 mAh battery;Up to 200 h;Up to 4 h;Stylish black;Class 10;Class 10;TI OMAP 850;;
https://www.gsmarena.com/qtek_8100-1173.php;https://fdn2.gsmarena.com/vv/bigpic/qtek-8100.gif;Qtek 8100;Released 2005, Q1;106g, 19mm thickness;Microsoft Smartphone 2003 SE;32MB RAM storage, MiniSD slot;8;N/A;227,543 hits;"2.2""";176x220 pixels;32 MB RAM;TI OMAP 730;1050 mAh Li-Ion;GSM 900 / 1800 / 1900;;;2005, Q1;Discontinued;107 x 47 x 19 mm (4.21 x 1.85 x 0.75 in);106 g (3.74 oz);Mini-SIM;TFT, 65K colors;2.2 inches, 35 x 44 mm, 15.2 cm(~30.3% screen-to-body ratio);176 x 220 pixels (~128 ppi density);5-way navigation button3-color LED indicatorDownloadable logos;Microsoft Smartphone 2003 SE;200 MHz ARM926EJ-S;MiniSD;32MB RAM;VGA;;Yes;No;;No;Yes;No;No;Proprietary;;MP3/AAC playerPredictive text inputOrganizer;Removable Li-Ion 1050 mAh battery;Up to 140 h;Up to 4 h 30 min;Stylish black and silver;Class 10;No;TI OMAP 730;;
https://www.gsmarena.com/qtek_s110-1255.php;https://fdn2.gsmarena.com/vv/bigpic/qtek-s110.gif;Qtek S110;Released 2005, Q2;150g, 18mm thickness;Microsoft Windows Mobile 2003 SE PocketPC;128MB RAM storage, SDIO/MMC slot;9;N/A;264,459 hits;"2.8""";240x320 pixels;128 MB RAM;;1200 mAh Li-Po;GSM 900 / 1800 / 1900;;;2005, Q2;Discontinued;108 x 58 x 18 mm (4.25 x 2.28 x 0.71 in);150 g (5.29 oz);Mini-SIM;TFT resistive touchscreen, 65K colors;2.8 inches, 42 x 57 mm, 24.3 cm(~38.8% screen-to-body ratio);240 x 320 pixels, 4:3 ratio (~143 ppi density);Handwriting recognition;Microsoft Windows Mobile 2003 SE PocketPC;Intel Bulverde 416 MHz;SDIO/MMC;128MB RAM;1.3 MP;;Yes;No;;No;1.2;No;No;Proprietary;;Pocket OfficeVoice memoMP3/AAC playerPredictive text input;Removable Li-Po 1200 mAh battery;Up to 180 h;Up to 5 h;Stylish black;Class 10;No;;;
https://www.gsmarena.com/qtek_s100-1172.php;https://fdn2.gsmarena.com/vv/bigpic/qtek-s100.gif;Qtek S100;Released 2004, Q4;150g, 18mm thickness;Microsoft Windows Mobile 2003 SE PocketPC;64MB RAM storage, SDIO/MMC slot;12;N/A;376,655 hits;"2.8""";240x320 pixels;64 MB RAM;;1200 mAh Li-Po;GSM 900 / 1800 / 1900;;;2004, Q4;Discontinued;108 x 58 x 18 mm (4.25 x 2.28 x 0.71 in);150 g (5.29 oz);Mini-SIM;TFT resistive touchscreen, 65K colors;2.8 inches, 42 x 57 mm, 24.3 cm(~38.8% screen-to-body ratio);240 x 320 pixels, 4:3 ratio (~143 ppi density);Handwriting recognition;Microsoft Windows Mobile 2003 SE PocketPC;Intel Bulverde 416 MHz;SDIO/MMC;64MB RAM;1.3 MP;;Yes;No;;No;Yes;No;No;Proprietary;;Pocket OfficeVoice memoMP3/AAC playerPredictive text input;Removable Li-Po 1200 mAh battery;Up to 180 h;Up to 5 h;Stylish black and silver;Class 10;No;;;
https://www.gsmarena.com/qtek_9090-1171.php;https://fdn2.gsmarena.com/vv/bigpic/qtek-9090.gif;Qtek 9090;Released 2004, Q3;210g, 18mm thickness;Microsoft Windows Mobile 2003 SE PocketPC;128MB RAM storage, SDIO/MMC slot;15;N/A;495,890 hits;"3.5""";240x320 pixels;128 MB RAM;;1490 mAh Li-Po;GSM 850 / 900 / 1800 / 1900;;;2004, Q3;Discontinued;125 x 71 x 18 mm (4.92 x 2.80 x 0.71 in);210 g (7.41 oz);Mini-SIM;TFT resistive touchscreen, 65K colors;3.5 inches, 53 x 71 mm, 37.9 cm(~42.7% screen-to-body ratio);240 x 320 pixels, 4:3 ratio (~114 ppi density);Downloadable logos;Microsoft Windows Mobile 2003 SE PocketPC;Intel PXA263 400 MHz;SDIO/MMC;128MB RAM;VGA;;Yes;No;;Wi-Fi 802.11b;Yes;No;No;Proprietary;;Microsoft ActiveSyncMP3/AAC playerPredictive text input;Removable Li-Po 1490 mAh battery;Up to 200 h;Up to 5 h;Stylish black and silver;Class 10;No;;;
https://www.gsmarena.com/qtek_8020-1170.php;https://fdn2.gsmarena.com/vv/bigpic/qtek-8020.gif;Qtek 8020;Released 2004, Q3;102g, 18mm thickness;Microsoft Windows Mobile 2003 SE Smartphone;32MB RAM storage, MiniSD slot;8;N/A;195,505 hits;"2.2""";176x220 pixels;32 MB RAM;TI OMAP 730;1050 mAh Li-Ion;GSM 900 / 1800 / 1900;;;2004, Q3;Discontinued;107 x 44 x 18 mm (4.21 x 1.73 x 0.71 in);102 g (3.60 oz);Mini-SIM;TFT, 65K colors;2.2 inches, 35 x 44 mm, 15.2 cm(~32.4% screen-to-body ratio);176 x 220 pixels (~128 ppi density);5-way navigation button3-color LED indicatorDownloadable logos;Microsoft Windows Mobile 2003 SE Smartphone;200 MHz ARM926EJ-S;MiniSD;32MB RAM;VGA;;Yes;No;;No;Yes;No;No;Proprietary;;MP3/AAC playerPredictive text inputOrganizer;Removable Li-Ion 1050 mAh battery;Up to 140 h;Up to 5 h;Stylish black and silver;Class 10;No;TI OMAP 730;;
https://www.gsmarena.com/qtek_8010-1169.php;https://fdn2.gsmarena.com/vv/bigpic/qtek-8010.gif;Qtek 8010;Released 2004, Q2;106g, 17.5mm thickness;Microsoft Windows Mobile 2003 SE Smartphone;32MB RAM storage, MiniSD slot;11;N/A;170,071 hits;"2.2""";176x220 pixels;32 MB RAM;TI OMAP 730;1050 mAh Li-Ion;GSM 900 / 1800 / 1900;;;2004, Q2;Discontinued;107 x 46 x 17.5 mm (4.21 x 1.81 x 0.69 in);106 g (3.74 oz);Mini-SIM;TFT, 65K colors;2.2 inches, 35 x 44 mm, 15.2 cm(~30.9% screen-to-body ratio);176 x 220 pixels (~128 ppi density);5-way navigation button3-color LED indicatorDownloadable logos;Microsoft Windows Mobile 2003 SE Smartphone;200 MHz ARM926EJ-S;MiniSD;32MB RAM;VGA;;Yes;No;;No;Yes;No;No;Proprietary;;Microsoft ActiveSyncMP3/AAC playerPredictive text input;Removable Li-Ion 1050 mAh battery;Up to 140 h;Up to 5 h;Cool metallic, Light blue;Class 10;No;TI OMAP 730;;
https://www.gsmarena.com/qtek_2020i-1168.php;https://fdn2.gsmarena.com/vv/bigpic/qtek-2020i.gif;Qtek 2020i;Released 2004, Q2;190g, 18mm thickness;Microsoft Windows Mobile 2003 SE PocketPC;128MB RAM storage, SDIO/MMC slot;9;N/A;307,755 hits;"3.5""";240x320 pixels;128 MB RAM;;1300 mAh Li-Ion;GSM 900 / 1800 / 1900;;;2004, Q2;Discontinued;130 x 70 x 18 mm, 105 cc (5.12 x 2.76 x 0.71 in);190 g (6.70 oz);Mini-SIM;TFT resistive touchscreen, 65K colors;3.5 inches, 53 x 71 mm, 37.9 cm(~41.7% screen-to-body ratio);240 x 320 pixels, 4:3 ratio (~114 ppi density);5-way navigation buttonDownloadable logos;Microsoft Windows Mobile 2003 SE PocketPC;Intel Bulverde 520 MHz;SDIO/MMC;128MB RAM, 128MB ROM;1.3 MP;;Yes;No;;Wi-Fi 802.11b;Yes;No;No;Proprietary;;Microsoft ActiveSyncMP3 playerPredictive text input;Removable Li-Ion 1300 mAh battery;Up to 168 h;Up to 4 h;Silver;Class 10;No;;;
https://www.gsmarena.com/qtek_2020-1167.php;https://fdn2.gsmarena.com/vv/bigpic/qtek-2020.gif;Qtek 2020;Released 2004, Q2;190g, 18mm thickness;Microsoft Windows Mobile 2003 PocketPC;64MB RAM storage, SDIO/MMC slot;13;N/A;291,909 hits;"3.5""";240x320 pixels;64 MB RAM;;1200 mAh Li-Ion;GSM 900 / 1800 / 1900;;;2004, Q2;Discontinued;130 x 70 x 18 mm, 105 cc (5.12 x 2.76 x 0.71 in);190 g (6.70 oz);Mini-SIM;TFT resistive touchscreen, 65K colors;3.5 inches, 53 x 71 mm, 37.9 cm(~41.7% screen-to-body ratio);240 x 320 pixels, 4:3 ratio (~114 ppi density);5-way navigation buttonDownloadable logos;Microsoft Windows Mobile 2003 PocketPC;Intel PXA263 400 MHz;SDIO/MMC;64MB RAM (128MB optional);VGA;;Yes;No;;No;Yes;No;No;Proprietary;;Microsoft ActiveSyncMP3 playerPredictive text input;Removable Li-Ion 1200 mAh battery;Up to 160 h;Up to 3 h 30 min;Silver;Class 10;No;;;
https://www.gsmarena.com/qtek_8080-1166.php;https://fdn2.gsmarena.com/vv/bigpic/qtek-8080.gif;Qtek 8080;Released 2004, Q1;130g, 23.5mm thickness;Microsoft Windows Mobile 2003 Smartphone;32MB RAM storage, SDIO/MMC slot;8;N/A;257,797 hits;"2.2""";176x220 pixels;32 MB RAM;TI OMAP 710;1000 mAh Li-Ion;GSM 900 / 1800 / 1900;;;2004, Q1;Discontinued;120 x 50 x 23.5 mm, 105 cc (4.72 x 1.97 x 0.93 in);130 g (4.59 oz);Mini-SIM;TFT, 65K colors;2.2 inches, 35 x 44 mm, 15.2 cm(~25.4% screen-to-body ratio);176 x 220 pixels (~128 ppi density);White LED back light5-way navigation buttonDownloadable logos;Microsoft Windows Mobile 2003 Smartphone;133 MHz  ARM925;SDIO/MMC;32MB RAM, 64MB ROM;VGA;;No;No;;No;Yes;No;No;Proprietary;;Microsoft ActiveSyncCalculatorPredictive text inputMP3 player;Removable Li-Ion 1000 mAh battery;Up to 90 h;Up to 6 h;;Class 8;No;TI OMAP 710;;
https://www.gsmarena.com/qtek_8060-1165.php;https://fdn2.gsmarena.com/vv/bigpic/qtek-8060.gif;Qtek 8060;Released 2004, Q1;130g, 23.5mm thickness;Microsoft Windows Mobile 2003 Smartphone;32MB RAM storage, SDIO/MMC slot;6;N/A;108,378 hits;"2.2""";176x220 pixels;32 MB RAM;TI OMAP 710;1000 mAh Li-Ion;GSM 900 / 1800 / 1900;;;2004, Q1;Discontinued;120 x 50 x 23.5 mm, 105 cc (4.72 x 1.97 x 0.93 in);130 g (4.59 oz);Mini-SIM;TFT, 65K colors;2.2 inches, 35 x 44 mm, 15.2 cm(~25.4% screen-to-body ratio);176 x 220 pixels (~128 ppi density);White LED back light5-way navigation buttonDownloadable logos;Microsoft Windows Mobile 2003 Smartphone;133 MHz  ARM925;SDIO/MMC;32MB RAM, 64MB ROM;VGA;;No;No;;No;Yes;No;No;Proprietary;;Microsoft ActiveSyncCalculatorPredictive text inputMP3 player;Removable Li-Ion 1000 mAh battery;Up to 90 h;Up to 6 h;;Class 8;No;TI OMAP 710;;
https://www.gsmarena.com/qtek_1010-1164.php;https://fdn2.gsmarena.com/vv/bigpic/qtek-1010.gif;Qtek 1010;Released 2003;201g, 18mm thickness;Microsoft Windows Mobile 2002 PocketPC;64MB RAM storage, MMC/SD slot;7;N/A;206,155 hits;"3.5""";240x320 pixels;64 MB RAM;;1500 mAh Li-Ion;GSM 900 / 1800;;;2003;Discontinued;129 x 73 x 18 mm (5.08 x 2.87 x 0.71 in);201 g (7.09 oz);Mini-SIM;TFT resistive resistive touchscreen, 4096 colors;3.5 inches, 53 x 71 mm, 37.9 cm(~40.3% screen-to-body ratio);240 x 320 pixels, 4:3 ratio (~114 ppi density);;Microsoft Windows Mobile 2002 PocketPC;;MMC/SD;64MB RAM, 32MB ROM;No;;;;;No;No;No;No;Proprietary;;Pocket OfficeMedia playerVoice memo;Removable Li-Ion 1500 mAh battery;Up to 150 h;Up to 5 h;;Class 8;No;;;
https://www.gsmarena.com/qtek_7070-1163.php;https://fdn2.gsmarena.com/vv/bigpic/qtek-7070.gif;Qtek 7070;Released 2004, Q1;120g, 23.5mm thickness;Microsoft Windows 2002 Smartphone;16MB RAM storage, MMC/SD slot;7;N/A;131,049 hits;"2.2""";176x220 pixels;16 MB RAM;;1000 mAh Li-Ion;GSM 900 / 1800 / 1900;;;2004, Q1;Discontinued;120 x 50 x 23.5 mm, 105 cc (4.72 x 1.97 x 0.93 in);120 g (4.23 oz);Mini-SIM;TFT, 65K colors;2.2 inches, 35 x 44 mm, 15.2 cm(~25.4% screen-to-body ratio);176 x 220 pixels (~128 ppi density);White LED back light5-way navigation buttonDownloadable logos;Microsoft Windows 2002 Smartphone;120 MHz;MMC/SD;16MB RAM, 32MB ROM;No;;;;;No;No;No;No;Proprietary;;OrganizerWorld ClockPredictive text inputMP3 player;Removable Li-Ion 1000 mAh battery;Up to 100 h;Up to 3 h;;Class 8;No;;;
