Link;Image;Name;Release date;Weight;OS;Storage;Fans;Popularity;Hits;Screen_size;Screen_resolution;RAM;SOC;Battery;net2g;gprstext;edge;year;status;dimensions;weight;sim;displaytype;displaysize;displayresolution;displayother;memoryslot;cam1modules;cam1video;cam2modules;wlan;bluetooth;gps;radio;usb;sensors;featuresother;batdescription1;colors;batstandby1;battalktime1;optionalother
https://www.gsmarena.com/sewon_srs_3300-1004.php;https://fdn2.gsmarena.com/vv/bigpic/swsrs3300.gif;Sewon SRS-3300;Released 2005, Q1;90g, 26.5mm thickness;Feature phone;No card slot;6;N/A;105,481 hits;;128x160 pixels; ;;720 mAh Li-Ion;GSM 900 / 1800;Yes;No;2005, Q1;Discontinued;72 x 39 x 26.5 mm (2.83 x 1.54 x 1.04 in);90 g (3.17 oz);Mini-SIM;TFT, 256K colors;;128 x 160 pixels;Downloadable logos, wallpapers;No;VGA;Yes;No;No;No;No;No;;;Predictive text inputOrganizerWorld timeMemo;Removable Li-Ion 720 mAh battery;;;;
https://www.gsmarena.com/sewon_srd_3000-798.php;https://fdn2.gsmarena.com/vv/bigpic/swsrd3000.gif;Sewon SRD-3000;Released 2004, Q2;90g, 18mm thickness;Feature phone;No card slot;5;N/A;75,982 hits;;176x220 pixels; ;;1050 mAh Li-Ion;GSM 900 / 1800;Yes;No;2004, Q2;Discontinued;91 x 48 x 18 mm (3.58 x 1.89 x 0.71 in);90 g (3.17 oz);Mini-SIM;TFT, 256K colors;;176 x 220 pixels;Downloadable logos, wallpapers;No;VGA;No;No;No;No;No;No;;;Predictive text inputOrganizerWorld timeMemo;Removable Li-Ion 1050 mAh battery;;;;
https://www.gsmarena.com/sewon_srd_200-797.php;https://fdn2.gsmarena.com/vv/bigpic/swsrd200.gif;Sewon SRD-200;Released 2004, Q2;95g, 21.7mm thickness;Feature phone;No card slot;6;N/A;75,175 hits;;128x128 pixels; ;;900 mAh Li-Ion;GSM 900 / 1800;Yes;No;2004, Q2;Discontinued;87.5 x 47.5 x 21.7 mm (3.44 x 1.87 x 0.85 in);95 g (3.35 oz);Mini-SIM;STN, 65K colors;;128 x 128 pixels, 1:1 ratio;Second external displayDownloadable logos, wallpapers;No;VGA;No;No;No;No;No;No;;;Predictive text inputOrganizerWorld timeMemo;Removable Li-Ion 900 mAh battery;;;;
https://www.gsmarena.com/sewon_sgd_1050-796.php;https://fdn2.gsmarena.com/vv/bigpic/swsgd1050.gif;Sewon SGD-1050;Released 2004, Q2;90g, 21mm thickness;Feature phone;No card slot;6;N/A;71,726 hits;;128x128 pixels; ;;900 mAh Li-Ion;GSM 900 / 1800;No;No;2004, Q2;Discontinued;82 x 44 x 21 mm (3.23 x 1.73 x 0.83 in);90 g (3.17 oz);Mini-SIM;STN, 65K colors;;128 x 128 pixels, 1:1 ratio;Second external displayDownloadable logos;No;VGA;No;No;No;No;No;No;;;Predictive text inputStopwatchCalculatorWorld timeMemo;Removable Li-Ion 900 mAh battery;;;;
https://www.gsmarena.com/sewon_sgd_1030-795.php;https://fdn2.gsmarena.com/vv/bigpic/swsgd1030.gif;Sewon SGD-1030;Released 2004, Q2;90g, 22mm thickness;Feature phone;No card slot;6;N/A;68,175 hits;;128x128 pixels; ;;900 mAh Li-Ion;GSM 900 / 1800;No;No;2004, Q2;Discontinued;82 x 44 x 22 mm (3.23 x 1.73 x 0.87 in);90 g (3.17 oz);Mini-SIM;STN, 65K colors;;128 x 128 pixels, 1:1 ratio;Second external display7 colors LED indicatorDownloadable logos;No;VGA;No;No;No;No;No;No;;;Predictive text inputStopwatchCalculatorWorld timeMemo;Removable Li-Ion 900 mAh battery;;;;
https://www.gsmarena.com/sewon_sgd_1020-794.php;https://fdn2.gsmarena.com/vv/bigpic/swsgd1020.gif;Sewon SGD-1020;Released 2004, Q2;90g, 21mm thickness;Feature phone;No card slot;5;N/A;65,920 hits;;128x128 pixels; ;;900 mAh Li-Ion;GSM 900 / 1800;No;No;2004, Q2;Discontinued;82 x 42.4 x 21 mm (3.23 x 1.67 x 0.83 in);90 g (3.17 oz);Mini-SIM;STN, 65K colors;;128 x 128 pixels, 1:1 ratio;Second external display7 colors LED indicatorDownloadable logos;No;VGA;No;No;No;No;No;No;;;Predictive text inputStopwatchCalculatorMemo;Removable Li-Ion 900 mAh battery;;;;
https://www.gsmarena.com/sewon_sgd_1010-781.php;https://fdn2.gsmarena.com/vv/bigpic/swsgd1010.gif;Sewon SGD-1010;Released 2004, Q1;90g, 21mm thickness;Feature phone;No card slot;5;N/A;66,062 hits;;128x128 pixels; ;;600 mAh Li-Ion;GSM 900 / 1800;No;No;2004, Q1;Discontinued;82 x 44 x 21 mm (3.23 x 1.73 x 0.83 in);90 g (3.17 oz);Mini-SIM;STN, 65K colors;;128 x 128 pixels, 1:1 ratio;Second external display4-way navi key;No;VGA;No;No;No;No;No;No;;;Predictive text inputStopwatchCalculatorMemo;Removable Li-Ion 600 mAh battery;;;;
https://www.gsmarena.com/sewon_sgd_1000-780.php;https://fdn2.gsmarena.com/vv/bigpic/swsgd1000.gif;Sewon SGD-1000;Released 2004, Q1;90g, 21mm thickness;Feature phone;No card slot;6;N/A;68,232 hits;;128x128 pixels; ;;900 mAh Li-Ion;GSM 900 / 1800;No;No;2004, Q1;Discontinued;82 x 42 x 21 mm (3.23 x 1.65 x 0.83 in);90 g (3.17 oz);Mini-SIM;STN, 65K colors;;128 x 128 pixels, 1:1 ratio;Second external display4-way navi key;No;VGA;No;No;No;No;No;No;;;Predictive text inputCalculatorMemo;Removable Li-Ion 900 mAh battery;;;;
https://www.gsmarena.com/sewon_sgd_106-763.php;https://fdn2.gsmarena.com/vv/bigpic/swsgd106.gif;Sewon SGD-106;Released 2004, Q1;80g, 23mm thickness;Feature phone;No card slot;3;N/A;67,570 hits;;128x128 pixels; ;;550 mAh Li-Ion;GSM 900 / 1800;No;No;2004, Q1;Discontinued;72 x 40 x 23 mm (2.83 x 1.57 x 0.91 in);80 g (2.82 oz);Mini-SIM;CSTN, 256 colors;;128 x 128 pixels, 1:1 ratio;Second external mono LCD display4-way navi key;No;No;;;No;No;No;No;;;Predictive text inputCalculatorMemo;Removable Li-Ion 550 mAh battery;;Up to 110 h;Up to 3 h;
https://www.gsmarena.com/sewon_sgd_105-762.php;https://fdn2.gsmarena.com/vv/bigpic/swsgd105.gif;Sewon SGD-105;Released 2004, Q1;80g, 23mm thickness;Feature phone;No card slot;4;N/A;63,455 hits;;128x128 pixels; ;;550 mAh Li-Ion;GSM 900 / 1800;No;No;2004, Q1;Discontinued;72 x 40 x 23 mm (2.83 x 1.57 x 0.91 in);80 g (2.82 oz);Mini-SIM;CSTN, 256 colors;;128 x 128 pixels, 1:1 ratio;Second external mono LCD display4-way navi key;No;No;;;No;No;No;No;;;Predictive text inputCalculatorMemo;Removable Li-Ion 550 mAh battery;;Up to 110 h;Up to 3 h;
https://www.gsmarena.com/sewon_sgd_102-749.php;https://fdn2.gsmarena.com/vv/bigpic/swsgd102.gif;Sewon SGD-102;Released 2004, Q1;80g, 23mm thickness;Feature phone;No card slot;3;N/A;61,367 hits;;128x128 pixels; ;;550 mAh Li-Ion;GSM 900 / 1800;No;No;2004, Q1;Discontinued;72 x 40 x 23 mm (2.83 x 1.57 x 0.91 in);80 g (2.82 oz);Mini-SIM;CSTN, 256 colors;;128 x 128 pixels, 1:1 ratio;Second external mono LCD display4-way navi key;No;No;;;No;No;No;No;;;Predictive text inputCalculatorMemo;Removable Li-Ion 550 mAh battery;;Up to 110 h;Up to 3 h;
https://www.gsmarena.com/sewon_sgd_101-746.php;https://fdn2.gsmarena.com/vv/bigpic/swsgd101.gif;Sewon SGD-101;Released 2004, Q1;80g, 23mm thickness;Feature phone;No card slot;6;N/A;62,857 hits;;128x128 pixels; ;;550 mAh Li-Ion;GSM 900 / 1800;No;No;2004, Q1;Discontinued;72 x 40 x 23 mm (2.83 x 1.57 x 0.91 in);80 g (2.82 oz);Mini-SIM;CSTN, 256 colors;;128 x 128 pixels, 1:1 ratio;Second external mono LCD display4-way navi key;No;No;;;No;No;No;No;;;Predictive text inputCalculatorMemo;Removable Li-Ion 550 mAh battery;;Up to 110 h;Up to 3 h;
https://www.gsmarena.com/sewon_sg_2890cd-745.php;https://fdn2.gsmarena.com/vv/bigpic/sw2890cd.gif;Sewon SG-2890CD;Released 2004, Q1;80g, 23mm thickness;Feature phone;No card slot;6;N/A;64,322 hits;;128x128 pixels; ;;780 mAh Li-Ion;GSM 900 / 1800;No;No;2004, Q1;Discontinued;72 x 40 x 23 mm (2.83 x 1.57 x 0.91 in);80 g (2.82 oz);Mini-SIM;CSTN, 256 colors;;128 x 128 pixels, 1:1 ratio;Second external mono LCD display4-way navi key;No;No;;;No;No;No;No;;;Predictive text inputCalculatorMemo;Removable Li-Ion battery;;Up to 110 h;Up to 3 h;
https://www.gsmarena.com/sewon_sg_2320cd-741.php;https://fdn2.gsmarena.com/vv/bigpic/sw2320cd.gif;Sewon SG-2320CD;Released 2004, Q1;72g, 22mm thickness;Feature phone;No card slot;6;N/A;89,206 hits;;128x128 pixels; ;;550 mAh Li-Ion;GSM 900 / 1800;No;No;2004, Q1;Discontinued;68 x 39 x 22 mm (2.68 x 1.54 x 0.87 in);72 g (2.54 oz);Mini-SIM;CSTN, 256 colors;;128 x 128 pixels, 1:1 ratio;Second external mono LCD display;No;No;;;No;No;No;No;;;Predictive text inputCalculatorMemo;Removable Li-Ion 550 mAh battery;;Up to 100 h;Up to 3 h;
https://www.gsmarena.com/sewon_sg_2300cd-740.php;https://fdn2.gsmarena.com/vv/bigpic/sw2300cd.gif;Sewon SG-2300CD;Released 2004, Q1;72g, 22mm thickness;Feature phone;No card slot;4;N/A;62,416 hits;;128x128 pixels; ;;550 mAh Li-Ion;GSM 900 / 1800;No;No;2004, Q1;Discontinued;68 x 39 x 22 mm (2.68 x 1.54 x 0.87 in);72 g (2.54 oz);Mini-SIM;CSTN, 256 colors;;128 x 128 pixels, 1:1 ratio;Second external mono LCD display;No;No;;;No;No;No;No;;;Predictive text inputCalculatorMemo;Removable Li-Ion 550 mAh battery;;Up to 100 h;Up to 3 h;
https://www.gsmarena.com/sewon_sg_2200cd-739.php;https://fdn2.gsmarena.com/vv/bigpic/sw2200cd.gif;Sewon SG-2200CD;Released 2004, Q1;72g, 22mm thickness;Feature phone;No card slot;6;N/A;66,059 hits;;128x128 pixels; ;;550 mAh Li-Ion;GSM 900 / 1800;No;No;2004, Q1;Discontinued;68 x 39 x 22 mm (2.68 x 1.54 x 0.87 in);72 g (2.54 oz);Mini-SIM;CSTN, 256 colors;;128 x 128 pixels, 1:1 ratio;Second external mono LCD display;No;No;;;No;No;No;No;;;Predictive text inputCalculatorMemo;Removable Li-Ion 550 mAh battery;;Up to 100 h;Up to 3 h;
https://www.gsmarena.com/sewon_sg_2880cs-628.php;https://fdn2.gsmarena.com/vv/bigpic/sw2880cs.gif;Sewon SG-2880CS;Released 2004, Q1;72g, 22mm thickness;Feature phone;No card slot;5;N/A;71,997 hits;;128x128 pixels; ;;700 mAh Li-Ion;GSM 900 / 1800;No;No;2004, Q1;Discontinued;68 x 39 x 22 mm (2.68 x 1.54 x 0.87 in);72 g (2.54 oz);Mini-SIM;STN, 256 colors;;128 x 128 pixels, 1:1 ratio;Blue backlightDownloadable logos;No;No;;;No;No;No;No;;;Predictive text inputCalculatorMemo;Removable Li-Ion 700 mAh battery;Pearl White, Prime Gray Blue,  Oriental Gold;Up to 180 h;Up to 3 h;
https://www.gsmarena.com/sewon_sg_2100cs-627.php;https://fdn2.gsmarena.com/vv/bigpic/sw2100cs.gif;Sewon SG-2100CS;Released 2004, Q1;72g, 22mm thickness;Feature phone;No card slot;5;N/A;65,857 hits;;128x128 pixels; ;;700 mAh Li-Ion;GSM 900 / 1800;No;No;2004, Q1;Discontinued;68 x 39 x 22 mm (2.68 x 1.54 x 0.87 in);72 g (2.54 oz);Mini-SIM;STN, 256 colors;;128 x 128 pixels, 1:1 ratio;Blue backlightDownloadable logos;No;No;;;No;No;No;No;;;Predictive text inputCalculatorMemo;Removable Li-Ion 700 mAh battery;Pearl White, Prime Gray Blue,  Oriental Gold;Up to 180 h;Up to 3 h;
https://www.gsmarena.com/sewon_sg_2000cs-626.php;https://fdn2.gsmarena.com/vv/bigpic/sw2000cs.gif;Sewon SG-2000CS;Released 2004, Q1;72g, 22mm thickness;Feature phone;No card slot;7;N/A;58,913 hits;;128x128 pixels; ;;700 mAh Li-Ion;GSM 900 / 1800;No;No;2004, Q1;Discontinued;68 x 39 x 22 mm (2.68 x 1.54 x 0.87 in);72 g (2.54 oz);Mini-SIM;STN, 256 colors;;128 x 128 pixels, 1:1 ratio;Downloadable logos;No;No;;;No;No;No;No;;;Predictive text inputCalculatorMemo;Removable Li-Ion 700 mAh battery;Pearl White, Prime Gray Blue,  Oriental Gold;Up to 180 h;Up to 3 h;
https://www.gsmarena.com/sewon_sg_p100-617.php;https://fdn2.gsmarena.com/vv/bigpic/swp100.gif;Sewon SG-P100;Released 2004, Q1;82g, 21mm thickness;Feature phone;No card slot;5;N/A;59,518 hits;;101x80 pixels; ;;720 mAh Li-Ion;GSM 900 / 1800;Yes;No;2004, Q1;Discontinued;88 x 44 x 21 mm (3.46 x 1.73 x 0.83 in);82 g (2.89 oz);Mini-SIM;STN, 256 colors;;101 x 80 pixels;4-way navi keyDownloadable logos;No;No;;;No;No;No;No;;;Predictive text inputCalculatorMemo;Removable Li-Ion battery;;Up to 150 h;Up to 3 h;
https://www.gsmarena.com/sewon_sg_5000-667.php;https://fdn2.gsmarena.com/vv/bigpic/sw5000.gif;Sewon SG-5000;Released 2002;90g, 22mm thickness;Feature phone;No card slot;5;N/A;49,068 hits;;128x128 pixels; ;;900 mAh Li-Ion;GSM 900 / 1800;No;No;2002;Discontinued;82 x 45 x 22 mm (3.23 x 1.77 x 0.87 in);90 g (3.17 oz);Mini-SIM;Grayscale graphic, 4 shades;;128 x 128 pixels, 1:1 ratio;Second external display4-way navi keyDownloadable animations;No;No;;;No;No;No;No;;;Predictive text inputCalculator;Removable Li-Ion 900 mAh battery;Black;Up to 75 h;Up to 3 h;Ringtones can be assigned to contacts
https://www.gsmarena.com/sewon_sg_4500-613.php;https://fdn2.gsmarena.com/vv/bigpic/sw4500.gif;Sewon SG-4500;Released 2002;85g, 24mm thickness;Feature phone;No card slot;3;N/A;46,621 hits;;128x128 pixels; ;;900 mAh Li-Ion;GSM 900 / 1800;Yes;No;2002;Discontinued;80 x 46 x 24 mm (3.15 x 1.81 x 0.94 in);85 g (3.00 oz);Mini-SIM;STN, 65K colors;;128 x 128 pixels, 1:1 ratio;Second external display4-way navi key;No;No;;;No;No;No;No;;;Predictive text inputCalculator;Removable Li-Ion 900 mAh battery;Crystal White, Gold, Astral Blue, Dark Blue;90 h - 150 h;1 h 30 - 6 h;Ringtones can be assigned to contacts
https://www.gsmarena.com/sewon_sg_2200-612.php;https://fdn2.gsmarena.com/vv/bigpic/sw2200.gif;Sewon SG-2200;Released 2002;72g, 22mm thickness;Feature phone;No card slot;6;N/A;47,269 hits;;128x128 pixels; ;;700 mAh Li-Ion;GSM 900 / 1800;No;No;2002;Discontinued;68 x 39 x 22 mm (2.68 x 1.54 x 0.87 in);72 g (2.54 oz);Mini-SIM;Grayscale graphics, 4 shades;;128 x 128 pixels, 1:1 ratio;Second external displayBlue backlightFixed iconsSoft keys;No;No;;;No;No;No;No;;;Predictive text inputCalculator;Removable Li-Ion 700 mAh battery;Crystal White, Gold, Astral Blue, Dark Blue;120 h - 180 h;1 h 30 - 6 h 30 min;Ringtones can be assigned to contacts
https://www.gsmarena.com/sewon_sg_2000-611.php;https://fdn2.gsmarena.com/vv/bigpic/sw2000.gif;Sewon SG-2000;Released 2002;72g, 22mm thickness;Feature phone;No card slot;6;N/A;50,994 hits;;128x128 pixels; ;;700 mAh Li-Ion;GSM 900 / 1800;No;No;2002;Discontinued;68 x 39 x 22 mm (2.68 x 1.54 x 0.87 in);72 g (2.54 oz);Mini-SIM;Grayscale graphics, 4 shades;;128 x 128 pixels, 1:1 ratio;Second external displayBlue backlightFixed iconsSoft keys;No;No;;;No;No;No;No;;;Predictive text inputCalculator;Removable Li-Ion 700 mAh battery;Pearl White, Prime Gray Blue, Metallic Silver, Oriental Gold;100 h - 150 h;1 h 30 - 6 h 30 min;Ringtones can be assigned to contacts
https://www.gsmarena.com/sewon_sg_1000-610.php;https://fdn2.gsmarena.com/vv/bigpic/sw1000.gif;Sewon SG-1000;Released;89g, 25mm thickness;Feature phone;No card slot;6;N/A;47,278 hits;;112x48 pixels, 4 lines; ;;730 mAh Li-Ion;GSM 900 / 1800;No;No;;Discontinued;88 x 44 x 25 mm (3.46 x 1.73 x 0.98 in);89 g (3.14 oz);Mini-SIM;Monochrome graphic;;112 x 48 pixels, 4 lines, 21:9 ratio;128 x 64 pixels for ChineseFixed iconsSoft keys;No;No;;;No;No;No;No;;;Predictive text input;Removable Li-Ion 730 mAh battery;Metallic Silver, Champaign Bronze, Metallic Champaign Gold;Up to 120 h;Up to 2 h;Ringtones can be assigned to contacts
