Link;Image;Name;Release date;Weight;OS;Storage;Fans;Popularity;Hits;Screen_size;Screen_resolution;RAM;SOC;Battery;net2g;gprstext;edge;year;status;dimensions;weight;sim;displaytype;displaysize;displayresolution;memoryslot;internalmemory;cam1modules;wlan;bluetooth;gps;radio;usb;sensors;featuresother;batdescription1;batstandby1;battalktime1;colors;displayother;bodyother;cam1video;cam2modules;memoryother;net3g;speed;cam1features;os;cpu;optionalother;cam2video;chipset
https://www.gsmarena.com/siemens_al21-1379.php;https://fdn2.gsmarena.com/vv/bigpic/siemens-al21.gif;Siemens AL21;Released 2005, November;78g, 19.2mm thickness;Feature phone;1.5MB storage, no card slot;11;0.1%;548,046 hits;;130x130 pixels; ;;600 mAh Li-Ion;GSM 900 / 1800 / 1900;Class 8;No;2005, November;Discontinued;86.8 x 45.8 x 19.2 mm (3.42 x 1.80 x 0.76 in);78 g (2.75 oz);Mini-SIM;TFT, 65K colors;;130 x 130 pixels, 1:1 ratio;No;1.5MB;No;No;No;No;No;Proprietary;;Predictive text inputOrganizer;Removable Li-Ion 600 mAh battery;Up to 220 h;Up to 5 h;Red Temptation, Black Magic;;;;;;;;;;;;;
https://www.gsmarena.com/siemens_a31-1378.php;https://fdn2.gsmarena.com/vv/bigpic/siemens-a31.gif;Siemens A31;Released 2005, November;85g, 17.6mm thickness;Feature phone;1.5MB storage, no card slot;12;N/A;307,926 hits;;128x128 pixels; ;;820 mAh Li-Ion;GSM 900 / 1800;Class 8;No;2005, November;Discontinued;102 x 46 x 17.6 mm, 75 cc (4.02 x 1.81 x 0.69 in);85 g (3.00 oz);Mini-SIM;CSTN, 65K colors;;128 x 128 pixels, 1:1 ratio;No;1.5MB;No;No;No;No;No;No;;Predictive text inputOrganizer;Removable Li-Ion 820 mAh battery;Up to 270 h;Up to 5 h;Anthracite, Ruby Red;;;;;;;;;;;;;
https://www.gsmarena.com/siemens_af51-1377.php;https://fdn2.gsmarena.com/vv/bigpic/siemens-af51.gif;Siemens AF51;Released 2005, November;80g, 19.6mm thickness;Feature phone;No card slot;9;N/A;335,484 hits;;130x130 pixels; ;;620 mAh Li-Ion;GSM 900 / 1800 / 1900;Class 8;No;2005, November;Discontinued;79 x 41 x 19.6 mm (3.11 x 1.61 x 0.77 in);80 g (2.82 oz);Mini-SIM;CSTN, 65K colors;;130 x 130 pixels, 1:1 ratio;No;;No;No;No;No;No;;;Predictive text inputOrganizerVoice dial;Removable Li-Ion 620 mAh battery;Up to 220 h;Up to 5 h;Panther Black, Dolphin Grey;Second external 65K colors display, CSTN (96 x 64 pixels);;;;;;;;;;;;
https://www.gsmarena.com/siemens_me75-1324.php;https://fdn2.gsmarena.com/vv/bigpic/siemens-me75.gif;Siemens ME75;Released 2005, October;95g, 18mm thickness;Feature phone;10MB storage, no card slot;15;N/A;420,928 hits;;132x176 pixels; ;;1000 mAh Li-Ion;GSM 900 / 1800 / 1900;Class 10;No;2005, October;Discontinued;105 x 46 x 18 mm (4.13 x 1.81 x 0.71 in);95 g (3.35 oz);Mini-SIM;TFT, 65K colors;;132 x 176 pixels, 4:3 ratio;No;10MB;VGA;No;No;No;No;Proprietary;;OrganizerSyncMLVoice memoPredictive text input;Removable Li-Ion 1000 mAh battery;Up to 450 h;Up to 8 h;Amazon Green, Atlas Grey;;Dust, shock and splash resistant;Yes;No;;;;;;;;;
https://www.gsmarena.com/siemens_ap75-1326.php;https://fdn2.gsmarena.com/vv/bigpic/siemens-ap75.gif;Siemens AP75;Released 2005, October;86g, 18mm thickness;Feature phone;No card slot;8;N/A;228,000 hits;;128x128 pixels; ;;860 mAh Li-Ion;GSM 900 / 1800 / 1900;Class 10;No;2005, October;Discontinued;102 x 44 x 18 mm (4.02 x 1.73 x 0.71 in);86 g (3.03 oz);Mini-SIM;CSTN, 65K colors;;128 x 128 pixels, 1:1 ratio;No;;CIF;No;Yes;No;No;Proprietary;;Predictive text inputOrganizer;Removable Li-Ion 860 mAh battery;Up to 161 h;Up to 5 h 40 min;Cosmic Grey;5-way navigation key;;No;No;500 KB free memory;;;;;;;;
https://www.gsmarena.com/siemens_ax72-1327.php;https://fdn2.gsmarena.com/vv/bigpic/siemens-ax72.gif;Siemens AX72;Released 2005, October;79g, 17.5mm thickness;Feature phone;No card slot;14;N/A;302,581 hits;;128x128 pixels; ;;600 mAh Li-Ion;GSM 900 / 1800 / 1900;Class 8;No;2005, October;Discontinued;105.6 x 46.8 x 17.5 mm (4.16 x 1.84 x 0.69 in);79 g (2.79 oz);Mini-SIM;CSTN, 65K colors;;128 x 128 pixels, 1:1 ratio;No;;No;No;No;No;No;Proprietary;;Predictive text inputOrganizer;Removable Li-Ion 600 mAh battery;Up to 220 h;Up to 5 h;Basalt Black;5-way navigation key;;;;1.5 MB free memory;;;;;;;;
https://www.gsmarena.com/siemens_sg75-1288.php;https://fdn2.gsmarena.com/vv/bigpic/siemens-sg75.gif;Siemens SG75;Cancelled;123g, 23mm thickness;Feature phone;70MB storage, RS-MMC slot;8;N/A;314,740 hits;"2.0""";176x220 pixels; ;;920 mAh Li-Po;GSM 900 / 1800 / 1900;;;2005, Sep;Cancelled;98 x 49.5 x 23 mm, 104 cc (3.86 x 1.95 x 0.91 in);123 g (4.34 oz);Mini-SIM;TFD, 256K colors;2.0 inches, 30 x 40 mm, 12.6 cm(~26.0% screen-to-body ratio);176 x 220 pixels (~141 ppi density);RS-MMC;70MB;1.3 MP;No;Yes;No;No;Proprietary;;Video telephonyMP3 playerPredictive text inputOrganizer;Removable Li-Po 920 mAh battery;Up to 325 h;Up to 3 h 20 min;Metallic White;;;Yes;CIF videocall camera;;UMTS 2100;Yes, 384 kbps;;;;;;
https://www.gsmarena.com/siemens_sfg75-1289.php;https://fdn2.gsmarena.com/vv/bigpic/siemens-sfg75.gif;Siemens SFG75;Released 2005, Sep;110g, 24mm thickness;Feature phone;32MB storage, miniSD slot;8;N/A;183,487 hits;"2.0""";176x220 pixels; ;;840 mAh Li-Ion;GSM 900 / 1800;;;2005, Sep;Discontinued;90 x 45 x 24 mm, 97 cc (3.54 x 1.77 x 0.94 in);110 g (3.88 oz);Mini-SIM;TFT, 256K colors;2.0 inches, 30 x 40 mm, 12.6 cm(~31.1% screen-to-body ratio);176 x 220 pixels (~141 ppi density);miniSD;32MB;1.3 MP;No;Yes;No;No;Proprietary;;Video telephonyMP3/MP4 playerPredictive text inputOrganizer;Removable Li-Ion 840 mAh battery;Up to 250 h;Up to 3 h;Silver Black;Second CSTN display (96 x 96 pixels), 65K colorsWallpapersDownloadable pictures;;Yes;CIF videocall camera;;UMTS 2100;Yes, 384 kbps;LED flash;;;;;
https://www.gsmarena.com/siemens_cc75-1247.php;https://fdn2.gsmarena.com/vv/bigpic/siemens-cc75.gif;Siemens CC75;Cancelled;80g, 12.6mm thickness;Feature phone;3MB storage, no card slot;9;N/A;193,935 hits;;128x160 pixels; ;;800 mAh Li-Ion;GSM 900 / 1800 / 1900;Class 10;No;2005, August;Cancelled;111 x 44 x 12.6 mm, 65 cc (4.37 x 1.73 x 0.50 in);80 g (2.82 oz);Mini-SIM;TFT, 65K colors;;128 x 160 pixels;No;3MB;No;No;No;No;No;Proprietary;;Predictive text inputOrganizerBirthday reminderVoice memo;Removable Li-Ion 800 mAh battery (EBA-720);Up to 270 h;Up to 3 h 30 min;Aluminium Silver;5-way navigation key;;;;;;;;;;;;
https://www.gsmarena.com/siemens_cf110-1248.php;https://fdn2.gsmarena.com/vv/bigpic/siemens-cf110.gif;Siemens CF110;Released 2005, August;76.5g, 18mm thickness;Feature phone;1.5MB storage, no card slot;9;N/A;342,974 hits;;130x130 pixels; ;;600 mAh Li-Ion;GSM 900 / 1800 / 1900;Class 8;No;2005, August;Discontinued;83 x 45 x 18 mm, 68 cc (3.27 x 1.77 x 0.71 in);76.5 g (2.68 oz);Mini-SIM;TFT, 65K colors;;130 x 130 pixels, 1:1 ratio;No;1.5MB;No;No;No;No;No;Proprietary;;Predictive text inputOrganizer;Removable Li-Ion 600 mAh battery (EBA-160);Up to 220 h;Up to 5 h;Moonlight Silver, Midnight Blue;;;;;;;;;;;;;
https://www.gsmarena.com/siemens_c72-1259.php;https://fdn2.gsmarena.com/vv/bigpic/siemens-c72.gif;Siemens C72;Released 2005, August;86g, 18mm thickness;Feature phone;No card slot;14;N/A;326,959 hits;;128x128 pixels; ;;750 mAh Li-Ion;GSM 900 / 1800 / 1900;Class 10;No;2005, August;Discontinued;105 x 47 x 18 mm (4.13 x 1.85 x 0.71 in);86 g (3.03 oz);Mini-SIM;CSTN, 65K colors;;128 x 128 pixels, 1:1 ratio;No;;VGA;No;No;No;No;Proprietary;;Predictive text inputStopwatchOrganizer;Removable Li-Ion 750 mAh battery;Up to 300 h;Up to 5 h;Liquid Silver;Download assistant for logos;;Yes;No;;;;;;;;;
https://www.gsmarena.com/siemens_s75-1212.php;https://fdn2.gsmarena.com/vv/bigpic/siemens-s75.gif;Siemens S75;Released 2005, Q2;99g, 18.5mm thickness;Feature phone;20MB storage, RS-MMC slot;16;N/A;393,128 hits;"1.9""";132x176 pixels; ;;820 mAh Li-Ion;GSM 900 / 1800 / 1900;Class 10;Yes;2005, Q2;Discontinued;103 x 47 x 18.5 mm, 84 cc (4.06 x 1.85 x 0.73 in);99 g (3.49 oz);Mini-SIM;TFT, 256K colors;1.9 inches, 28 x 38 mm, 11.2 cm(~23.1% screen-to-body ratio);132 x 176 pixels, 4:3 ratio (~116 ppi density);RS-MMC, up to 1 GB, 128 MB included;20MB;1.3 MP;No;1.2;No;No;Proprietary;;Push to TalkMP3/AAC/MP4 playerPredictive text inputOrganizerSyncMLVoice memo;Removable Li-Ion 820 mAh battery;Up to 300 h;Up to 5 h;Piano Black, Zirconia;;;Yes;No;100 short messages;;;LED flash;;;;;
https://www.gsmarena.com/siemens_sl75-1213.php;https://fdn2.gsmarena.com/vv/bigpic/siemens-sl75.gif;Siemens SL75;Released 2005, Q2;99g, 23mm thickness;Feature phone;52MB storage, no card slot;12;N/A;463,575 hits;;132x176 pixels; ;;700 mAh Li-Ion;GSM 900 / 1800 / 1900;Class 10;Yes;2005, Q2;Discontinued;92 x 48 x 23 mm, 78 cc (3.62 x 1.89 x 0.91 in);99 g (3.49 oz);Mini-SIM;TFT, 256K colors;;132 x 176 pixels, 4:3 ratio;No;52MB;1.3 MP;No;1.2;No;No;Proprietary;;MP3/AAC/MP4 playerPredictive text inputOrganizerVoice memo;Removable Li-Ion 700 mAh battery;Up to 300 h;Up to 5 h;Pure Silver, Polar White, Onyx Black;;;Yes;No;;;;LED flash;;;;;
https://www.gsmarena.com/siemens_c75-1186.php;https://fdn2.gsmarena.com/vv/bigpic/siemens-c75.gif;Siemens C75;Released 2005, May;85g, 17mm thickness;Feature phone;10MB storage, no card slot;17;N/A;560,270 hits;;132x176 pixels, 9 lines; ;;750 mAh Li-Ion;GSM 900 / 1800 / 1900;Class 10;No;2005, May;Discontinued;103 x 44 x 17 mm (4.06 x 1.73 x 0.67 in);85 g (3.00 oz);Mini-SIM;TFT, 65K colors;;132 x 176 pixels, 9 lines, 4:3 ratio;No;10MB;VGA;No;No;No;No;Proprietary;;Predictive text inputStopwatchOrganizerVoice memoClip-it coversUser profilesSyncML;Removable Li-Ion 750 mAh battery;Up to 300 h;Up to 5 h 30 min;Palladium and Light Silver;5-way joystickDownload assistant for logos;;Yes;No;100 short messages;;;;;;;;
https://www.gsmarena.com/siemens_sp65-1135.php;https://fdn2.gsmarena.com/vv/bigpic/sisp65.gif;Siemens SP65;Released 2005, March;98g, 18mm thickness;Feature phone;RS-MMC slot;14;N/A;369,228 hits;"2.1""";132x176 pixels, 9 lines; ;;750 mAh Li-Ion;GSM 900 / 1800 / 1900;Class 10;No;2005, March;Discontinued;109 x 48 x 18 mm, 85 cc (4.29 x 1.89 x 0.71 in);98 g (3.46 oz);Mini-SIM;TFT, 65K colors;2.1 inches, 32 x 42 mm, 13.7 cm(~26.1% screen-to-body ratio);132 x 176 pixels, 9 lines, 4:3 ratio (~105 ppi density);RS-MMC;;No;No;1.2;No;No;Proprietary;;Predictive text inputOrganizerStopwatchReminder listVoice memoSyncML;Removable Li-Ion 750 mAh battery;Up to 250 h;Up to 5 h;Steel black, Bordeaux;Download assistant for logos;;;;;;;;;;;;
https://www.gsmarena.com/siemens_sxg75-1101.php;https://fdn2.gsmarena.com/vv/bigpic/siemens-sxg75.gif;Siemens SXG75;Released 2005, Q1;134g, 20mm thickness;Feature phone;128MB storage, RS-MMC slot;16;N/A;581,924 hits;"2.2""";240x320 pixels; ;;1000 mAh Li-Ion;GSM 900 / 1800 / 1900;;;2005, Q1;Discontinued;111.5 x 53 x 20 mm, 108 cc (4.39 x 2.09 x 0.79 in);134 g (4.73 oz);Mini-SIM;TFT, 256K colors;2.2 inches, 33 x 45 mm, 15.0 cm(~25.4% screen-to-body ratio);240 x 320 pixels, 4:3 ratio (~182 ppi density);RS-MMC;128MB;2 MP;No;1.1;GPS;Stereo FM radio, RDS;Proprietary;;Predictive text inputOrganizerInfrared transfer of data between compatible phonesXpress-on coversProfiles;Removable Li-Ion 1000 mAh battery;Up to 400 h;Up to 6 h;Metallic White, Metallic Black;;;Yes;CIF videocall camera;64 MB free memory;UMTS 2100;Yes, 384 kbps;;;;;;
https://www.gsmarena.com/siemens_m75-1100.php;https://fdn2.gsmarena.com/vv/bigpic/siemens-m75.gif;Siemens M75;Released 2005, Q1;110g, 20.8mm thickness;Feature phone;14MB storage, RS-MMC slot;12;N/A;363,170 hits;"1.9""";132x176 pixels; ;;750 mAh Li-Ion;GSM 900 / 1800 / 1900;Class 10;No;2005, Q1;Discontinued;110.5 x 51.5 x 20.8 mm, 104 cc (4.35 x 2.03 x 0.82 in);110 g (3.88 oz);Mini-SIM;TFT, 256K colors;1.9 inches, 28 x 38 mm, 11.2 cm(~19.6% screen-to-body ratio);132 x 176 pixels, 4:3 ratio (~116 ppi density);RS-MMC, 32 MB included;14MB;1.3 MP;No;1.2;No;No;Proprietary;;MP3/AAC playerVideo playerOrganizerVoice memoPredictive text input;Removable Li-Ion 750 mAh battery;Up to 250 h;Up to 5 h;Safari Green, Volcano Black;;Dust, shock and splash resistantMetal frame;Yes;No;;;;;;;;;
https://www.gsmarena.com/siemens_cx75-1099.php;https://fdn2.gsmarena.com/vv/bigpic/siemens-cx75.gif;Siemens CX75;Released 2005, Q1;98g, 19mm thickness;Feature phone;14MB storage, RS-MMC slot;18;N/A;440,522 hits;"1.9""";132x176 pixels; ;;750 mAh Li-Ion;GSM 900 / 1800 / 1900;Class 10;No;2005, Q1;Discontinued;112 x 48 x 19 mm, 90 cc (4.41 x 1.89 x 0.75 in);98 g (3.46 oz);Mini-SIM;TFT, 256K colors;1.9 inches, 28 x 38 mm, 11.2 cm(~20.8% screen-to-body ratio);132 x 176 pixels, 4:3 ratio (~116 ppi density);RS-MMC;14MB;1.3 MP;No;1.2;No;No;Proprietary;;Push and TalkMP3/AAC playerPredictive text inputOrganizerSyncML;Removable Li-Ion 750 mAh battery;Up to 250 h;Up to 5 h;Titan grey, Sand silver;;;QCIF;No;;;;;;;;;
https://www.gsmarena.com/siemens_cf75-1098.php;https://fdn2.gsmarena.com/vv/bigpic/siemens-cf75.gif;Siemens CF75;Released 2005, Q1;91g, 22mm thickness;Feature phone;10MB storage, no card slot;10;N/A;353,411 hits;;128x160 pixels; ;;600 mAh Li-Ion;GSM 900 / 1800 / 1900;Class 10;Yes;2005, Q1;Discontinued;94 x 47 x 22 mm, 80 cc (3.70 x 1.85 x 0.87 in);91 g (3.21 oz);Mini-SIM;CSTN, 65K colors;;128 x 160 pixels;No;10MB;VGA;No;No;No;No;Proprietary;;Push to talkMedia playerPredictive text inputOrganizerSyncMLVoice memo;Removable Li-Ion 600 mAh battery;Up to 250 h;Up to 2 h 30 min;Ocean blue, Pearl black;Second external 4K colors display, CSTN (96 x 64 pixels)5-way navigation key;;Yes;No;;;;;;;;;
https://www.gsmarena.com/siemens_cl75-1097.php;https://fdn2.gsmarena.com/vv/bigpic/siemens-cl75.gif;Siemens CL75;Released 2005, Q1;90g, 23mm thickness;Feature phone;11MB storage, no card slot;9;N/A;398,915 hits;;128x160 pixels; ;;780 mAh Li-Ion;GSM 900 / 1800 / 1900;Class 10;No;2005, Q1;Discontinued;87 x 44 x 23 mm, 74 cc (3.43 x 1.73 x 0.91 in);90 g (3.17 oz);Mini-SIM;TFT, 256K colors;;128 x 160 pixels;No;11MB;VGA;No;No;No;No;Proprietary;;Push to talkPredictive text inputOrganizerVoice memo;Removable Li-Ion 780 mAh battery;Up to 220 h;Up to 3 h;Silk Flower Red,  Pin Striped Black;Second external 65K colors display, CSTN (96 x 64 pixels);;Yes;No;100 short messages;;;;;;;;
https://www.gsmarena.com/siemens_ax75-1085.php;https://fdn2.gsmarena.com/vv/bigpic/siemens-ax75.gif;Siemens AX75;Released 2005, Q1;76g, 18mm thickness;Feature phone;1.5MB storage, no card slot;11;N/A;196,707 hits;;128x128 pixels, 7 lines; ;;600 mAh Li-Ion;GSM 900 / 1800 / 1900;Class 8;No;2005, Q1;Discontinued;106 x 47 x 18 mm, 75 cc (4.17 x 1.85 x 0.71 in);76 g (2.68 oz);Mini-SIM;CSTN, 65K colors;;128 x 128 pixels, 7 lines, 1:1 ratio;No;1.5MB;No;No;No;No;No;Proprietary;;Predictive text inputOrganizerVoice dial/voice commandOptional VGA camera;Removable Li-Ion 600 mAh battery;Up to 220 h;Up to 5 h;2 - Ice Blue, Cream Stone;4-way navigation keySoftkeys;;;;100 short messages;;;;;;;;
https://www.gsmarena.com/siemens_a75-1084.php;https://fdn2.gsmarena.com/vv/bigpic/siemens-a75.gif;Siemens A75;Released 2005, Q1;78g, 20mm thickness;Feature phone;No card slot;14;N/A;252,892 hits;;101x80 pixels; ;;650 mAh Li-Ion;GSM 900 / 1800 / 1900;Class 8;No;2005, Q1;Discontinued;101 x 44 x 20 mm (3.98 x 1.73 x 0.79 in);78 g (2.75 oz);Mini-SIM;CSTN, 4096 colors;;101 x 80 pixels;No;;No;No;No;No;No;;;Predictive text inputCalculatorStopwatch;Removable Li-Ion 650 mAh battery;Up to 250 h;Up to 5 h;2 - Atlantic Blue, Polar Silver;4-way navigation keyScreensaver;;;;100 short messages;;;;;;;;
https://www.gsmarena.com/siemens_a70-1083.php;https://fdn2.gsmarena.com/vv/bigpic/siemens-a70.gif;Siemens A70;Released 2005, Q1;78g, 20mm thickness;Feature phone;No card slot;15;N/A;299,383 hits;;101x64 pixels; ;;650 mAh Li-Ion;GSM 900 / 1800 / 1900;;No;2005, Q1;Discontinued;101 x 45 x 20 mm (3.98 x 1.77 x 0.79 in);78 g (2.75 oz);Mini-SIM;Monochrome graphic;;101 x 64 pixels;No;;No;No;No;No;No;;;Predictive text inputCalculator;Removable Li-Ion 650 mAh battery;Up to 250 h;Up to 5 h;2 - Pebble, Palladium;Softkeys;;;;;;;;;;;;
https://www.gsmarena.com/siemens_sf65-888.php;https://fdn2.gsmarena.com/vv/bigpic/sisf65.gif;Siemens SF65;Released 2004, Q3;97g, 23mm thickness;Feature phone;20MB storage, no card slot;10;N/A;498,887 hits;;128x160 pixels; ;;660 mAh Li-Ion;GSM 900 / 1800;Class 10;No;2004, Q3;Discontinued;91 x 44 x 23 mm, 86 cc (3.58 x 1.73 x 0.91 in);97 g (3.42 oz);Mini-SIM;TFT, 65K colors;;128 x 160 pixels;No;20MB;1.3 MP;No;No;No;No;Proprietary;;Predictive text inputPhoto editorOrganizer;Removable Li-Ion 660 mAh battery;Up to 400 h;Up to 4 h;2 - Polar white, Onyx black;Swivel and rotate 180 degScreensavers and wallpapersDownloadable logos;;No;No;;;;LED flash;;;;;
https://www.gsmarena.com/siemens_cx70_emoty-885.php;https://fdn2.gsmarena.com/vv/bigpic/sicx70em.gif;Siemens CX70 Emoty;Released 2004, Q3;116g, 24mm thickness;Feature phone;9.5MB storage, no card slot;8;N/A;225,767 hits;;132x176 pixels, 9 lines; ;;750 mAh Li-Ion;GSM 900 / 1800 / 1900;Class 10;No;2004, Q3;Discontinued;115 x 56 x 24 mm (4.53 x 2.20 x 0.94 in);116 g (4.09 oz);Mini-SIM;TFT, 65K colors;;132 x 176 pixels, 9 lines, 4:3 ratio;No;9.5MB;VGA;No;No;No;No;Proprietary;;Push-To-TalkPredictive text inputStopwatchOrganizerEmoty characters can be sent via MMSClip-it covers;Removable Li-Ion 750 mAh battery;Up to 300 h;Up to 5 h 30 min;Bluewater;5-way joystickDownloadable logosIntegrated stroke, press and shake sensors control 3 preinstalled Emoty characters;;Yes;No;;;;;;;;;
https://www.gsmarena.com/siemens_cx70-869.php;https://fdn2.gsmarena.com/vv/bigpic/sicx70.gif;Siemens CX70;Released 2004, Q3;90g, 18mm thickness;Feature phone;9.5MB storage, no card slot;23;N/A;440,686 hits;;132x176 pixels, 9 lines; ;;750 mAh Li-Ion;GSM 900 / 1800 / 1900;Class 10;No;2004, Q3;Discontinued;108 x 46 x 18 mm (4.25 x 1.81 x 0.71 in);90 g (3.17 oz);Mini-SIM;TFT, 65K colors;;132 x 176 pixels, 9 lines, 4:3 ratio;No;9.5MB;VGA;No;No;No;No;Proprietary;;Push-To-TalkPredictive text inputStopwatchOrganizerVoice dial, commandClip-it covers;Removable Li-Ion 750 mAh battery;Up to 250 h;Up to 5 h;;5-way joystickDownloadable logos;;Yes;No;;;;;;;;;
https://www.gsmarena.com/siemens_sx66-992.php;https://fdn2.gsmarena.com/vv/bigpic/sisx66.gif;Siemens SX66;Released 2004, Q4;210g, 18mm thickness;Microsoft Windows Mobile 2003 SE PocketPC;128MB RAM storage, SDIO/MMC slot;9;N/A;468,680 hits;"3.5""";240x320 pixels;128 MB RAM;;670 mAh Li-Ion;GSM 850 / 900 / 1800 / 1900;Class 10;No;2004, Q4;Discontinued;125 x 71 x 18 mm (4.92 x 2.80 x 0.71 in);210 g (7.41 oz);Mini-SIM;TFT resistive touchscreen, 65K colors;3.5 inches, 53 x 71 mm, 37.9 cm(~42.7% screen-to-body ratio);240 x 320 pixels, 4:3 ratio (~114 ppi density);SDIO/MMC;128MB RAM;No;Wi-Fi 802.11b;Yes;No;No;Proprietary;;Microsoft ActiveSyncMP3/AAC playerPredictive text input;Removable Li-Ion battery;Up to 200 h;Up to 4 h;Silver;Downloadable logos;;;;;;;;Microsoft Windows Mobile 2003 SE PocketPC;Intel Xscale PXA272 520 MHz;;;
https://www.gsmarena.com/siemens_sk65-861.php;https://fdn2.gsmarena.com/vv/bigpic/sisk65.gif;Siemens SK65;Released 2004, Q3;144g, 22mm thickness;Feature phone;64MB storage, no card slot;17;N/A;673,166 hits;;132x176 pixels; ;;750 mAh Li-Ion;GSM 900 / 1800 / 1900;Class 10;No;2004, Q3;Discontinued;120 x 47 x 22 mm, 115 cc (4.72 x 1.85 x 0.87 in);144 g (5.08 oz);Mini-SIM;TFT, 65K colors;;132 x 176 pixels, 4:3 ratio;No;64MB;No;No;1.2;No;No;Proprietary;;Push to talk (VoIP service)E-mail push based on BlackBerry Built-In technology from RIMPredictive text inputSyncMLOrganizer;Removable Li-Ion 750 mAh battery (EBA-660);Up to 250 h;Up to 5 h;Black Silver;Downloadable pictures;;;;30 MB available to user;;;;;;;;
https://www.gsmarena.com/siemens_a65-849.php;https://fdn2.gsmarena.com/vv/bigpic/sia65.gif;Siemens A65;Released 2004, July;75g, 19mm thickness;Feature phone;1.5MB storage, no card slot;19;N/A;351,706 hits;;101x80 pixels; ;;700 mAh Li-Ion;GSM 900 / 1800 / 1900;Class 8;No;2004, July;Discontinued;101 x 45 x 19 mm, 72 cc (3.98 x 1.77 x 0.75 in);75 g (2.65 oz);Mini-SIM;CSTN, 4096 colors;;101 x 80 pixels;No;1.5MB;No;No;No;No;No;;;Predictive text inputCurrency converterCalculatorStopwatchReminder listOptional digital camera;Removable Li-Ion 700 mAh battery (EBA-510);Up to 260 h;Up to 2 h;Sparkling Silver and Mystery Silver;Download assistant for logos;;;;;;;;;;;;
https://www.gsmarena.com/siemens_a62-981.php;https://fdn2.gsmarena.com/vv/bigpic/sia62.gif;Siemens A62;Released 2004, Q4;76g, 19mm thickness;Feature phone;No card slot;13;N/A;192,692 hits;;101x80 pixels; ;;700 mAh Li-Ion;GSM 900 / 1800 / 1900;Class 8;No;2004, Q4;Discontinued;101 x 45 x 19 mm, 72 cc (3.98 x 1.77 x 0.75 in);76 g (2.68 oz);Mini-SIM;CSTN, 4096 colors;;101 x 80 pixels;No;;No;No;No;No;No;;;Predictive text inputCurrency converterCalculatorStopwatchReminder list;Removable Li-Ion 700 mAh battery;Up to 250 h;Up to 5 h;Denim Blue and Mystic Purple;4-way navi keyDownload assistant for logos;;;;;;;;;;;;
https://www.gsmarena.com/siemens_a51-982.php;https://fdn2.gsmarena.com/vv/bigpic/sia51.gif;Siemens A51;Released 2004, Q4;84g, 21mm thickness;Feature phone;No card slot;17;N/A;170,664 hits;;101x64 pixels, 5 lines; ;;700 mAh Li-Ion;GSM 900 / 1800;;No;2004, Q4;Discontinued;103 x 46 x 21 mm, 75 cc (4.06 x 1.81 x 0.83 in);84 g (2.96 oz);Mini-SIM;Monochrome graphic;;101 x 64 pixels, 5 lines;No;;No;No;No;No;No;;;Predictive text inputCurrency converterCalculatorExchangable covers;Removable Li-Ion 700 mAh battery;Up to 250 h;Up to 5 h;Urban Grey;Screensavers;;;;;;;;;;;;
https://www.gsmarena.com/siemens_sl65-823.php;https://fdn2.gsmarena.com/vv/bigpic/sisl65.gif;Siemens SL65;Released 2004, June;99g, 21mm thickness;Feature phone;11MB storage, no card slot;18;N/A;791,774 hits;"1.8""";130x130 pixels, 7 lines; ;;700 mAh Li-Ion;GSM 900 / 1800 / 1900;Class 10;No;2004, June;Discontinued;90 x 47.6 x 21 mm, 78 cc (3.54 x 1.87 x 0.83 in);99 g (3.49 oz);Mini-SIM;TFT, 65K colors;1.8 inches, 10.5 cm(~24.4% screen-to-body ratio);130 x 130 pixels, 7 lines, 1:1 ratio (~102 ppi density);No;11MB;VGA;No;No;No;No;Proprietary;;Predictive text inputStopwatchOrganizerSyncML;Removable Li-Ion 700 mAh battery (EBA-650);Up to 230;Up to 4h 3 min;2 - Ivory, Ebony;5-way navi keyDownloadable logos;;Yes;No;;;;;;;;;
https://www.gsmarena.com/siemens_cfx65-822.php;https://fdn2.gsmarena.com/vv/bigpic/sicfx65.gif;Siemens CFX65;Released 2004, June;88g, 23mm thickness;Feature phone;4MB storage, no card slot;10;N/A;332,220 hits;;128x160 pixels; ;;600 mAh Li-Ion;GSM 900 / 1800;Class 10;No;2004, June;Discontinued;85 x 48 x 23 mm, 78 cc (3.35 x 1.89 x 0.91 in);88 g (3.10 oz);Mini-SIM;CSTN, 65K colors;;128 x 160 pixels;No;4MB;VGA;No;No;No;No;Proprietary;;Predictive text inputOrganizerStopwatchSupported formats: JPEG, GIF, PNG, BMP, WBMPVoice memo;Removable Li-Ion 600 mAh battery (EBA-670);Up to 200 h;Up to 3 h 20 min;2 - Chameleon, Blue Pearl;Second external display B/W (96 x 64 pixels)Downloadable logos;;No;No;;;;LED flash;;;;;
https://www.gsmarena.com/siemens_s65-700.php;https://fdn2.gsmarena.com/vv/bigpic/sis65.gif;Siemens S65;Released 2004, March;98g, 18mm thickness;Feature phone;11MB storage, RS-MMC slot;29;N/A;991,926 hits;"2.1""";132x176 pixels, 9 lines; ;;750 mAh Li-Ion;GSM 900 / 1800 / 1900;Class 10;No;2004, March;Discontinued;109 x 48 x 18 mm, 85 cc (4.29 x 1.89 x 0.71 in);98 g (3.46 oz);Mini-SIM;TFT, 65K colors;2.1 inches, 32 x 42 mm, 13.7 cm(~26.1% screen-to-body ratio);132 x 176 pixels, 9 lines, 4:3 ratio (~105 ppi density);RS-MMC, 32 MB included;11MB;1.3 MP;No;1.2;No;No;Proprietary;;Predictive text inputOrganizerStopwatchVoice memoSyncML;Removable Li-Ion 750 mAh battery (EBA-660);Up to 250 h;Up to 5 h;Steel Black;Download assistant for logos;;Yes;No;;;;;;;;;
https://www.gsmarena.com/siemens_m65-701.php;https://fdn2.gsmarena.com/vv/bigpic/sim65.gif;Siemens M65;Released 2004, March;104g, 19mm thickness;Feature phone;11MB storage, no card slot;37;0.1%;697,781 hits;;132x176 pixels, 9 lines; ;;750 mAh Li-Ion;GSM 900 / 1800 / 1900;Class 10;No;2004, March;Discontinued;109 x 49 x 19 mm, 89 cc (4.29 x 1.93 x 0.75 in);104 g (3.67 oz);Mini-SIM;TFT, 65K colors;;132 x 176 pixels, 9 lines, 4:3 ratio;No;11MB;VGA;No;No;No;No;Proprietary;;OrganizerSyncMLPhoto editorVoice memoPredictive text input;Removable Li-Ion 750 mAh battery (EBA-660);Up to 300 h;Up to 5 h;Cool Gray;;Dust, shock and splash resistantMetal frame;Yes;No;;;;;;;;;
https://www.gsmarena.com/siemens_c65-702.php;https://fdn2.gsmarena.com/vv/bigpic/sic65.gif;Siemens C65;Released 2004, March;86g, 16mm thickness;Feature phone;10MB storage, no card slot;46;0.1%;696,177 hits;;130x130 pixels; ;;600 mAh Li-Ion;GSM 900 / 1800 / 1900;Class 10;No;2004, March;Discontinued;105 x 45 x 16 mm, 76 cc (4.13 x 1.77 x 0.63 in);86 g (3.03 oz);Mini-SIM;CSTN, 65K colors;;130 x 130 pixels, 1:1 ratio;No;10MB;CIF;No;No;No;No;Proprietary;;Predictive text inputStopwatchOrganizerSyncMLClip-it covers;Removable Li-Ion 600 mAh battery (EBA-670);Up to 250 h;Up to 6 h;Blue Shadow;Download assistant for logos;;No;No;;;;;;;;;
https://www.gsmarena.com/siemens_cxt65-867.php;https://fdn2.gsmarena.com/vv/bigpic/sicxt65.gif;Siemens CXT65;Released 2004;90g, 18mm thickness;Feature phone;11MB storage, no card slot;9;N/A;165,235 hits;;132x176 pixels, 9 lines; ;;750 mAh Li-Ion;GSM 900 / 1800 / 1900;Class 10;No;2004;Discontinued;108 x 46 x 18 mm (4.25 x 1.81 x 0.71 in);90 g (3.17 oz);Mini-SIM;TFT, 65K colors;;132 x 176 pixels, 9 lines, 4:3 ratio;No;11MB;VGA;No;No;No;No;Proprietary;;Predictive text inputStopwatchOrganizerVoice dialVoice commandClip-it coversUser profilesSyncML;Removable Li-Ion 750 mAh battery;Up to 250 h;Up to 5 h;Cool Silver;5-way joystickDownloadable logos;;Yes;No;;;;;;;;;
https://www.gsmarena.com/siemens_cx65-657.php;https://fdn2.gsmarena.com/vv/bigpic/sicx65.gif;Siemens CX65;Released 2004, February;90g, 18mm thickness;Feature phone;11MB storage, no card slot;38;0.1%;828,683 hits;"2.1""";132x176 pixels, 9 lines; ;;750 mAh Li-Ion;GSM 900 / 1800 / 1900;Class 10;No;2004, February;Discontinued;108 x 46 x 18 mm (4.25 x 1.81 x 0.71 in);90 g (3.17 oz);Mini-SIM;TFT, 65K colors;2.1 inches, 13.7 cm(~27.5% screen-to-body ratio);132 x 176 pixels, 9 lines, 4:3 ratio (~105 ppi density);No;11MB;VGA;No;No;No;No;Proprietary;;Predictive text inputOrganizerStopwatchVoice memoClip-it coversUser profilesSyncML;Removable Li-Ion 750 mAh battery (EBA-660);Up to 250 h;Up to 5 h;Cool Silver;5-way joystickDownload assistant for logos;;Yes;No;;;;;;;;;
https://www.gsmarena.com/siemens_cf62-656.php;https://fdn2.gsmarena.com/vv/bigpic/sicf62.gif;Siemens CF62;Released 2004, February;85g, 22mm thickness;Feature phone;No card slot;15;N/A;515,499 hits;;130x130 pixels; ;;600 mAh Li-Ion;GSM 900 / 1800 / 1900;Class 10;No;2004, February;Discontinued;82 x 45 x 22 mm, 78 cc (3.23 x 1.77 x 0.87 in);85 g (3.00 oz);Mini-SIM;CSTN, 65K colors;;130 x 130 pixels, 1:1 ratio;No;;No;No;No;No;No;;;Predictive text inputOrganizerOptional digital camera;Removable Li-Ion 600 mAh battery (EBA-670);Up to 220 h;Up to 5 h;2 - Cool Grey, Cool Cashmere;Second external monochrome display (blue illuminated)4-way navi keyScreensavers;;;;100 short messages;;;;;;;;
https://www.gsmarena.com/siemens_a57-829.php;https://fdn2.gsmarena.com/vv/bigpic/sia57.gif;Siemens A57;Released 2004, Q2;84g, 21.5mm thickness;Feature phone;No card slot;13;N/A;230,813 hits;;101x64 pixels, 5 lines; ;;700 mAh Li-Ion;GSM 900 / 1800;No;No;2004, Q2;Discontinued;103 x 46 x 21.5 mm, 75 cc (4.06 x 1.81 x 0.85 in);84 g (2.96 oz);Mini-SIM;Monochrome graphic;;101 x 64 pixels, 5 lines;No;;No;No;No;No;No;;;Predictive text inputOrganizerExchangeable Clip-it covers;Removable Li-Ion 700 mAh battery (EBA-510);Up to 250 h;Up to 2 h;Cassis, Pebble;SoftkeysDownloadable logos, animations;;;;25 short messages;;;;;;;;
https://www.gsmarena.com/siemens_penphone-649.php;https://fdn2.gsmarena.com/vv/bigpic/sipen.gif;Siemens PenPhone;Cancelled;19mm thickness;Feature phone;No card slot;12;N/A;579,873 hits;;; ;;;GSM 900 / 1800 / 1900;;No;2004, Q1;Cancelled;140 x 25 x 19 mm (5.51 x 0.98 x 0.75 in);-;Mini-SIM;LCD;;;No;;No;No;No;No;No;;;Handwriting recognitionAppointments and contacts;Removable battery;;;;5-way navi key;;;;;;;;;;;;
https://www.gsmarena.com/siemens_st60-619.php;https://fdn2.gsmarena.com/vv/bigpic/sist60.gif;Siemens ST60;Released 2004, Q1;87g, 22mm thickness;Feature phone;5MB storage, no card slot;11;N/A;246,791 hits;;120x160 pixels; ;;750 mAh Li-Ion;GSM 900 / 1800;Class 10;No;2004, Q1;Discontinued;99 x 49 x 22 mm, 76 cc (3.90 x 1.93 x 0.87 in);87 g (3.07 oz);Mini-SIM;TFT, 65K colors;;120 x 160 pixels, 4:3 ratio;No;5MB;VGA;No;No;No;No;;;Predictive text inputOrganizerVoice dialVoice command;Removable Li-Ion 750 mAh battery (EBA-595);Up to 140 h;Up to 4 h 30 min;;5-way navi key;;Yes;No;;;;;;;;;
https://www.gsmarena.com/siemens_cl55-574.php;https://fdn2.gsmarena.com/vv/bigpic/sicl55.gif;Siemens CL55;Released 2003, Q4;79g, 22mm thickness;Feature phone;No card slot;9;N/A;170,292 hits;;128x160 pixels; ;;700 mAh Li-Ion;GSM 900 / 1800;Class 8;No;2003, Q4;Discontinued;83 x 41 x 22 mm (3.27 x 1.61 x 0.87 in);79 g (2.79 oz);Mini-SIM;TFT, 65K colors;;128 x 160 pixels;No;;No;No;No;No;No;;;Predictive text inputExtra-long Chinese SMSOrganizerVoice memoOptional digital camera;Removable Li-Ion battery;;;3 - Silver, Red, Blue;Dual screen displayNavi keyDownloadable logos;;;;;;;;;;;;
https://www.gsmarena.com/siemens_xelibri_8-554.php;https://fdn2.gsmarena.com/vv/bigpic/sixel8.gif;Siemens Xelibri 8;Released 2003, Q4;67g, 23mm thickness;Feature phone;No card slot;14;N/A;325,498 hits;;101x80 pixels; ;;850 mAh Li-Ion;GSM 900 / 1800;No;No;2003, Q4;Discontinued;91 x 56 x 23 mm (3.58 x 2.20 x 0.91 in);67 g (2.36 oz);Mini-SIM;CSTN, 4096 colors;;101 x 80 pixels;No;;No;No;No;No;FM radio;;;Predictive text inputOrganizerVoice dial;Removable Li-Ion battery;Up to 290 h;Up to 4 h;Diamond pink and Silver glam;Screensaver;;;;;;;;;;;;
https://www.gsmarena.com/siemens_xelibri_7-553.php;https://fdn2.gsmarena.com/vv/bigpic/sixel7.gif;Siemens Xelibri 7;Released 2003, Q4;83g, 26mm thickness;Feature phone;No card slot;12;N/A;198,824 hits;;101x80 pixels; ;;850 mAh Li-Ion;GSM 900 / 1800;No;No;2003, Q4;Discontinued;105 x 46 x 26 mm (4.13 x 1.81 x 1.02 in);83 g (2.93 oz);Mini-SIM;CSTN, 4096 colors;;101 x 80 pixels;No;;No;No;No;No;No;;;Predictive text inputVoice dialOrganizer;Removable Li-Ion battery;Up to 290 h;Up to 4 h;Copper Polished and Midnight Blue;Screensaver;;;;;;;;;;;;
https://www.gsmarena.com/siemens_xelibri_6-552.php;https://fdn2.gsmarena.com/vv/bigpic/sixel6.gif;Siemens Xelibri 6;Released 2003, Q4;89g, 26mm thickness;Feature phone;No card slot;11;N/A;351,701 hits;;101x80 pixels; ;;850 mAh Li-Ion;GSM 900 / 1800;No;No;2003, Q4;Discontinued;84 x 75 x 26 mm, 101 cc (3.31 x 2.95 x 1.02 in);89 g (3.14 oz);Mini-SIM;FSTN, 4096 colors;;101 x 80 pixels;No;;No;No;No;No;No;;;Predictive text inputOrganizerVoice dial;Removable Li-Ion battery;Up to 290 h;Up to 4 h;Platinum Blush and Sheer Bronze;Round keypad designTwo integrated mirrors flat and magnifyingScreensaver;;;;;;;;;;;;
https://www.gsmarena.com/siemens_xelibri_5-551.php;https://fdn2.gsmarena.com/vv/bigpic/sixel5.gif;Siemens Xelibri 5;Released 2003, Q4;74g, 17mm thickness;Feature phone;No card slot;13;N/A;235,429 hits;;101x80 pixels, 5 lines; ;;850 mAh Li-Ion;GSM 900 / 1800;No;No;2003, Q4;Discontinued;87 x 52 x 17 mm, 58 cc (3.43 x 2.05 x 0.67 in);74 g (2.61 oz);Mini-SIM;FSTN, 4096 colors;;101 x 80 pixels, 5 lines;No;;No;No;No;No;No;;;Predictive text inputOrganizerVoice dial;Removable Li-Ion battery;Up to 390 h;Up to 5 h 40 min;Ultra Blue and Mercury;Screensaver;;;;;;;;;;;;
https://www.gsmarena.com/siemens_u15-549.php;https://fdn2.gsmarena.com/vv/bigpic/siu15.gif;Siemens U15;Released 2003, Q4;140g, 24mm thickness;Feature phone;No card slot;11;N/A;148,194 hits;;176x220 pixels; ;;800 mAh Li-Po;GSM 900 / 1800 / 1900;;;2003, Q4;Discontinued;136 x 53 x 24 mm, 140 cc (5.35 x 2.09 x 0.94 in);140 g (4.94 oz);Mini-SIM;TFT, 65K colors;;176 x 220 pixels;No;;2 cameras VGA;No;Yes;No;No;Proprietary;;MP3/MP4 playerOrganizerSync MLPredictive text inputVoice dial;Removable Li-Po 800 mAh battery (EBA-010);Up to 250 h;Up to 1h 50 min;;Screensavers;;Yes;Yes;64 MB flash memory included;UMTS 2100;Yes, 384 kbps;;;;;;
https://www.gsmarena.com/siemens_c62-540.php;https://fdn2.gsmarena.com/vv/bigpic/sic62.gif;Siemens C62;Released 2003, Q4;85g, 20mm thickness;Feature phone;1.6MB storage, no card slot;18;N/A;273,992 hits;;128x128 pixels, 7 lines; ;;630 mAh Li-Ion;GSM 900 / 1800 / 1900;Class 8;No;2003, Q4;Discontinued;101 x 44 x 20 mm, 82 cc (3.98 x 1.73 x 0.79 in);85 g (3.00 oz);Mini-SIM;CSTN, 4096 colors;;128 x 128 pixels, 7 lines, 1:1 ratio;No;1.6MB;No;No;No;No;No;;;Predictive text inputOrganizerVoice memoOptional digital camera (VGA 640 x 480);Removable Li-Ion 630 mAh battery (EBA-610);Up to 250 h;Up to 4 h 30 min;3 -  Eagle White, Pidgeon Blue and Cherry Red;Navi key;;;;600 KB memory free100 short messages100 calendar eventsMessage templates30 sec voice memo;;;;;;;;
https://www.gsmarena.com/siemens_a60-539.php;https://fdn2.gsmarena.com/vv/bigpic/sia60.gif;Siemens A60;Released 2003, Q4;85g, 23mm thickness;Feature phone;550 KB storage, no card slot;23;N/A;225,620 hits;;101x80 pixels, 7 lines; ;;700 mAh Li-Ion;GSM 900 / 1800 / 1900;Class 8;No;2003, Q4;Discontinued;110 x 47 x 23 mm, 91 cc (4.33 x 1.85 x 0.91 in);85 g (3.00 oz);Mini-SIM;CSTN, 4096 colors;;101 x 80 pixels, 7 lines;No;550 KB;No;No;No;No;No;;;Predictive text inputStopwatchCalculatorExchangeable Clip-it covers;Removable Li-Ion 700 mAh battery (EBA-510);Up to 260 h;Up to 2 h;Stone;Navi keyScreensaver;;;;;;;;;;;;
https://www.gsmarena.com/siemens_sx1-395.php;https://fdn2.gsmarena.com/vv/bigpic/sisx1.gif;Siemens SX1;Released 2003, Q3;116g, 19mm thickness;Symbian 6.1, Series 60 v1.0 UI;16MB storage, MMC slot;42;0.1%;829,477 hits;"2.2""";176x220 pixels; ;TI OMAP 310;1000 mAh Li-Ion;GSM 900 / 1800 / 1900;Class 10;No;2003, Q3;Discontinued;109 x 56 x 19 mm, 110 cc (4.29 x 2.20 x 0.75 in);116 g (4.09 oz);Mini-SIM;TFD, 65K colors;2.2 inches, 35 x 44 mm, 15.2 cm(~25.0% screen-to-body ratio);176 x 220 pixels (~128 ppi density);MMC;16MB;VGA;No;1.1;No;FM radio;Proprietary;;MP3 player/recorderPredictive text inputOrganizerUser profilesSyncML;Removable Li-Ion 1000 mAh battery (EBA-540);Up to 300 h;Up to 4 h;Ice blue;Unique keypad arrangement;;Yes;No;4 MB available;;;;Symbian 6.1, Series 60 v1.0 UI;120 MHz ARM9;Loud speaker;;TI OMAP 310
https://www.gsmarena.com/siemens_st55-480.php;https://fdn2.gsmarena.com/vv/bigpic/sist55.gif;Siemens ST55;Released 2003, Q3;87g, 22mm thickness;Feature phone;No card slot;12;N/A;264,156 hits;;120x160 pixels, 7 lines; ;;750 mAh Li-Ion;GSM 900 / 1800;Class 10;No;2003, Q3;Discontinued;99 x 47 x 22 mm (3.90 x 1.85 x 0.87 in);87 g (3.07 oz);Mini-SIM;TFT, 65K colors;;120 x 160 pixels, 7 lines, 4:3 ratio;No;;VGA;No;No;No;No;;;Predictive text inputOrganizerUser profilesSyncML;Removable Li-Ion 750 mAh battery (EBA-595);Up to 140 h;Up to 4 h 30 min;;5-way navi key;;No;No;1.2 MB for photos1.3 MB for MMS1.1 MB for email messages100 short messages;;;;;;;;
https://www.gsmarena.com/siemens_mc60-476.php;https://fdn2.gsmarena.com/vv/bigpic/simc60.gif;Siemens MC60;Released 2003, Q3;86g, 21mm thickness;Feature phone;1MB storage, no card slot;36;0.1%;503,243 hits;;101x80 pixels, 7 lines; ;;700 mAh Li-Ion;GSM 900 / 1800 / 1900;Class 8;No;2003, Q3;Discontinued;110 x 46 x 21 mm, 88 cc (4.33 x 1.81 x 0.83 in);86 g (3.03 oz);Mini-SIM;CSTN, 4096 colors;;101 x 80 pixels, 7 lines;No;1MB;CIF;No;No;No;No;;;Predictive text inputOrganizerStopwatchVoice command/dialUser profilesExchangeable covers;Removable Li-Ion 700 mAh battery (EBA-510);Up to 250 h;Up to 6 h;3 - Aquamarine, Titanium and Grenadine;Navi key;;No;No;10 voice dial commands20 voice dial numbers500 calendar items;;;;;;;;
https://www.gsmarena.com/siemens_c60-475.php;https://fdn2.gsmarena.com/vv/bigpic/sic60.gif;Siemens C60;Released 2003, Q3;85g, 23mm thickness;Feature phone;1.86MB storage, no card slot;27;N/A;283,932 hits;;101x80 pixels, 5 lines; ;;700 mAh Li-Ion;GSM 900 / 1800 / 1900;Class 8;No;2003, Q3;Discontinued;110 x 47 x 23 mm (4.33 x 1.85 x 0.91 in);85 g (3.00 oz);Mini-SIM;CSTN, 4096 colors;;101 x 80 pixels, 5 lines;No;1.86MB;No;No;No;No;No;;;Predictive text inputCurrency converterCalculatorStopwatchReminder listUser profilesExchangeable Clip-it coversOptional digital camera (VGA 640 x 480);Removable Li-Ion 700 mAh battery (EBA-510);Up to 250 h;Up to 6 h;3 - Sky, Petrol and Grey;Navi key;;;;;;;;;;;;
https://www.gsmarena.com/siemens_xelibri_1-506.php;https://fdn2.gsmarena.com/vv/bigpic/sixel1.gif;Siemens Xelibri 1;Released 2003, Q2;73g, 19mm thickness;Feature phone;No card slot;16;N/A;161,709 hits;;101x64 pixels; ;;610 mAh Li-Ion;GSM 900 / 1800;No;No;2003, Q2;Discontinued;101 x 46 x 19 mm, 72 cc (3.98 x 1.81 x 0.75 in);73 g (2.57 oz);Mini-SIM;Monochrome graphic;;101 x 64 pixels;No;;No;No;No;No;No;;;Predictive text inputOrganizerVoice dial;Removable Li-Ion 610 mAh battery;Up to 200 h;Up to 4 h;;ScreensaverDownloadable pictures;;;;Predefined short messages;;;;;;Ringtones can be assigned to contacts;;
https://www.gsmarena.com/siemens_xelibri_2-507.php;https://fdn2.gsmarena.com/vv/bigpic/sixel2.gif;Siemens Xelibri 2;Released 2003, Q2;73g, 20mm thickness;Feature phone;No card slot;12;N/A;150,066 hits;;101x65 pixels, 5 lines; ;;650 mAh Li-Ion;GSM 900 / 1800;No;No;2003, Q2;Discontinued;99 x 56 x 20 mm, 78 cc (3.90 x 2.20 x 0.79 in);73 g (2.57 oz);Mini-SIM;Monochrome graphic;;101 x 65 pixels, 5 lines;No;;No;No;No;No;No;;;Predictive text inputOrganizerVoice dial;Removable Li-Ion 650 mAh battery;Up to 200 h;Up to 4 h;;ScreensaverDownloadable pictures;;;;Predefined short messages;;;;;;Ringtones can be assigned to contacts;;
https://www.gsmarena.com/siemens_xelibri_3-509.php;https://fdn2.gsmarena.com/vv/bigpic/sixel3.gif;Siemens Xelibri 3;Released 2003, Q2;55g, 20mm thickness;Feature phone;No card slot;12;N/A;186,577 hits;;101x56 pixels, 5 lines; ;;620 mAh Li-Ion;GSM 900 / 1800;No;No;2003, Q2;Discontinued;74 x 43 x 20 mm, 48 cc (2.91 x 1.69 x 0.79 in);55 g (1.94 oz);Mini-SIM;Monochrome graphic;;101 x 56 pixels, 5 lines, 17:9 ratio;No;;No;No;No;No;No;;;Predictive text inputOrganizerVoice dialAntenna in the necklace;Removable Li-Ion 620 mAh battery;Up to 300 h;Up to 4 h;;ScreensaverDownloadable picturesDigit dial with Navi key;;;;Predefined short messages;;;;;;Ringtones can be assigned to contacts;;
https://www.gsmarena.com/siemens_xelibri_4-508.php;https://fdn2.gsmarena.com/vv/bigpic/sixel4.gif;Siemens Xelibri 4;Released 2003, Q2;71g, 19mm thickness;Feature phone;No card slot;12;N/A;163,571 hits;;101x65 pixels, 5 lines; ;;650 mAh Li-Ion;GSM 900 / 1800;No;No;2003, Q2;Discontinued;99 x 53 x 19 mm, 70 cc (3.90 x 2.09 x 0.75 in);71 g (2.50 oz);Mini-SIM;Monochrome graphic;;101 x 65 pixels, 5 lines;No;;No;No;No;No;No;;;Predictive text inputOrganizerVoice dial;Removable Li-Ion 650 mAh battery;Up to 200 h;Up to 4 h;;ScreensaverDownloadable pictures;;;;Predefined short messages;;;;;;Ringtones can be assigned to contacts;;
https://www.gsmarena.com/siemens_u10-535.php;https://fdn2.gsmarena.com/vv/bigpic/siu10.gif;Siemens U10;Released 2003;184g, 29mm thickness;Feature phone;2MB storage, MMC/SD slot;9;N/A;122,253 hits;;176x220 pixels; ;;800 mAh Li-Po;GSM 900 / 1800 / 1900;;;2003;Discontinued;154 x 55 x 29 mm, 173 cc (6.06 x 2.17 x 1.14 in);184 g (6.49 oz);Mini-SIM;TFT, 4096 colors;;176 x 220 pixels;MMC/SD, 32 MB SD included;2MB;VGA;No;Yes;No;No;Proprietary;;MP3/MP4 playerPredictive text inputOrganizerVoice memoVoice dial;Removable Li-Po 800 mAh battery (EBA-010);Up to 120 h;Up to 1 h 20 min;Titanium;;;No;No;;UMTS 2100;Yes, 384 kbps;;;;;;
https://www.gsmarena.com/siemens_a52-474.php;https://fdn2.gsmarena.com/vv/bigpic/sia52.gif;Siemens A52;Released 2003, Q3;84g, 21mm thickness;Feature phone;No card slot;26;N/A;223,987 hits;;101x64 pixels, 5 lines; ;;700 mAh Li-Ion;GSM 900 / 1800;No;No;2003, Q3;Discontinued;104 x 46 x 21 mm, 75 cc (4.09 x 1.81 x 0.83 in);84 g (2.96 oz);Mini-SIM;Monochrome graphic;;101 x 64 pixels, 5 lines;No;;No;No;No;No;No;;;Predictive text inputCalculatorExchangeable Clip-it covers;Removable Li-Ion 700 mAh battery (EBA-510);Up to 250 h;Up to 6 h;Beige, Black;SoftkeysDownloadable logos, screensavers;;;;;;;;;;;;
https://www.gsmarena.com/siemens_m55-407.php;https://fdn2.gsmarena.com/vv/bigpic/sim55.gif;Siemens M55;Released 2003, Q2;83g, 21mm thickness;Feature phone;1.8MB storage, no card slot;50;0.1%;545,493 hits;;101x80 pixels, 7 lines; ;;700 mAh Li-Ion;GSM 900 / 1800 / 1900;Class 8;No;2003, Q2;Discontinued;101 x 46 x 21 mm (3.98 x 1.81 x 0.83 in);83 g (2.93 oz);Mini-SIM;CSTN, 4096 colors;;101 x 80 pixels, 7 lines;No;1.8MB;No;No;No;No;No;;;Predictive text inputOrganizerStopwatchReminder listVoice dialVoice commandUser profilesSyncMLOptional digital camera;Removable Li-Ion 700 mAh battery (EBA-510);Up to 250 h;Up to 6 h;;Navi key;;;;20 voice dial numbers10 voice dial commands500 calendar items;;;;;;;;
https://www.gsmarena.com/siemens_a55-394.php;https://fdn2.gsmarena.com/vv/bigpic/sia55.gif;Siemens A55;Released 2003, Q1;84g, 21mm thickness;Feature phone;120 KB storage, no card slot;31;0.2%;312,278 hits;;101x64 pixels, 5 lines; ;;700 mAh Li-Ion;GSM 900 / 1800;No;No;2003, Q1;Discontinued;101 x 44 x 21 mm, 84 cc (3.98 x 1.73 x 0.83 in);84 g (2.96 oz);Mini-SIM;Monochrome graphic;;101 x 64 pixels, 5 lines;No;120 KB;No;No;No;No;No;;;Predictive text inputCalculatorCurrency converterExchangeable Clip-it covers;Removable Li-Ion 700 mAh battery (EBA-510);Up to 250 h;Up to 2 h;4;SoftkeysDownloadable logos and screensaver;;;;25 short messages9 SMS templates;;;;;;;;
https://www.gsmarena.com/siemens_sl55-380.php;https://fdn2.gsmarena.com/vv/bigpic/sisl55.gif;Siemens SL55;Released 2003, Q2;79g, 22mm thickness;Feature phone;1.6MB storage, no card slot;27;N/A;539,789 hits;;101x80 pixels; ;;500 mAh Li-Po;GSM 900 / 1800 / 1900;Class 8;No;2003, Q2;Discontinued;82 x 45 x 22 mm, 63 cc (3.23 x 1.77 x 0.87 in);79 g (2.79 oz);Mini-SIM;CSTN, 4096 colors;;101 x 80 pixels;No;1.6MB;No;No;No;No;No;;;Predictive text inputStopwatchOrganizerVoice dialVoice commandVoice memoUser profilesSyncMLOptional digital camera;Removable Li-Po 500 mAh battery (EBA-520);Up to 210 h;Up to 5 h;;Navi keyRetractable keyboard, like in Siemens SL10;;;;20 voice dial numbers20 voice commands100 short messagesSMS templates;;;;;;;;
https://www.gsmarena.com/siemens_s55-343.php;https://fdn2.gsmarena.com/vv/bigpic/sis55.gif;Siemens S55;Released 2002;85g, 18mm thickness;Feature phone;400 KB storage, no card slot;39;N/A;446,332 hits;;101x80 pixels, 7 lines; ;;700 mAh Li-Ion;GSM 900 / 1800 / 1900;Class 10;No;2002;Discontinued;101 x 42 x 18 mm, 69 cc (3.98 x 1.65 x 0.71 in);85 g (3.00 oz);Mini-SIM;CSTN, 256 colors;;101 x 80 pixels, 7 lines;No;400 KB;No;No;1.1;No;No;;;Predictive text inputOrganizerStopwatchVoice dialVoice commandUser profilesSyncMLExternal digital camera (included);Removable Li-Ion 700 mAh battery (EBA-510);Up to 12 days;Up to 6 h;;Navi key;;;;;;;;;;;;
https://www.gsmarena.com/siemens_cl50-337.php;https://fdn2.gsmarena.com/vv/bigpic/sicl50.gif;Siemens CL50;Released 2002, Aug;73g, 22mm thickness;Feature phone;No card slot;10;N/A;188,769 hits;;112x64 pixels; ;;600 mAh Li-Ion;GSM 900 / 1800;No;No;2002, Aug;Discontinued;73 x 39 x 22 mm, 59 cc (2.87 x 1.54 x 0.87 in);73 g (2.57 oz);Mini-SIM;Monochrome graphic;;112 x 64 pixels, 16:9 ratio;No;;No;No;No;No;No;;;Predictive text inputOrganizer;Removable Li-Ion 600 mAh battery;220 h;5 h;2 - Champagne, Pearl white;Dual screen displayNavi key;;;;;;;;;;Personalized sounds and pictures;;
https://www.gsmarena.com/siemens_c55-336.php;https://fdn2.gsmarena.com/vv/bigpic/sic55.gif;Siemens C55;Released 2002, Sep;80g, 21mm thickness;Feature phone;No card slot;45;0.2%;362,016 hits;;101x64 pixels, 5 lines; ;;700 mAh Li-Ion;GSM 900 / 1800;Class 8;No;2002, Sep;Discontinued;101 x 44 x 21 mm, 69 cc (3.98 x 1.73 x 0.83 in);80 g (2.82 oz);Mini-SIM;Monochrome graphic;;101 x 64 pixels, 5 lines;No;;No;No;No;No;No;;;Predictive text inputOrganizerChangeable coverUser profilesBuilt-in hadsfree;Removable Li-Ion 700 mAh battery (EBA-510);250 h;6 h;3 - aqua, champagne, bordeaux;Navi key;;;;;;;;;;;;
https://www.gsmarena.com/siemens_a50-335.php;https://fdn2.gsmarena.com/vv/bigpic/sia50.gif;Siemens A50;Released 2002, Oct;95g, 23mm thickness;Feature phone;No card slot;49;0.1%;330,880 hits;;101x64 pixels, 5 lines; ;;780 mAh NiMH;GSM 900 / 1800;No;No;2002, Oct;Discontinued;109 x 46 x 23 mm, 84 cc (4.29 x 1.81 x 0.91 in);95 g (3.35 oz);Mini-SIM;Monochrome graphic;;101 x 64 pixels, 5 lines;No;;No;No;No;No;No;;;Predictive text inputExchangeable Clip-it covers;Removable NiMH battery;250 h;5 h;2 blueberry, vanilla;SoftkeysDownloadable logos, screensavers;;;;;;;;;;;;
https://www.gsmarena.com/siemens_m50-324.php;https://fdn2.gsmarena.com/vv/bigpic/sim50.gif;Siemens M50;Released 2002, June;97g, 23mm thickness;Feature phone;No card slot;19;N/A;250,669 hits;;101x64 pixels, 5 lines; ;;720 mAh Li-Ion;GSM 900 / 1800;Class 8;No;2002, June;Discontinued;109 x 46 x 23 mm, 82 cc (4.29 x 1.81 x 0.91 in);97 g (3.42 oz);Mini-SIM;Monochrome graphic;;101 x 64 pixels, 5 lines;No;;No;No;No;No;No;;;Predictive text inputReminder listOrganizerChangeable coverUser profiles;Removable Li-Ion battery;260 h;6 h;2 - chromium blue, chromium orange;Orange or blue backlightNavi key;;;;;;;;;;;;
https://www.gsmarena.com/siemens_s45i-323.php;https://fdn2.gsmarena.com/vv/bigpic/sis45i.gif;Siemens S45i;Released May 2002;93g, 20mm thickness;Feature phone;No card slot;17;N/A;157,527 hits;;101x80 pixels, 7 lines; ;;720 mAh Li-Ion;GSM 900 / 1800;Class 8;No;May 2002;Discontinued;109 x 46 x 20 mm, 69 cc (4.29 x 1.81 x 0.79 in);93 g (3.28 oz);Mini-SIM;Monochrome graphic;;101 x 80 pixels, 7 lines;No;;No;No;No;No;No;;;Predictive text inputStopwatchOrganizerVoice dialVoice memoUser profiles;Removable Li-Ion battery;;;2 - Titan Silver and Royal Champagne;Navi key;;;;;;;;;;;;
https://www.gsmarena.com/siemens_sx45-300.php;https://fdn2.gsmarena.com/vv/bigpic/six45.gif;Siemens SX45;Released 2001;330g, 26mm thickness;Microsoft Windows CE 3.0 for PocketPC;32MB storage, no card slot;11;N/A;231,814 hits;;240x320 pixels; ;;1550 mAh Li-Ion;GSM 900 / 1800;No;No;2001;Discontinued;134 x 87 x 26 mm, 309 cc (5.28 x 3.43 x 1.02 in);330 g (11.64 oz);Mini-SIM;TFT resistive touchscreen, 65K colors;;240 x 320 pixels, 4:3 ratio;No;32MB;No;No;No;No;No;;;Full PocketPC functionalityMedia player (MP3);Removable Li-Ion 1550 mAh battery;Up to 150 h;Up to 2 h;;57.6 mm x 76.8 mm0.24 mm pixel pitch;;;;Expandable through MMC or CF;;;;Microsoft Windows CE 3.0 for PocketPC;64-bit NEC VR4122 150 MHz;;;
https://www.gsmarena.com/siemens_sl45i-265.php;https://fdn2.gsmarena.com/vv/bigpic/sisl45i.gif;Siemens SL45i;Released 2001;88g, 17mm thickness;Feature phone;MMC slot;27;N/A;296,830 hits;"1.5""";101x80 pixels, 7 lines; ;;540 mAh Li-Ion;GSM 900 / 1800;No;No;2001;Discontinued;105 x 46 x 17 mm, 69 cc (4.13 x 1.81 x 0.67 in);88 g (3.10 oz);Mini-SIM;Monochrome graphic;1.5 inches, 24 x 29 mm, 7.1 cm(~14.6% screen-to-body ratio);101 x 80 pixels, 7 lines (~86 ppi density);MMC, 32 MB included;;No;No;No;No;No;;;MP3 playerPredictive text inputOrganizerStopwatchReminder listVoice dialVoice memo (300 min)User profiles;Removable Li-Ion 540 mAh battery;up to 200 h;up to 4 h;;Navi keyDownloadable screensavers bitmaps;;;;100 SMS messages;;;;;;;;
https://www.gsmarena.com/siemens_sl42-264.php;https://fdn2.gsmarena.com/vv/bigpic/sisl42.gif;Siemens SL42;Released 2001;88g, 17mm thickness;Feature phone;MMC slot;17;N/A;136,229 hits;"1.5""";101x80 pixels, 7 lines; ;;540 mAh Li-Ion;GSM 900 / 1800;No;No;2001;Discontinued;105 x 46 x 17 mm, 69 cc (4.13 x 1.81 x 0.67 in);88 g (3.10 oz);Mini-SIM;Monochrome graphic;1.5 inches, 24 x 29 mm, 7.1 cm(~14.6% screen-to-body ratio);101 x 80 pixels, 7 lines (~86 ppi density);MMC, 16 MB included;;No;No;No;No;No;;;MP3 playerPredictive text inputOrganizerStopwatchReminder listVoice dialVoice memo (150 min)User profiles;Removable Li-Ion 540 mAh battery;up to 200 h;up to 4 h;;Navi key;;;;100 SMS messages;;;;;;;;
https://www.gsmarena.com/siemens_me45-263.php;https://fdn2.gsmarena.com/vv/bigpic/sime45.gif;Siemens ME45;Released 2001;99g, 21mm thickness;Feature phone;No card slot;28;N/A;332,205 hits;;101x80 pixels, 7 lines; ;;840 mAh Li-Ion;GSM 900 / 1800;Class 8;No;2001;Discontinued;109 x 46 x 21 mm, 76 cc (4.29 x 1.81 x 0.83 in);99 g (3.49 oz);Mini-SIM;Monochrome graphic;;101 x 80 pixels, 7 lines;No;;No;No;No;No;No;;;OrganizerStopwatchVoice memo/dialPredictive text input;Removable Li-Ion 840 mAh battery;60 - 300 h;100 - 300 min;2 - Pebble Grey and Safari Grey;Navi keyDownloadable screensavers and bitmaps;Dust, shock and splash resistant;;;Flexible memory20 voice dial numbers10 voice commands;;;;;;;;
https://www.gsmarena.com/siemens_s45-243.php;https://fdn2.gsmarena.com/vv/bigpic/sis45.gif;Siemens S45;Released 2001;93g, 20mm thickness;Feature phone;No card slot;22;N/A;251,542 hits;;101x80 pixels, 7 lines; ;;850 mAh Li-Ion;GSM 900 / 1800;Class 8;No;2001;Discontinued;109 x 46 x 20 mm, 69 cc (4.29 x 1.81 x 0.79 in);93 g (3.28 oz);Mini-SIM;Monochrome graphic;;101 x 80 pixels, 7 lines;No;;No;No;No;No;No;;;Predictive text inputStopwatchOrganizerVoice dialVoice memoUser profiles;Removable Li-Ion 850 mAh battery;up to 300 h;up to 6 h;2 - diamond silver, sapphire blue;Navi key;;;;;;;;;;;;
https://www.gsmarena.com/siemens_c45-278.php;https://fdn2.gsmarena.com/vv/bigpic/sic45.gif;Siemens C45;Released 2001, Q4;107g, 23mm thickness;Feature phone;No card slot;55;0.1%;309,053 hits;;101x64 pixels, 5 lines; ;;650 mAh NiMH;GSM 900 / 1800;No;No;2001, Q4;Discontinued;109 x 46 x 23 mm, 82 cc (4.29 x 1.81 x 0.91 in);107 g (3.77 oz);Mini-SIM;Monochrome graphic;;101 x 64 pixels, 5 lines;No;;No;No;No;No;No;;;Predictive text inputOrganizerExchangeable Clip-it covers;Removable NiMH battery;up to 200 h;up to 5 h;2 - Oriental Blue and African Grey;SoftkeysDownloadable logos and screensaver;;;;;;;;;;;;
https://www.gsmarena.com/siemens_sl45-198.php;https://fdn2.gsmarena.com/vv/bigpic/sisl45b.gif;Siemens SL45;Released 2000;88g, 17mm thickness;Feature phone;MMC slot;27;N/A;250,866 hits;"1.5""";101x80 pixels, 7 lines; ;;540 mAh Li-Ion;GSM 900 / 1800;No;No;2000;Discontinued;105 x 46 x 17 mm, 69 cc (4.13 x 1.81 x 0.67 in);88 g (3.10 oz);Mini-SIM;Monochrome graphic;1.5 inches, 24 x 29 mm, 7.1 cm(~14.6% screen-to-body ratio);101 x 80 pixels, 7 lines (~86 ppi density);MMC, 32 MB included;;No;No;No;No;No;;;MP3 playerPredictive text inputVoice memo (300 min)OrganizerStopwatchVoice dialComes with headset and datacableUser profiles;Removable Li-Ion 540 mAh battery;60 - 170 h;1 - 4 h;;Navi key;;;;100 SMS messages;;;;;;;;
https://www.gsmarena.com/siemens_s40-220.php;https://fdn2.gsmarena.com/vv/bigpic/sis40.gif;Siemens S40;Released 2001;97g, 22mm thickness;Feature phone;No card slot;9;N/A;159,332 hits;;6 lines; ;;830 mAh Li-Ion;GSM 900 / 1800 / 1900;No;No;2001;Discontinued;112 x 44 x 22 mm, 85 cc (4.41 x 1.73 x 0.87 in);97 g (3.42 oz);Mini-SIM;Monochrome graphic;;6 lines;No;;No;No;No;No;No;;;Predictive text inputOrganizerVoice memo (5 min)Data cable included;Removable Li-Ion battery;260 h;380 min;Silver only;SoftkeysBlue backlight;;;;Advanced fully featured address book;;;;;;;;
https://www.gsmarena.com/siemens_s35i-95.php;https://fdn2.gsmarena.com/vv/bigpic/sis35ib.gif;Siemens S35i;Released 2000;99g, 21mm thickness;Feature phone;No card slot;29;N/A;205,073 hits;;101x80 pixels, 7 lines; ;;650 mAh Li-Ion;GSM 900 / 1800;No;No;2000;Discontinued;118 x 46 x 21 mm, 89 cc (4.65 x 1.81 x 0.83 in);99 g (3.49 oz);Mini-SIM;Monochrome graphic;;101 x 80 pixels, 7 lines;No;;No;No;No;No;No;;;Predictive text inputOrganizerStopwatchVoice dialVoice memo (20 sec)User profiles;Removable Li-Ion 650 mAh battery;60 h - 220 h;100 min - 360 min;3 - Emerald/Black, Titanium/Black, Titanium/Silver;Fixed iconsSoftkey;;;;;;;;;;;;
https://www.gsmarena.com/siemens_m35i-94.php;https://fdn2.gsmarena.com/vv/bigpic/sim35ib.gif;Siemens M35i;Released 2000;125g, 22mm thickness;Feature phone;No card slot;36;0.1%;256,432 hits;;101x54 pixels, 5 lines; ;;500 mAh NiMH;GSM 900 / 1800;No;No;2000;Discontinued;118 x 47 x 22 mm, 99 cc (4.65 x 1.85 x 0.87 in);125 g (4.41 oz);Mini-SIM;Monochrome graphic;;101 x 54 pixels, 5 lines, 17:9 ratio;No;;No;No;No;No;No;;;Predictive text inputOrganizerStopwatch;Removable NiMH 500 mAh battery;50 h - 180 h;90 min - 300 min;3 - Hurricane Yellow, Half Pipe Blue, Summit Grey;Fixed iconsSoftkey;;;;;;;;;;DJ sounds;;
https://www.gsmarena.com/siemens_c35i-93.php;https://fdn2.gsmarena.com/vv/bigpic/sic35ib.gif;Siemens C35i;Released 2000;110g, 21mm thickness;Feature phone;No card slot;32;N/A;193,875 hits;;101x54 pixels, 5 lines; ;;500 mAh NiMH;GSM 900 / 1800;No;No;2000;Discontinued;118 x 46 x 21 mm, 88 cc (4.65 x 1.81 x 0.83 in);110 g (3.88 oz);Mini-SIM;Monochrome graphic;;101 x 54 pixels, 5 lines, 17:9 ratio;No;;No;No;No;No;No;;;Predictive text inputCurrency converterCalculatorStopwatch;Removable NiMH 500 mAh battery;50 h - 180 h;90 min - 300 min;7 -  Anthracite, Steel Grey, Classic blue ...;Fixed iconsSoftkey;;;;;;;;;;DJ sounds;;
https://www.gsmarena.com/siemens_c35-92.php;https://fdn2.gsmarena.com/vv/bigpic/sic35b.gif;Siemens C35;Released 2000;110g, 21mm thickness;Feature phone;No card slot;39;0.2%;388,029 hits;;101x54 pixels, 5 lines; ;;500 mAh NiMH;GSM 900 / 1800;No;No;2000;Discontinued;118 x 46 x 21 mm, 88 cc (4.65 x 1.81 x 0.83 in);110 g (3.88 oz);Mini-SIM;Monochrome graphic;;101 x 54 pixels, 5 lines, 17:9 ratio;No;;No;No;No;No;No;;;Predictive text inputCurrency converterCalculatorStopwatch;Removable NiMH 500 mAh battery;50 h - 180 h;90 min - 300 min;7 -  Anthracite, Steel Grey, Classic blue ...;Fixed iconsSoftkey;;;;;;;;;;DJ sounds;;
https://www.gsmarena.com/siemens_a40-299.php;https://fdn2.gsmarena.com/vv/bigpic/sia40.gif;Siemens A40;Released 2001;122g, 27mm thickness;Feature phone;No card slot;10;N/A;103,360 hits;;2x16 chars; ;;600 mAh NiMH;GSM 900 / 1800;No;No;2001;Discontinued;118 x 46 x 27 mm, 106 cc (4.65 x 1.81 x 1.06 in);122 g (4.30 oz);Mini-SIM;Alphanumeric;;2 x 16 chars;No;;No;No;No;No;No;;;Exchangeable covers;Removable NiMH 600 mAh battery;60 h - 150 h;90 min - 240 min;7 - Royal Blue, Anthracite, Raspberry Red...;Dedicated icon-line;;;;;;;;;;;;
https://www.gsmarena.com/siemens_a36-214.php;https://fdn2.gsmarena.com/vv/bigpic/sia36.gif;Siemens A36;Released 2000;120g, 21mm thickness;Feature phone;No card slot;15;N/A;123,167 hits;;3x12 chars; ;;600 mAh NiMH;GSM 900 / 1800;No;No;2000;Discontinued;118 x 46 x 21 mm (4.65 x 1.81 x 0.83 in);120 g (4.23 oz);Mini-SIM;Alphanumeric;;3 x 12 chars;No;;No;No;No;No;No;;;;Removable NiMH 600 mAh battery;60 h - 150 h;90 min - 240 min;;;;;;;;;;;;;;
https://www.gsmarena.com/siemens_a35-470.php;https://fdn2.gsmarena.com/vv/bigpic/sia35.gif;Siemens A35;Released 2000;122g, 28mm thickness;Feature phone;No card slot;18;0.1%;167,086 hits;;2 linesx16 chars; ;;600 mAh NiMH;GSM 900 / 1800;No;No;2000;Discontinued;118 x 46 x 28 mm (4.65 x 1.81 x 1.10 in);122 g (4.30 oz);Mini-SIM;Alphanumeric;;2 lines x 16 chars;No;;No;No;No;No;No;;;;Removable NiMH 600 mAh battery;up to 150 h;up to 4 h;7 - caribic blue, pineapple, magma red, moon white, anthracite, oriental blue, aubergine;;;;;;;;;;;;;
https://www.gsmarena.com/siemens_s25-90.php;https://fdn2.gsmarena.com/vv/bigpic/sis25b.gif;Siemens S25;Released 1999;125g, 23mm thickness;Feature phone;No card slot;24;N/A;172,578 hits;;97x54 pixels, 6 lines; ;;650 mAh Li-Ion;GSM 900 / 1800;No;No;1999;Discontinued;117 x 47 x 23 mm, 108 cc (4.61 x 1.85 x 0.91 in);125 g (4.41 oz);Mini-SIM;Color graphic;;97 x 54 pixels, 6 lines, 16:9 ratio;No;;No;No;No;No;No;;;Voice memo (20 sec)Organizere-business cardHelp function;Removable Li-Ion 650 mAh battery;60 h - 200 h;300 min;Mid-Silver Grey (Titanium) / Blue Metallic / Dark Grey / Green Metallic;Dynamic font sizeSoftkey;;;;;;;;;;;;
https://www.gsmarena.com/siemens_m30-219.php;https://fdn2.gsmarena.com/vv/bigpic/sim30.gif;Siemens M30;Released 2000;110g, 24mm thickness;Feature phone;No card slot;14;N/A;104,840 hits;;2x12 chars; ;;830 mAh NiMH;GSM 900 / 1800;No;No;2000;Discontinued;124 x 44 x 24 mm, 99 cc (4.88 x 1.73 x 0.94 in);110 g (3.88 oz);Mini-SIM;Alphanumeric;;2 x 12 chars;No;;No;No;No;No;No;;;;Removable NiMH battery;Up to 180 hours;Up to 6 hours;;Red backlightFixed iconsSoftkey;;;;;;;;;;;;
https://www.gsmarena.com/siemens_c28-216.php;https://fdn2.gsmarena.com/vv/bigpic/sic28.gif;Siemens C28;Released 2000;135g, 27mm thickness;Feature phone;No card slot;10;N/A;94,193 hits;;3x12 chars; ;;650 mAh NiMH;GSM 900 / 1800;No;No;2000;Discontinued;117 x 47 x 27 mm, 120 cc (4.61 x 1.85 x 1.06 in);135 g (4.76 oz);Mini-SIM;Alphanumeric;;3 x 12 chars;No;;No;No;No;No;No;;;;Removable NiMH 650 mAh battery;160 h;300 min;;Fixed iconsSoftkey;;;;;;;;;;DJ sounds1 self-composable ringer tone;;
https://www.gsmarena.com/siemens_c25-91.php;https://fdn2.gsmarena.com/vv/bigpic/sic25b.gif;Siemens C25;Released 1999;135g, 27mm thickness;Feature phone;No card slot;38;0.1%;244,204 hits;;3x12 chars; ;;650 mAh NiMH;GSM 900 / 1800;No;No;1999;Discontinued;117 x 47 x 27 mm, 120 cc (4.61 x 1.85 x 1.06 in);135 g (4.76 oz);Mini-SIM;Alphanumeric;;3 x 12 chars;No;;No;No;No;No;No;;;;Removable NiMH 650 mAh battery;160 h;300 min;5 - Classic Green, Blue, Anthracite, Bright Blue, Yellow;Fixed iconsSoftkey;;;;;;;;;;DJ sounds1 self-composable ringer tone;;
https://www.gsmarena.com/siemens_sl10-89.php;https://fdn2.gsmarena.com/vv/bigpic/sisl10b.gif;Siemens SL10;Released 1999;138g, 26mm thickness;Feature phone;No card slot;14;N/A;126,514 hits;;97x54 pixels, 6 lines; ;;1800 mAh Li-Ion;GSM 900;No;No;1999;Discontinued;129 x 50 x 26 mm, 121 cc (5.08 x 1.97 x 1.02 in);138 g (4.87 oz);Mini-SIM;Color graphic;;97 x 54 pixels, 6 lines, 16:9 ratio;No;;No;No;No;No;No;;;ProSLIDE systemHelp function;Removable Li-Ion battery;46 h;3 h;Anthracite;Dynamic font sizeSoftkey;;;;;;;;;;;;
https://www.gsmarena.com/siemens_s10_active-88.php;https://fdn2.gsmarena.com/vv/bigpic/sis10ab.gif;Siemens S10 active;Released 1998;185g, 25mm thickness;Feature phone;No card slot;9;N/A;110,005 hits;;97x54 pixels, 6 lines; ;;1800 mAh Li-Ion;GSM 900;No;No;1998;Discontinued;150 x 49 x 25 mm, 170 cc (5.91 x 1.93 x 0.98 in);185 g (6.53 oz);Mini-SIM;Color graphic;;97 x 54 pixels, 6 lines, 16:9 ratio;No;;No;No;No;No;No;;;Voice memo (20 sec)Help function;Removable Li-Ion 1800 mAh battery;120 h;10 h;3 - Green, Grey, Red;Dynamic font sizeSoftkey;;;;;;;;;;;;
https://www.gsmarena.com/siemens_s10-86.php;https://fdn2.gsmarena.com/vv/bigpic/sis10b.gif;Siemens S10;Released 1998;185g, 25mm thickness;Feature phone;No card slot;19;0.1%;184,538 hits;;97x54 pixels, 6 lines; ;;1800 mAh Li-Ion;GSM 900;No;No;1998;Discontinued;147 x 46 x 25 mm, 160 cc (5.79 x 1.81 x 0.98 in);185 g (6.53 oz);Mini-SIM;Color graphic;;97 x 54 pixels, 6 lines, 16:9 ratio;No;;No;No;No;No;No;;;Voice memo (20 sec)Help function;Removable Li-Ion 1800 mAh battery;120 h;10 h;Anthracite;Dynamic font sizeSoftkey;;;;;;;;;;;;
https://www.gsmarena.com/siemens_s11-87.php;https://fdn2.gsmarena.com/vv/bigpic/sis11b.gif;Siemens S11;Released 1998;185g, 25mm thickness;Feature phone;No card slot;8;N/A;84,445 hits;;97x54 pixels, 6 lines; ;;1800 mAh Li-Ion;GSM 1800;No;No;1998;Discontinued;147 x 46 x 25 mm, 160 cc (5.79 x 1.81 x 0.98 in);185 g (6.53 oz);Mini-SIM;Color graphic;;97 x 54 pixels, 6 lines, 16:9 ratio;No;;No;No;No;No;No;;;Voice memo (20 sec)Help function;Removable Li-Ion 1800 mAh battery;120 h;10 h;Anthracite;Dynamic font sizeSoftkey;;;;;;;;;;;;
https://www.gsmarena.com/siemens_c10-84.php;https://fdn2.gsmarena.com/vv/bigpic/sic10b.gif;Siemens C10;Released 1998;165g, 22mm thickness;Feature phone;No card slot;10;N/A;105,373 hits;;3x12 chars; ;;700 mAh NiMH;GSM 900;No;No;1998;Discontinued;137 x 55 x 22 mm, 149 cc (5.39 x 2.17 x 0.87 in);165 g (5.82 oz);Mini-SIM;Alphanumeric;;3 x 12 chars;No;;No;No;No;No;No;;;;Removable NiMH 700 mAh battery;80 h;5 h;3 - blue, red, grey;Fixed iconsSoftkey;;;;;;;;;;;;
https://www.gsmarena.com/siemens_c11-85.php;https://fdn2.gsmarena.com/vv/bigpic/sic11b.gif;Siemens C11;Released 1998;165g, 22mm thickness;Feature phone;No card slot;8;N/A;113,680 hits;;3x12 chars; ;;700 mAh NiMH;GSM 1800;No;No;1998;Discontinued;137 x 55 x 22 mm, 149 cc (5.39 x 2.17 x 0.87 in);165 g (5.82 oz);Mini-SIM;Alphanumeric;;3 x 12 chars;No;;No;No;No;No;No;;;;Removable NiMH 700 mAh battery;80 h;5 h;3 - blue, red, grey;Fixed iconsSoftkey;;;;;;;;;;;;
