Link;Image;Name;Release date;Weight;OS;Storage;Fans;Popularity;Hits;Screen_size;Screen_resolution;RAM;SOC;Battery;net2g;gprstext;edge;year;status;dimensions;weight;sim;displaytype;displaysize;displayresolution;displayother;memoryslot;internalmemory;cam1modules;cam1features;cam1video;cam2modules;wlan;bluetooth;gps;radio;usb;sensors;featuresother;batdescription1;colors;net3g;speed;cam2video;batstandby1;battalktime1;os;optionalother;cpu;memoryother;bodyother
https://www.gsmarena.com/telit_t800-1549.php;https://fdn2.gsmarena.com/vv/bigpic/telit-t800.gif;Telit t800;Cancelled;91g, 16.7mm thickness;Feature phone;64MB storage, microSD slot;7;N/A;100,707 hits;;176x220 pixels; ;;860 mAh Li-Ion;GSM 900 / 1800 / 1900;Class 10;No;2006, Q1;Cancelled;95 x 49 x 16.7 mm (3.74 x 1.93 x 0.66 in);91 g (3.21 oz);Mini-SIM;TFT, 256K colors;;176 x 220 pixels;Second CSTN display, 65K colors, 96 x 96 pixels;microSD;64MB;2 MP;LED flash;Yes;No;No;Yes;No;No;Proprietary;;MP3/AAC/3GP playereZi text inputOrganizer;Removable Li-Ion 860 mAh battery;Red;;;;;;;;;;
https://www.gsmarena.com/telit_t250-1548.php;https://fdn2.gsmarena.com/vv/bigpic/telit-t250.gif;Telit t250;Cancelled;76g, 15.4mm thickness;Feature phone;7MB storage, no card slot;6;N/A;70,064 hits;;128x160 pixels; ;;800 mAh Li-Ion;GSM 900 / 1800 / 1900;Class 10;No;2006, Q1;Cancelled;96.5 x 49.5 x 15.4 mm (3.80 x 1.95 x 0.61 in);76 g (2.68 oz);Mini-SIM;TFT, 256K colors;;128 x 160 pixels;Second CSTN display, 65K colors, 96 x 96 pixels;No;7MB;VGA;;No;No;No;No;No;No;Proprietary;;eZi text inputOrganizer;Removable Li-Ion 800 mAh battery;Black;;;;;;;;;;
https://www.gsmarena.com/telit_t650-1547.php;https://fdn2.gsmarena.com/vv/bigpic/telit-t650.gif;Telit t650;Cancelled;90g, 17mm thickness;Feature phone;64MB storage, microSD slot;6;N/A;73,169 hits;;128x160 pixels; ;;800 mAh Li-Ion;GSM 900 / 1800;Class 10;No;2006, Q1;Cancelled;90 x 44 x 17 mm (3.54 x 1.73 x 0.67 in);90 g (3.17 oz);Mini-SIM;TFT, 256K colors;;128 x 160 pixels;Second CSTN display, 65K colors, 96 x 96 pixels;microSD;64MB;VGA, rotating lens;LED flash;No;No;No;No;No;No;Proprietary;;MP3 playerPredictive text inputOrganizer;Removable Li-Ion 800 mAh battery;Black;;;;;;;;;;
https://www.gsmarena.com/telit_t200-1546.php;https://fdn2.gsmarena.com/vv/bigpic/telit-t200.gif;Telit t200;Released 2006, Q1;76g, 15.4mm thickness;Feature phone;7MB storage, no card slot;7;N/A;87,943 hits;;128x160 pixels; ;;730 mAh Li-Ion;GSM 900 / 1800 / 1900;Class 10;No;2006, Q1;Discontinued;96.5 x 49.5 x 15.4 mm (3.80 x 1.95 x 0.61 in);76 g (2.68 oz);Mini-SIM;TFT, 256K colors;;128 x 160 pixels;;No;7MB;VGA;;No;No;No;No;No;No;Proprietary;;eZi text inputOrganizerVoice memo;Removable Li-Ion 730 mAh battery;Red;;;;;;;;;;
https://www.gsmarena.com/telit_gu1100-1540.php;https://fdn2.gsmarena.com/vv/bigpic/telit-gu1100.gif;Telit GU1100;Released 2005, Q3;103g, 19.5mm thickness;Feature phone;microSD slot;8;N/A;71,570 hits;;176x220 pixels; ;;1000 mAh Li-Ion;GSM 900 / 1800;;;2005, Q3;Discontinued;112 x 46.5 x 19.5 mm (4.41 x 1.83 x 0.77 in);103 g (3.63 oz);Mini-SIM;TFT, 256K colors;;176 x 220 pixels;;microSD (dedicated slot);;VGA;;Yes;Yes;No;Yes;No;No;1.1;;MP3 playerPredictive text inputVoice memoOrganizer;Removable Li-Ion battery;Silver;UMTS 2100;Yes, 384 kbps;;Up to 280 h;Up to 4 h;;;;;
https://www.gsmarena.com/telit_sp600-1539.php;https://fdn2.gsmarena.com/vv/bigpic/telit-sp600.gif;Telit SP600;Released 2005, Q2;99g, 17.7mm thickness;Microsoft Windows Mobile 2003 SE Smartphone;32MB storage, miniSD slot;10;N/A;72,780 hits;;176x220 pixels; ;;1000 mAh Li-Ion;GSM 900 / 1800 / 1900;Class 8;No;2005, Q2;Discontinued;109 x 47.7 x 17.7 mm (4.29 x 1.88 x 0.70 in);99 g (3.49 oz);Mini-SIM;TFT, 65K colors;;176 x 220 pixels;;miniSD;32MB;1.3 MP;;Yes;No;No;Yes;No;No;1.1;;MP3/AAC/AAC+/WMA/OGG/AMR playerWMV/MP4 playerPredictive text inputVoice memoOrganizer;Removable Li-Ion 1000 mAh battery;Silver;;;;Up to 130 h;Up to 5 h;Microsoft Windows Mobile 2003 SE Smartphone;;;;
https://www.gsmarena.com/telit_t550-1538.php;https://fdn2.gsmarena.com/vv/bigpic/telit-t550.gif;Telit t550;Released 2005, Q1;98g, 15.8mm thickness;Feature phone;No card slot;6;N/A;65,521 hits;;128x160 pixels; ;;860 mAh Li-Ion;GSM 900 / 1800 / 1900;Class 10;No;2005, Q1;Discontinued;105 x 49.6 x 15.8 mm (4.13 x 1.95 x 0.62 in);98 g (3.46 oz);Mini-SIM;TFT, 256K colors;;128 x 160 pixels;Downloadable animation;No;;1.3 MP;LED flash;Yes;No;No;Yes;No;No;Proprietary;;MP3 playerVideo playerPhoto editorPredictive text inputOrganizer;Removable Li-Ion 860 mAh battery;Black;;;;Up to 168 h;Up to 9 h;;;;;
https://www.gsmarena.com/telit_t420-1537.php;https://fdn2.gsmarena.com/vv/bigpic/telit-t420.gif;Telit t420;Released 2005, Q1;82g, 23mm thickness;Feature phone;No card slot;6;N/A;94,186 hits;;128x160 pixels; ;;650 mAh Li-Ion;GSM 900 / 1800;Class 8;No;2005, Q1;Discontinued;62 x 64 x 23 mm (2.44 x 2.52 x 0.91 in);82 g (2.89 oz);Mini-SIM;TFT, 65K colors;;128 x 160 pixels;Second OLED display, 256 colors, 96 x 64 pixelsDownloadable animation;No;;VGA;;Yes;No;No;No;No;No;No;;Video playerPhoto editorPredictive text inputOrganizer;Removable Li-Ion 650 mAh battery;Black;;;;Up to 100 h;Up to 2 h;;;;;
https://www.gsmarena.com/telit_t180-1661.php;https://fdn2.gsmarena.com/vv/bigpic/telit-t180.gif;Telit t180;Released 2006, Q2;76g, 18mm thickness;Feature phone;2MB storage, no card slot;7;N/A;70,819 hits;;128x128 pixels; ;;650 mAh Li-Ion;GSM 900 / 1800;Class 10;No;2006, Q2;Discontinued;100 x 45 x 18 mm (3.94 x 1.77 x 0.71 in);76 g (2.68 oz);Mini-SIM;CSTN, 65K colors;;128 x 128 pixels, 1:1 ratio;;No;2MB;VGA;;No;No;No;No;No;No;No;;Voice memoeZi text inputUnit ConverterWorld Clock;Removable Li-Ion 650 mAh battery;Navy Blue, Lacquered White;;;;Up to 250 h;Up to 5 h;;;;;
https://www.gsmarena.com/telit_t410-1536.php;https://fdn2.gsmarena.com/vv/bigpic/telit-t410.gif;Telit t410;Released 2005, Q1;76g, 23mm thickness;Feature phone;No card slot;11;N/A;88,815 hits;;128x160 pixels; ;;650 mAh Li-Ion;GSM 900 / 1800;Class 8;No;2005, Q1;Discontinued;52 x 57 x 23 mm (2.05 x 2.24 x 0.91 in);76 g (2.68 oz);Mini-SIM;TFT, 65K colors;;128 x 160 pixels;Second OLED display, 256 colors, 96 x 64 pixelsDownloadable animation;No;;VGA;;Yes;No;No;No;No;No;No;;Video playerPhoto editorPredictive text inputOrganizer;Removable Li-Ion 650 mAh battery;Black;;;;Up to 100 h;Up to 2 h;;;;;
https://www.gsmarena.com/telit_t130-1581.php;https://fdn2.gsmarena.com/vv/bigpic/telit-t130.gif;Telit t130;Released 2006, Q2;75g, 16.5mm thickness;Feature phone;4MB storage, no card slot;13;N/A;65,551 hits;"1.37""";96x64 pixels; ;;800 mAh Li-Ion;GSM 900 / 1800;No;No;2006, Q2;Discontinued;101 x 44 x 16.5 mm (3.98 x 1.73 x 0.65 in);75 g (2.65 oz);Mini-SIM;Monochrome graphics;1.37 inches, 5.6 cm(~12.6% screen-to-body ratio);96 x 64 pixels, 3:2 ratio (~84 ppi density);;No;4MB;No;;;;No;No;No;No;miniUSB;;eZi text inputCalculatorWatchSpeed dial;Removable Li-Ion 800 mAh battery;Black;;;;;;;;;;
https://www.gsmarena.com/telit_t110-1535.php;https://fdn2.gsmarena.com/vv/bigpic/telit-t110.gif;Telit t110;Released 2005, Q1;75g, 20mm thickness;Feature phone;2MB storage, no card slot;6;N/A;80,883 hits;"1.8""";128x160 pixels; ;;800 mAh Li-Ion;GSM 900 / 1800;Class 10;No;2005, Q1;Discontinued;90 x 41 x 20 mm (3.54 x 1.61 x 0.79 in);75 g (2.65 oz);Mini-SIM;CSTN, 65K colors;1.8 inches, 29 x 35 mm, 10.2 cm(~27.6% screen-to-body ratio);128 x 160 pixels (~114 ppi density);Second CSTN display, 4096 colors, 96 x 64 pixelsDownloadable animation;No;2MB;VGA;;Yes;No;No;No;No;No;No;;Video playerPredictive text inputOrganizerVoice memo;Removable Li-Ion battery;Black;;;;Up to 110 h;Up to 5 h;;;;;
https://www.gsmarena.com/telit_t210-1534.php;https://fdn2.gsmarena.com/vv/bigpic/telit-t210.gif;Telit t210;Released 2005, Q1;85g, 24mm thickness;Feature phone;4MB storage, no card slot;6;N/A;62,593 hits;"1.8""";128x160 pixels; ;;800 mAh Li-Ion;GSM 900 / 1800 / 1900;Class 10;No;2005, Q1;Discontinued;93 x 45 x 24 mm (3.66 x 1.77 x 0.94 in);85 g (3.00 oz);Mini-SIM;TFT, 65K colors;1.8 inches, 29 x 35 mm, 10.2 cm(~24.4% screen-to-body ratio);128 x 160 pixels (~114 ppi density);Second CSTN display, 4096 colors, 96 x 64 pixelsDownloadable animation;No;4MB;1.3 MP;;Yes;No;No;No;No;No;Proprietary;;Predictive text inputOrganizerVoice memo;Removable Li-Ion battery;Black;;;;Up to 100 h;Up to 5 h;;;;;
https://www.gsmarena.com/telit_t510-1244.php;https://fdn2.gsmarena.com/vv/bigpic/telit-t510.gif;Telit T510;Released 2005, Q1;87g, 18mm thickness;Feature phone;32MB storage, miniSD slot;7;N/A;80,273 hits;"1.8""";128x160 pixels; ;;650 mAh Li-Ion;GSM 900 / 1800;Class 8;No;2005, Q1;Discontinued;90 x 40 x 18 mm (3.54 x 1.57 x 0.71 in);87 g (3.07 oz);Mini-SIM;TFT, 65K colors;1.8 inches, 29 x 35 mm, 10.2 cm(~28.3% screen-to-body ratio);128 x 160 pixels (~114 ppi density);Downloadable animation;miniSD;32MB;VGA;LED flash;No;No;No;No;No;No;Proprietary;;Predictive text inputMP3 playerOrganizerVoice memo;Removable Li-Ion 650 mAh battery;Silver, Blue;;;;Up to 100 h;Up to 2 h;;Dual speaker;;;
https://www.gsmarena.com/telit_c1000-1243.php;https://fdn2.gsmarena.com/vv/bigpic/telit-c1000.gif;Telit C1000;Released 2005, Q1;74.5g, 15.6mm thickness;Feature phone;5.5MB storage, no card slot;7;N/A;85,177 hits;;128x160 pixels; ;;920 mAh Li-Ion;GSM 900 / 1800;Class 8;No;2005, Q1;Discontinued;86 x 48 x 15.6 mm (3.39 x 1.89 x 0.61 in);74.5 g (2.61 oz);Mini-SIM;TFT resistive touchscreen, 256K colors;;128 x 160 pixels;Handwriting recognitionDownloadable animation;No;5.5MB;VGA;LED flash;No;No;No;No;No;No;Proprietary;;Predictive text inputPhoto editorOrganizer;Removable Li-Ion battery;;;;;Up to 100 h;Up to 2 h;;;;;
https://www.gsmarena.com/telit_t91-863.php;https://fdn2.gsmarena.com/vv/bigpic/tet91.gif;Telit T91;Released 2004, Q3;85g, 21.9mm thickness;Feature phone;16MB storage, no card slot;7;N/A;101,242 hits;;128x160 pixels; ;;720 mAh Li-Ion;GSM 900 / 1800;Class 8;No;2004, Q3;Discontinued;85 x 43.5 x 21.9 mm (3.35 x 1.71 x 0.86 in);85 g (3.00 oz);Mini-SIM;TFT, 65K colors;;128 x 160 pixels;Rotating screenDownloadable pictures;No;16MB;VGA;;No;No;No;No;No;No;;;Predictive text inputOrganizer;Removable Li-Ion 720 mAh battery;;;;;Up to 120 h;Up to 6 h;;;;;
https://www.gsmarena.com/telit_t90-862.php;https://fdn2.gsmarena.com/vv/bigpic/tet90.gif;Telit T90;Released 2004, Q3;85g, 21.9mm thickness;Feature phone;16MB storage, no card slot;6;N/A;86,452 hits;;128x160 pixels; ;;720 mAh Li-Ion;GSM 900 / 1800;Class 8;No;2004, Q3;Discontinued;85 x 43.5 x 21.9 mm (3.35 x 1.71 x 0.86 in);85 g (3.00 oz);Mini-SIM;TFT, 65K colors;;128 x 160 pixels;Second OLED LCD (96 x 64 pixels) with 4 colorDownloadable pictures;No;16MB;VGA, 180 deg. rotating lens;;No;No;No;No;No;No;;;Predictive text inputOrganizer;Removable Li-Ion 720 mAh battery;;;;;Up to 120 h;Up to 6 h;;;;;
https://www.gsmarena.com/telit_neo-793.php;https://fdn2.gsmarena.com/vv/bigpic/teneo.gif;Telit NEO;Released 2004, Q2;65g, 18mm thickness;Feature phone;4MB storage, no card slot;8;N/A;79,670 hits;;128x128 pixels; ;;720 mAh Li-Ion;GSM 900 / 1800 / 1900;Class 10;No;2004, Q2;Discontinued;99 x 44 x 18 mm (3.90 x 1.73 x 0.71 in);65 g (2.29 oz);Mini-SIM;TFT, 65K colors;;128 x 128 pixels, 1:1 ratio;7-color flashing LED;No;4MB;No;;;;No;Yes;No;No;;;Predictive text input- Organizer- Stopwatch- Voice memo;Removable Li-Ion battery;;;;;Up to 200 h;Up to 3 h;;;;;
https://www.gsmarena.com/telit_x60i-792.php;https://fdn2.gsmarena.com/vv/bigpic/tex60i.gif;Telit X60i;Released 2004, Q2;65g, 22mm thickness;Feature phone;No card slot;7;N/A;67,870 hits;;128x128 pixels; ;;720 mAh Li-Ion;GSM 900 / 1800 / 1900;Class 10;No;2004, Q2;Discontinued;72 x 41 x 22 mm (2.83 x 1.61 x 0.87 in);65 g (2.29 oz);Mini-SIM;CSTN, 65K colors;;128 x 128 pixels, 1:1 ratio;Second external mono display (80 x 48 pixels);No;;No;;;;No;No;No;No;;;Predictive text inputOrganizerVoice memo;Removable Li-Ion 720 mAh battery;Silver, Blue;;;;Up to 200 h;Up to 3 h 30 min;;;;;
https://www.gsmarena.com/telit_g90-578.php;https://fdn2.gsmarena.com/vv/bigpic/teg90.gif;Telit G90;Released 2003, Q4;135g, 28mm thickness;Microsoft Smartphone 2002;16MB RAM storage, SD slot;7;N/A;89,546 hits;"2.2""";176x220 pixels;16 MB RAM;;1000 mAh Li-Po;GSM 900 / 1800 / 1900;Class 10;No;2003, Q4;Discontinued;97 x 52 x 28 mm (3.82 x 2.05 x 1.10 in);135 g (4.76 oz);Mini-SIM;TFT, 65K colors;2.2 inches, 35 x 44 mm, 15.2 cm(~30.2% screen-to-body ratio);176 x 220 pixels (~128 ppi density);Second external display (64 x 48 pixels);SD;16MB RAM, 32MB ROM;CIF;;No;No;No;No;No;No;Proprietary;;MP3/AAC/AAC+/WMA/OGG/AMR playerWMV/MP4 playerPredictive text inputVoice memo (3 min.)Organizer;Removable Li-Po 1000 mAh battery;Silver;;;;Up to 100 h;Up to 2 h;Microsoft Smartphone 2002;;Intel XScale 200 MHz;Intel Xscale 200 MHz;
https://www.gsmarena.com/telit_g83-577.php;https://fdn2.gsmarena.com/vv/bigpic/teg83.gif;Telit G83;Released 2003, Q4;90g, 20mm thickness;Feature phone;No card slot;9;N/A;96,324 hits;;128x160 pixels; ;;780 mAh Li-Ion;GSM 900 / 1800 / 1900;Class 10;No;2003, Q4;Discontinued;108 x 45 x 20 mm (4.25 x 1.77 x 0.79 in);90 g (3.17 oz);Mini-SIM;TFT, 65K colors;;128 x 160 pixels;;No;;VGA;;No;No;No;No;No;No;;;Predictive text inputOrganizerVoice dial/memoPhoto editor;Removable Li-Ion 780 mAh battery;;;;;;;;;;;
https://www.gsmarena.com/telit_g80-362.php;https://fdn2.gsmarena.com/vv/bigpic/teg80.gif;Telit G80;Released 2002, Nov;96g, 23mm thickness;Feature phone;No card slot;7;N/A;141,192 hits;;160x120 pixels; ;;600 mAh Li-Ion;GSM 900 / 1800 / 1900;Class 8;No;2002, Nov;Discontinued;105 x 60 x 23 mm (4.13 x 2.36 x 0.91 in);96 g (3.39 oz);Mini-SIM;CSTN, 65K colors;;160 x 120 pixels, 4:3 ratio;3 fonts;No;;QVGA;;No;No;No;No;No;No;;Barometer, altimeter;Predictive text inputOrganizer;Removable Li-Ion 600 mAh battery;;;;;Up to 160 h;Up to 6 h 30 min;;;;;
https://www.gsmarena.com/telit_g82-361.php;https://fdn2.gsmarena.com/vv/bigpic/teg82.gif;Telit G82;Released 2002;90g, 27mm thickness;Feature phone;No card slot;8;N/A;96,750 hits;;128x96 pixels; ;;550 mAh Li-Ion;GSM 900 / 1800 / 1900;Class 8;No;2002;Discontinued;114 x 53 x 27 mm (4.49 x 2.09 x 1.06 in);90 g (3.17 oz);Mini-SIM;CSTN, 4096 colors;;128 x 96 pixels, 4:3 ratio;3 fonts;No;;No;;;;No;No;No;No;;;Predictive text inputOrganizer;Removable Li-Ion 550 mAh battery;;;;;Up to 250 h;Up to 6 h 30 min;;;;;
https://www.gsmarena.com/telit_g40-442.php;https://fdn2.gsmarena.com/vv/bigpic/teg40.gif;Telit G40;Released 2003, Q2;75g, 18.5mm thickness;Feature phone;No card slot;7;N/A;66,232 hits;;101x80 pixels; ;;610 mAh Li-Ion;GSM 900 / 1800;Class 7;No;2003, Q2;Discontinued;105 x 46 x 18.5 mm (4.13 x 1.81 x 0.73 in);75 g (2.65 oz);Mini-SIM;Monochrome graphic;;101 x 80 pixels;Downloadable logos and backgrounds;No;;No;;;;No;No;No;No;;;Predictive text inputChronometerOrganizer;Removable Li-Ion 610 mAh battery;;;;;Up to 240 h;Up to 2 h 30 min;;;;;
https://www.gsmarena.com/telit_gm_882-360.php;https://fdn2.gsmarena.com/vv/bigpic/tegm882.gif;Telit GM 882;Released 2002;100g, 22mm thickness;Feature phone;No card slot;6;N/A;68,977 hits;;132x65 pixels; ;;550 mAh NiMH;GSM 900 / 1800;Class 8;No;2002;Discontinued;107 x 54 x 22 mm (4.21 x 2.13 x 0.87 in);100 g (3.53 oz);Mini-SIM;Monochrome graphic;;132 x 65 pixels, 18.5:9 ratio;Blue backlight3 fontsFixed iconsSoftkeys;No;;No;;;;No;No;No;No;;;Predictive text inputOrganizer;Removable NiMH 550 mAh battery;;;;;Up to 200 h;Up to 6 h 30 min;;;;11 predefined messages;
https://www.gsmarena.com/telit_gm_830-189.php;https://fdn2.gsmarena.com/vv/bigpic/tegm830b.gif;Telit GM 830;Released 1999;105g, 20mm thickness;Feature phone;No card slot;6;N/A;71,726 hits;;4 lines; ;;650 mAh Li-Ion;GSM 900 / 1800;No;No;1999;Discontinued;117 x 51 x 20 mm (4.61 x 2.01 x 0.79 in);105 g (3.70 oz);Mini-SIM;Monochrome graphic;;4 lines;Dynamic font sizeFixed iconsSoftkeys;No;;No;;;;No;No;No;No;;;;Removable Li-Ion 650 mAh battery;4;;;;52 h;4 h;;;;;
https://www.gsmarena.com/telit_gm_810-188.php;https://fdn2.gsmarena.com/vv/bigpic/tegm810b.gif;Telit GM 810;Released 1999;105g, 18mm thickness;Feature phone;No card slot;5;N/A;72,073 hits;;4 lines; ;;650 mAh Li-Ion;GSM 900 / 1800;No;No;1999;Discontinued;117 x 51 x 18 mm (4.61 x 2.01 x 0.71 in);105 g (3.70 oz);Mini-SIM;Monochrome graphic;;4 lines;Dynamic font sizeFixed iconsSoftkeys;No;;No;;;;No;No;No;No;;;;Removable Li-Ion 650 mAh battery;4;;;;52 h;4 h;;;;;
https://www.gsmarena.com/telit_estremo-187.php;https://fdn2.gsmarena.com/vv/bigpic/teestreb.gif;Telit Estremo;Released 1999;176g, 24mm thickness;Feature phone;No card slot;5;N/A;62,220 hits;;4 lines; ;;1000 mAh Li-Ion;GSM 900;No;No;1999;Discontinued;134 x 53 x 24 mm (5.28 x 2.09 x 0.94 in);176 g (6.21 oz);Mini-SIM;Monochrome graphic;;4 lines;Dynamic font sizeFixed iconsSoftkeys;No;;No;;;;No;No;No;No;;;;Removable Li-Ion 1000 mAh battery;3;;;;70 h;5 h;;;;;Water and shock resistant
https://www.gsmarena.com/telit_gm_710-186.php;https://fdn2.gsmarena.com/vv/bigpic/tegm710b.gif;Telit GM 710;Released 1999;105g, 18mm thickness;Feature phone;No card slot;8;N/A;69,762 hits;;4 lines; ;;650 mAh Li-Ion;GSM 900;No;No;1999;Discontinued;117 x 51 x 18 mm (4.61 x 2.01 x 0.71 in);105 g (3.70 oz);Mini-SIM;Monochrome graphic;;4 lines;Dynamic font sizeFixed iconsSoftkeys;No;;No;;;;No;No;No;No;;;;Removable Li-Ion 650 mAh battery;4;;;;48 h;4 h;;;;;
https://www.gsmarena.com/telit_gm_410-185.php;https://fdn2.gsmarena.com/vv/bigpic/tegm410b.gif;Telit GM 410;Released 1999;115g, 15mm thickness;Feature phone;No card slot;6;N/A;82,671 hits;;5 lines; ;;600 mAh Li-Ion;GSM 900;No;No;1999;Discontinued;130 x 48 x 15 mm (5.12 x 1.89 x 0.59 in);115 g (4.06 oz);Mini-SIM;Monochrome graphic;;5 lines;Dynamic font sizeFixed iconsSoftkeys;No;;No;;;;No;No;No;No;;;;Removable Li-Ion 600 mAh battery;3;;;;96 h;4 h;;;;5 phonebook groups;
