Link;Image;Name;Release date;Weight;OS;Storage;Fans;Popularity;Hits;Screen_size;Screen_resolution;RAM;SOC;Battery;net2g;net3g;net4g;speed;year;status;dimensions;weight;sim;displaytype;displaysize;displayresolution;os;cpu;gpu;memoryslot;internalmemory;cam1modules;cam1features;cam1video;cam2modules;cam2video;wlan;bluetooth;gps;nfc;radio;usb;sensors;batdescription1;batstandby1;battalktime1;colors;sar-us;cam2features;gprstext;edge;featuresother;batmusicplayback1;bodyother
https://www.gsmarena.com/unnecto_bolt-8283.php;https://fdn2.gsmarena.com/vv/bigpic/unnecto-bolt.jpg;Unnecto Bolt;Released 2016, August;170g, 9.2mm thickness;Android 5.1;8GB storage, microSDHC;0;N/A;53,354 hits;"5.0""";720x1280 pixels;1 GB RAM;;2000 mAh Li-Ion;GSM 850 / 900 / 1800 / 1900 - SIM 1 & SIM 2;HSDPA 850 / 900 / 1900 / 2100;2, 3, 4, 12, 17;HSPA, LTE;2016, June. Released 2016, August;Discontinued;145.2 x 73.5 x 9.2 mm (5.72 x 2.89 x 0.36 in);170 g (6.00 oz);Dual SIM (Micro-SIM, dual stand-by);IPS LCD;5.0 inches, 68.9 cm(~64.6% screen-to-body ratio);720 x 1280 pixels, 16:9 ratio (~294 ppi density);Android 5.1 (Lollipop);Quad-core 1.1 GHz;Adreno 304;microSDHC;8GB 1GB RAM;8 MP, PDAF;LED flash, HDR, panorama;1080p@30fps;2 MP, AF;;Wi-Fi 802.11 b/g/n;4.1, LE;GPS;No;No;microUSB 2.0;Accelerometer, proximity;Li-Ion 2000 mAh, removable;Up to 200 h (2G) / Up to 175 h (3G);Up to 6 h (2G) / Up to 5 h (3G);Black, Silver;1.25 W/kg (head)     1.15 W/kg (body);;;;;;
https://www.gsmarena.com/unnecto_neo_v-8282.php;https://fdn2.gsmarena.com/vv/bigpic/unnecto-neo-v.jpg;Unnecto Neo V;Released 2016, July;177g, 9.2mm thickness;Android 5.1;8GB storage, microSDHC;1;N/A;44,601 hits;"5.0""";480x854 pixels;1 GB RAM;;2000 mAh Li-Ion;GSM 850 / 900 / 1800 / 1900 - SIM 1 & SIM 2 (dual-SIM model only);HSDPA 850 / 1900 / 2100;;HSPA 42.2/11.5 Mbps;2016, May. Released 2016, July;Discontinued;143.5 x 70.5 x 9.2 mm (5.65 x 2.78 x 0.36 in);177 g (6.24 oz);Single SIM (Micro-SIM) or Dual SIM (Micro-SIM, dual stand-by);IPS LCD;5.0 inches, 68.9 cm(~68.1% screen-to-body ratio);480 x 854 pixels, 16:9 ratio (~196 ppi density);Android 5.1 (Lollipop);Quad-core 1.3 GHz Cortex-A7;Mali-400;microSDHC;8GB 1GB RAM;8 MP, PDAF;Dual-LED flash, HDR, panorama;720p@30fps;1.3 MP, AF;;Wi-Fi 802.11 b/g/n;4.0, LE;GPS;No;Stereo FM radio;microUSB 2.0;Accelerometer, proximity;Li-Ion 2000 mAh, removable;Up to 200 h (2G) / Up to 175 h (3G);Up to 6 h (2G) / Up to 5 h (3G);Black, White, Blue;0.62 W/kg (head)     0.96 W/kg (body);LED flash;;;;;
https://www.gsmarena.com/unnecto_quattro_s-8281.php;https://fdn2.gsmarena.com/vv/bigpic/unnecto-quattro-s.jpg;Unnecto Quattro S;Released 2016, July;113g, 10.2mm thickness;Android 5.1;8GB storage, microSDHC;0;N/A;52,781 hits;"4.0""";480x800 pixels;1 GB RAM;;1400 mAh Li-Ion;GSM 850 / 900 / 1800 / 1900 - SIM 1 & SIM 2;HSDPA 850 / 1900 / 2100;;HSPA 42.2/21 Mbps;2016, May. Released 2016, July;Discontinued;124.5 x 64.5 x 10.2 mm (4.90 x 2.54 x 0.40 in);113 g (3.99 oz);Dual SIM (Micro-SIM, dual stand-by);TFT, 256K colors;4.0 inches, 45.5 cm(~56.7% screen-to-body ratio);480 x 800 pixels, 5:3 ratio (~233 ppi density);Android 5.1 (Lollipop);Quad-core 1.2 GHz;Mali-400;microSDHC;8GB 1GB RAM;5 MP, PDAF;LED flash, HDR, panorama;720p@30fps;1.3 MP, AF;;Wi-Fi 802.11 a/b/g/n;2.1;GPS;No;Stereo FM radio;microUSB 2.0;Accelerometer, proximity;Li-Ion 1400 mAh, removable;Up to 100 h (2G) / Up to 72 h (3G);Up to 5 h (2G) / Up to 4 h (3G);Black, White, Navy;;;;;;;
https://www.gsmarena.com/unnecto_quattro_v-8280.php;https://fdn2.gsmarena.com/vv/bigpic/unnecto-quattro-v.jpg;Unnecto Quattro V;Released 2016, July;163g, 11.7mm thickness;Android 5.1;8GB storage, microSDHC;0;N/A;38,417 hits;"4.0""";480x800 pixels;1 GB RAM;;1600 mAh Li-Ion;GSM 850 / 900 / 1800 / 1900 - SIM 1 & SIM 2 (dual-SIM model only);HSDPA 850 / 1900 / 2100;;HSPA 42.2/11.5 Mbps;2016, May. Released 2016, July;Discontinued;120.3 x 63.2 x 11.7 mm (4.74 x 2.49 x 0.46 in);163 g (5.75 oz);Single SIM (Micro-SIM) or Dual SIM (Micro-SIM, dual stand-by);IPS LCD;4.0 inches, 45.5 cm(~59.9% screen-to-body ratio);480 x 800 pixels, 5:3 ratio (~233 ppi density);Android 5.1 (Lollipop);Quad-core 1.3 GHz Cortex-A7;Mali-400;microSDHC;8GB 1GB RAM;5 MP, PDAF;LED flash, HDR, panorama;720p@30fps;1.3 MP, AF;;Wi-Fi 802.11 b/g/n, hotspot;4.0, LE;GPS;No;Stereo FM radio;microUSB 2.0, OTG;Accelerometer, proximity;Li-Ion 1600 mAh, removable;Up to 160 h (2G) / Up to 140 h (3G);Up to 5 h (2G) / Up to 4 h (3G);Black, White, Blue;0.87 W/kg (head)     1.02 W/kg (body);;;;;;
https://www.gsmarena.com/unnecto_drone_xs-8279.php;https://fdn2.gsmarena.com/vv/bigpic/unnecto-drone-xs.jpg;Unnecto Drone XS;Released 2016, June;113g, 10.5mm thickness;Android 4.4;4GB 512MB RAM storage, microSDHC slot;0;N/A;45,570 hits;"3.5""";320x480 pixels;512 MB RAM;;1100 mAh Li-Ion;GSM 850 / 900 / 1800 / 1900 - SIM 1 & SIM 2 (dual-SIM model only);HSDPA 850 / 1900 / 2100;;HSPA 21.1/5.76 Mbps;2016, May. Released 2016, June;Discontinued;115 x 61 x 10.5 mm (4.53 x 2.40 x 0.41 in);113 g (3.99 oz);Single SIM (Micro-SIM) or Dual SIM (Micro-SIM, dual stand-by);IPS LCD;3.5 inches, 36.5 cm(~52.0% screen-to-body ratio);320 x 480 pixels, 3:2 ratio (~165 ppi density);Android 4.4 (KitKat);1.2 GHz Cortex-A7;Mali-400;microSDHC;4GB 512MB RAM;3 MP, PDAF;LED flash, HDR, panorama;720p@30fps;1.3 MP, AF;;Wi-Fi 802.11 b/g/n, hotspot;2.0;GPS;No;Stereo FM radio;microUSB 2.0;Accelerometer, gyro, proximity;Li-Ion 1100 mAh, removable;Up to 160 h (2G) / Up to 140 h (3G);Up to 5 h (2G) / Up to 4 h (3G);Black, White, Blue;;;;;;;
https://www.gsmarena.com/unnecto_primo_2g-8278.php;https://fdn2.gsmarena.com/vv/bigpic/unnecto-primo-2g.jpg;Unnecto Primo 2G;Released 2016, April;73g, 13.7mm thickness;Feature phone;32MB 32MB RAM storage, microSDHC slot;0;N/A;36,961 hits;"1.8""";128x160 pixels;32 MB RAM;;800 mAh Li-Ion;GSM 850 / 900 / 1800 / 1900;;;;2016, March. Released 2016, April;Discontinued;110.5 x 43 x 13.7 mm (4.35 x 1.69 x 0.54 in);73 g (2.57 oz);Mini-SIM;TFT;1.8 inches, 10.2 cm(~21.5% screen-to-body ratio);128 x 160 pixels (~114 ppi density);;;;microSDHC;32MB 32MB RAM;1 MP, AF;;720p@30fps;No;;No;2.0;No;No;Stereo FM radio;microUSB 2.0;;Li-Ion 800 mAh, removable;Up to 160 h;Up to 8 h;Black/Grey;;;Yes;Yes;Audio/video playerOrganizerVoice memo;;
https://www.gsmarena.com/unnecto_omnia-7888.php;https://fdn2.gsmarena.com/vv/bigpic/unnecto-omnia.jpg;Unnecto Omnia;Released 2015, March;163g, 8.9mm thickness;Android 5.1;8GB storage, microSDHC;3;N/A;50,915 hits;"5.0""";720x1280 pixels;1 GB RAM;;2000 mAh Li-Ion;GSM 850 / 900 / 1800 / 1900 - SIM 1 & SIM 2;HSDPA 850 / 1700(AWS) / 1900 / 2100;2, 4, 12, 17;HSPA, LTE;2015, January. Released 2015, March;Discontinued;142.9 x 72.6 x 8.9 mm (5.63 x 2.86 x 0.35 in);163 g (5.75 oz);Dual SIM;IPS LCD;5.0 inches, 68.9 cm(~66.4% screen-to-body ratio);720 x 1280 pixels, 16:9 ratio (~294 ppi density);Android 5.1 (Lollipop);Quad-core 1.0 GHz;Mali-T720;microSDHC;8GB 1GB RAM;8 MP, AF;LED flash;1080p@30fps;3 MP;;Wi-Fi 802.11 b/g/n, hotspot;4.0, LE;GPS;No;FM radio;microUSB 2.0;Accelerometer;Li-Ion 2000 mAh, removable;Up to 188 h (3G);Up to 6 h 30 min (3G);Black, White, Gray;;;;;;Up to 24 h;
https://www.gsmarena.com/unnecto_swift-7887.php;https://fdn2.gsmarena.com/vv/bigpic/unnecto-swift.jpg;Unnecto Swift;Released 2015, March;120.5g, 10mm thickness;Android 5.1;8GB storage, microSDHC;2;N/A;53,694 hits;"4.0""";480x800 pixels;1 GB RAM;;1600 mAh Li-Ion;GSM 850 / 900 / 1800 / 1900 - SIM 1 & SIM 2;HSDPA 850 / 1900 / 2100;2, 3, 4, 12;HSPA, LTE;2015, January. Released 2015, March;Discontinued;119.3 x 63 x 10 mm (4.70 x 2.48 x 0.39 in);120.5 g (4.27 oz);Dual SIM;IPS LCD;4.0 inches, 45.5 cm(~60.6% screen-to-body ratio);480 x 800 pixels, 5:3 ratio (~233 ppi density);Android 5.1 (Lollipop);Quad-core 1.0 GHz;Mali-T720;microSDHC;8GB 1GB RAM;5 MP;LED flash;1080p@30fps;VGA;;Wi-Fi 802.11 b/g/n, hotspot;4.0, LE;GPS;No;FM radio;microUSB 2.0;Accelerometer;Li-Ion 1600 mAh, removable;Up to 188 h (3G);Up to 6 h 30 min (3G);Black, White, Blue;;;;;;Up to 24 h;
https://www.gsmarena.com/unnecto_quattro_x-7021.php;https://fdn2.gsmarena.com/vv/bigpic/unnecto-qx.jpg;Unnecto Quattro X;Released 2015, January;120g, 9.2mm thickness;Android 4.4.2;4GB 512MB RAM storage, microSDHC slot;6;N/A;58,475 hits;"4.0""";480x800 pixels;512 MB RAM;;1600 mAh Li-Ion;GSM 850 / 900 / 1800 / 1900 - SIM 1 & SIM 2;HSDPA 850 / 1900 / 2100;;HSPA 21.1/5.76 Mbps;2015, January. Released 2015, January;Discontinued;123 x 64 x 9.2 mm (4.84 x 2.52 x 0.36 in);120 g (4.23 oz);Dual SIM (dual stand-by);IPS LCD;4.0 inches, 45.5 cm(~57.9% screen-to-body ratio);480 x 800 pixels, 5:3 ratio (~233 ppi density);Android 4.4.2 (KitKat);Dual-core 1.3 GHz;Mali-400;microSDHC;4GB 512MB RAM;5 MP;LED flash;Yes;VGA;;Wi-Fi 802.11 a/b/g/n, dual-band, hotspot;4.0, A2DP;GPS;No;FM radio;microUSB 2.0;Accelerometer;Li-Ion 1600 mAh battery;Up to 45 h (3G);Up to 6 h (3G);Black, White, Blue;;;;;;Up to 24 h;
https://www.gsmarena.com/unnecto_drone_xl-7020.php;https://fdn2.gsmarena.com/vv/bigpic/unnecto-drone-xl.jpg;Unnecto Drone XL;Released 2015, March;110g, 10.5mm thickness;Android 4.4.2;512MB 256MB RAM storage, microSDHC slot;4;N/A;51,721 hits;"3.5""";320x480 pixels;256 MB RAM;;1100 mAh Li-Ion;GSM 850 / 900 / 1800 / 1900 - SIM 1 & SIM 2;HSDPA 850 / 1900 / 2100;;HSPA 21.1/5.76 Mbps;2015, January. Released 2015, March;Discontinued;115 x 61 x 10.5 mm (4.53 x 2.40 x 0.41 in);110 g (3.88 oz);Dual SIM (dual stand-by);IPS LCD;3.5 inches, 36.5 cm(~52.0% screen-to-body ratio);320 x 480 pixels, 3:2 ratio (~165 ppi density);Android 4.4.2 (KitKat);1.2 GHz;Mali-400;microSDHC;512MB 256MB RAM;3.15 MP;LED flash;Yes;VGA;;Wi-Fi 802.11 a/b/g/n, dual-band, hotspot;4.0, A2DP;GPS;No;FM radio;microUSB 2.0;Accelerometer;Li-Ion 1100 mAh battery;Up to 40 h (3G);Up to 5 h (3G);Black, White, Blue;;;;;;Up to 20 h;
https://www.gsmarena.com/unnecto_drone_x-7019.php;https://fdn2.gsmarena.com/vv/bigpic/unnecto-drone-x1.jpg;Unnecto Drone X;Released 2015, January;152g, 10.5mm thickness;Android 4.4.2;512MB 256MB RAM storage, microSDHC slot;5;N/A;78,283 hits;"3.5""";320x480 pixels;256 MB RAM;;1100 mAh Li-Ion;GSM 850 / 900 / 1800 / 1900 - SIM 1 & SIM 2;HSDPA 850 / 1900 / 2100;;HSPA 21.1/5.76 Mbps;2015, January. Released 2015, January;Discontinued;115 x 61 x 10.5 mm (4.53 x 2.40 x 0.41 in);152 g (5.36 oz);Dual SIM (dual stand-by);IPS LCD;3.5 inches, 36.5 cm(~52.0% screen-to-body ratio);320 x 480 pixels, 3:2 ratio (~165 ppi density);Android 4.4.2 (KitKat);1.2 GHz;Mali-400;microSDHC;512MB 256MB RAM;3.15 MP;LED flash;Yes;VGA;;Wi-Fi 802.11 a/b/g/n, dual-band, hotspot;4.0, A2DP;GPS;No;FM radio;microUSB 2.0;Accelerometer;Li-Ion 1100 mAh battery;Up to 150 h (3G);Up to 8 h (2G) / Up to 10 h (3G);Black, White, Blue;;;;;;Up to 24 h;
https://www.gsmarena.com/unnecto_air_5_5-7018.php;https://fdn2.gsmarena.com/vv/bigpic/unnecto-air-551.jpg;Unnecto Air 5.5;Released 2015, February;156g, 8.5mm thickness;Android 4.4.2;8GB storage, microSDHC;6;N/A;57,002 hits;"5.5""";720x1280 pixels;1 GB RAM;;2100 mAh Li-Ion;GSM 850 / 900 / 1800 / 1900 - SIM 1 & SIM 2;HSDPA 850 / 1900 / 2100;;HSPA 21.1/5.76 Mbps;2015, January. Released 2015, February;Discontinued;153 x 76 x 8.5 mm (6.02 x 2.99 x 0.33 in);156 g (5.50 oz);Dual SIM (dual stand-by);IPS LCD;5.5 inches, 83.4 cm(~71.7% screen-to-body ratio);720 x 1280 pixels, 16:9 ratio (~267 ppi density);Android 4.4.2 (KitKat);Quad-core 1.3 GHz;Mali-450MP4;microSDHC;8GB 1GB RAM;13 MP, AF;LED flash, HDR;1080p@60fps;5 MP;;Wi-Fi 802.11 a/b/g/n, dual-band, hotspot;4.0, A2DP;GPS;No;FM radio;microUSB 2.0, OTG;Accelerometer;Li-Ion 2100 mAh battery;Up to 120 h (3G);Up to 8 h (3G);Black, White, Gray;;;;;;Up to 24 h;
https://www.gsmarena.com/unnecto_air_5_0-7017.php;https://fdn2.gsmarena.com/vv/bigpic/unnecto-air-51.jpg;Unnecto Air 5.0;Released 2015, February;127.6, 7.9mm thickness;Android 4.4.2;8GB storage, microSDHC;4;N/A;55,495 hits;"5.0""";720x1280 pixels;1 GB RAM;;1900 mAh Li-Ion;GSM 850 / 900 / 1800 / 1900 - SIM 1 & SIM 2;HSDPA 850 / 1900 / 2100;;HSPA 21.1/5.76 Mbps;2015, January. Released 2015, February;Discontinued;143.5 x 71.6 x 7.9 mm (5.65 x 2.82 x 0.31 in);127.6 (4.52 oz);Dual SIM (dual stand-by);IPS LCD;5.0 inches, 68.9 cm(~67.1% screen-to-body ratio);720 x 1280 pixels, 16:9 ratio (~294 ppi density);Android 4.4.2 (KitKat);Quad-core 1.3 GHz;Mali-450MP4;microSDHC;8GB 1GB RAM;12 MP, AF;LED flash, HDR;1080p@60fps;3 MP;;Wi-Fi 802.11 a/b/g/n, dual-band, hotspot;4.0, A2DP;GPS;No;FM radio;microUSB 2.0, OTG;Accelerometer;Li-Ion 1900 mAh battery;Up to 120 h (3G);Up to 8 h (3G);Black, White, Gray;;;;;;Up to 24 h;
https://www.gsmarena.com/unnecto_air_4_5-7016.php;https://fdn2.gsmarena.com/vv/bigpic/unnecto-air-451.jpg;Unnecto Air 4.5;Released 2015, February;110.6g, 8.3mm thickness;Android 4.4.2;8GB storage, microSDHC;4;N/A;49,662 hits;"4.5""";480x854 pixels;1 GB RAM;;1700 mAh Li-Ion;GSM 850 / 900 / 1800 / 1900 - SIM 1 & SIM 2;HSDPA 850 / 1900 / 2100;;HSPA 21.1/5.76 Mbps;2015, January. Released 2015, February;Discontinued;133.9 x 66 x 8.3 mm (5.27 x 2.60 x 0.33 in);110.6 g (3.92 oz);Dual SIM (dual stand-by);IPS LCD;4.5 inches, 55.8 cm(~63.1% screen-to-body ratio);480 x 854 pixels, 16:9 ratio (~218 ppi density);Android 4.4.2 (KitKat);Quad-core 1.3 GHz;Mali-450MP4;microSDHC;8GB 1GB RAM;8 MP, AF;LED flash, HDR;1080p@60fps;3 MP;;Wi-Fi 802.11 a/b/g/n, dual-band, hotspot;4.0, A2DP;GPS;No;FM radio;microUSB 2.0, OTG;Accelerometer;Li-Ion 1700 mAh battery;Up to 120 h (3G);Up to 8 h (3G);Black, White, Gray;;;;;;Up to 24 h;
https://www.gsmarena.com/unnecto_rush-6710.php;https://fdn2.gsmarena.com/vv/bigpic/unnecto-rush.jpg;Unnecto Rush;Released 2014, September;180g, 9mm thickness;Android 4.4.2;4GB 512MB RAM storage, microSDHC slot;11;N/A;61,316 hits;"5.0""";720x1280 pixels;512 MB RAM;;2000 mAh Li-Ion;GSM 850 / 900 / 1800 / 1900 - SIM 1 & SIM 2;HSDPA 850 / 1900 / 2100;;HSPA 21.1/11.5 Mbps;2014, September. Released 2014, September;Discontinued;148 x 74 x 9 mm (5.83 x 2.91 x 0.35 in);180 g (6.35 oz);Dual SIM (dual stand-by);TFT;5.0 inches, 68.9 cm(~62.9% screen-to-body ratio);720 x 1280 pixels, 16:9 ratio (~294 ppi density);Android 4.4.2 (KitKat);Quad-core 1.3 GHz;Mali-400;microSDHC;4GB 512MB RAM;8 MP;LED flash;Yes;VGA;;Wi-Fi 802.11 b/g/n, hotspot;2.1, EDR;GPS;No;FM radio;microUSB;Accelerometer, proximity;Li-Ion 2000 mAh battery;Up to 750 h (3G);Up to 15 h (3G);Black, White, Blue;;;;;;;
https://www.gsmarena.com/unnecto_quattro_z-6455.php;https://fdn2.gsmarena.com/vv/bigpic/unnecto-quattro-z.jpg;Unnecto Quattro Z;Released 2014, June;110g, 9.4mm thickness;Android 4.2.2;4GB 512MB RAM storage, microSDHC slot;6;N/A;62,607 hits;"4.0""";480x800 pixels;512 MB RAM;;1500 mAh Li-Ion;GSM 850 / 900 / 1800 / 1900 - SIM 1 & SIM 2;HSDPA 850 / 1900 / 2100;;HSPA 21.1/5.76 Mbps;2014, June. Released 2014, June;Discontinued;125.5 x 65 x 9.4 mm (4.94 x 2.56 x 0.37 in);110 g (3.88 oz);Dual SIM (dual stand-by);IPS LCD;4.0 inches, 45.5 cm(~55.8% screen-to-body ratio);480 x 800 pixels, 5:3 ratio (~233 ppi density);Android 4.2.2 (Jelly Bean);Dual-core 1.2 GHz;Mali-400;microSDHC;4GB 512MB RAM;8 MP;LED flash;Yes;VGA;;Wi-Fi 802.11 b/g/n, Wi-Fi Direct, hotspot;4.0, A2DP;GPS;No;FM radio;microUSB;;Li-Ion 1500 mAh battery;Up to 600 h;Up to 11 h;Black, White, Blue;;;;;;;
https://www.gsmarena.com/unnecto_drone_z-6454.php;https://fdn2.gsmarena.com/vv/bigpic/unnecto-drone-z.jpg;Unnecto Drone Z;Released 2014, June;100g, 11.5mm thickness;Android 4.2.2;512MB 256MB RAM storage, microSDHC slot;5;N/A;60,509 hits;"3.5""";320x480 pixels;256 MB RAM;;1200 mAh Li-Ion;GSM 850 / 900 / 1800 / 1900 - SIM 1 & SIM 2;HSDPA 850 / 1900 / 2100;;HSPA 21.1/5.76 Mbps;2014, June. Released 2014, June;Discontinued;116 x 61 x 11.5 mm (4.57 x 2.40 x 0.45 in);100 g (3.53 oz);Dual SIM (dual stand-by);TFT;3.5 inches, 36.5 cm(~51.5% screen-to-body ratio);320 x 480 pixels, 3:2 ratio (~165 ppi density);Android 4.2.2 (Jelly Bean);Dual-core 1.0 GHz;;microSDHC;512MB 256MB RAM;3.15 MP;;Yes;VGA;;Wi-Fi 802.11 b/g/n;4.0, A2DP;GPS;No;FM radio;microUSB;;Li-Ion 1200 mAh battery;Up to 450 h (3G);Up to 9 h (3G);Black, White, Grey;;;;;;;
https://www.gsmarena.com/unnecto_quattro-6014.php;https://fdn2.gsmarena.com/vv/bigpic/unnecto-quattro.jpg;Unnecto Quattro;Released 2012, June;140g, 11.5mm thickness;Android 2.3;512MB RAM storage, microSDHC slot;2;N/A;65,263 hits;"4.0""";480x800 pixels;512 MB RAM;;1400 mAh Li-Ion;GSM 850 / 900 / 1800 / 1900 - SIM 1 & SIM 2;HSDPA 850 / 2100 - SIM 1;;HSPA 7.2/5.76 Mbps;2012, March. Released 2012, June;Discontinued;123 x 65 x 11.5 mm (4.84 x 2.56 x 0.45 in);140 g (4.94 oz);Dual SIM (dual stand-by);TFT;4.0 inches, 45.5 cm(~57.0% screen-to-body ratio);480 x 800 pixels, 5:3 ratio (~233 ppi density);Android 2.3 (Gingerbread);;;microSDHC (dedicated slot), 8 GB included;512MB RAM;3.15 MP;;Yes;VGA;;Wi-Fi 802.11 b/g/n;2.1, EDR;GPS;No;FM radio;microUSB;;Li-Ion 1400 mAh battery;Up to 170 h;Up to 3 h;Black;;;;;;;
https://www.gsmarena.com/unnecto_blaze-6013.php;https://fdn2.gsmarena.com/vv/bigpic/unnecto-blaze.jpg;Unnecto Blaze;Released 2012, April;131.5g, 11.5mm thickness;Feature phone;1GB 512MB RAM storage, microSDHC slot;1;N/A;49,455 hits;"3.5""";320x480 pixels;512 MB RAM;;1100 mAh Li-Ion;GSM 850 / 900 / 1800 / 1900 - SIM 1 & SIM 2;;;;2012, March. Released 2012, April;Discontinued;114 x 62.5 x 11.5 mm (4.49 x 2.46 x 0.45 in);131.5 g (4.62 oz);Dual SIM (dual stand-by);TFT resistive touchscreen;3.5 inches, 3.50, 36.5 cm(~51.2% screen-to-body ratio);320 x 480 pixels, 3:2 ratio (~165 ppi density);;;;microSDHC (dedicated slot), 2 GB included;1GB 512MB RAM;2 MP;LED flash;Yes;No;;Wi-Fi 802.11 b/g;2.1, EDR;No;No;FM radio;microUSB;;Li-Ion 1100 mAh battery;Up to 180 h;Up to 4 h;Black, White;;;Class 12;Class 32;MP3/MP4 playerOrganizerVoice memo;;
https://www.gsmarena.com/unnecto_drone-6012.php;https://fdn2.gsmarena.com/vv/bigpic/unnecto-drone.jpg;Unnecto Drone;Released 2012, April;117g, 12.4mm thickness;Android 2.2;4GB 2GB RAM storage, microSDHC slot;1;N/A;66,788 hits;"3.2""";240x400 pixels;2 GB RAM;;800 mAh Li-Ion;GSM 850 / 900 / 1800 / 1900 - SIM 1 & SIM 2;;;;2012, February. Released 2012, April;Discontinued;102.6 x 56.4 x 12.4 mm (4.04 x 2.22 x 0.49 in);117 g (4.13 oz);Dual SIM (dual stand-by);TFT resistive touchscreen;3.2 inches, 3.20, 29.1 cm(~50.4% screen-to-body ratio);240 x 400 pixels, 5:3 ratio (~146 ppi density);Android 2.2 (Froyo);;;microSDHC (dedicated slot);4GB 2GB RAM;2 MP;LED flash;Yes;VGA;;Wi-Fi 802.11 b/g/n;2.1, A2DP, EDR;No;No;FM radio;microUSB;;Li-Ion 800 mAh battery;Up to 100 h;Up to 4 h;Black/black, black/silver, black/white;;;Class 12;Yes;;;
https://www.gsmarena.com/unnecto_tap-6011.php;https://fdn2.gsmarena.com/vv/bigpic/unnecto-tap.jpg;Unnecto Tap;Released 2011, August;90g, 12.2mm thickness;Feature phone;256MB 64MB RAM storage, microSDHC slot;2;N/A;46,533 hits;"2.8""";240x320 pixels;64 MB RAM;;950 mAh Li-Ion;GSM 850 / 900 / 1800 / 1900 - SIM 1 & SIM 2;;;;2011, June. Released 2011, August;Discontinued;105.5 x 56 x 12.2 mm (4.15 x 2.20 x 0.48 in);90 g (3.17 oz);Dual SIM (dual stand-by);TFT resistive touchscreen;2.8 inches, 24.3 cm(~41.1% screen-to-body ratio);240 x 320 pixels, 4:3 ratio (~143 ppi density);;;;microSDHC (dedicated slot), 4 GB included;256MB 64MB RAM;1.3 MP;;Yes;No;;Wi-Fi 802.11 b/g/n;Yes;No;No;FM radio;microUSB;;Li-Ion 950 mAh battery;Up to 200 h;Up to 4 h;White/Blue;;;Class 12;Yes;MP3/MP4 playerOrganizerVoice memo;;
https://www.gsmarena.com/unnecto_pro_z-6010.php;https://fdn2.gsmarena.com/vv/bigpic/unnecto-pro-z.jpg;Unnecto Pro Z;Released 2012, June;90g, 11mm thickness;Feature phone;64MB storage, microSDHC slot;2;N/A;50,442 hits;"2.4""";320x240 pixels; ;;1000 mAh Li-Ion;GSM 850 / 900 / 1800 / 1900 - SIM 1 & SIM 2;;;;2012, March. Released 2012, June;Discontinued;115 x 60 x 11 mm (4.53 x 2.36 x 0.43 in);90 g (3.17 oz);Dual SIM (dual stand-by);TFT resistive touchscreen;2.4 inches, 17.8 cm(~25.9% screen-to-body ratio);320 x 240 pixels, 4:3 ratio (~167 ppi density);;;;microSDHC (dedicated slot);64MB;1.3 MP;;Yes;No;;Wi-Fi 802.11 b/g;3.0;No;No;FM radio;microUSB;;Li-Ion 1000 mAh battery;Up to 240 h;Up to 3 h;Black, White;;;Class 12;Yes;MP3/MP4 playerOrganizerVoice memo;;
https://www.gsmarena.com/unnecto_pro-6008.php;https://fdn2.gsmarena.com/vv/bigpic/unnecto-pro.jpg;Unnecto Pro;Released 2012, June;120g, 11.5mm thickness;Feature phone;512MB 256MB RAM storage, microSDHC slot;2;N/A;45,499 hits;"2.4""";320x240 pixels;256 MB RAM;;1000 mAh Li-Ion;GSM 850 / 900 / 1800 / 1900 - SIM 1 & SIM 2;;;;2012, March. Released 2012, June;Discontinued;112 x 60 x 11.5 mm (4.41 x 2.36 x 0.45 in);120 g (4.23 oz);Dual SIM (dual stand-by);TFT resistive touchscreen;2.4 inches, 17.8 cm(~26.5% screen-to-body ratio);320 x 240 pixels, 4:3 ratio (~167 ppi density);;;;microSDHC (dedicated slot), 4 GB included;512MB 256MB RAM;1.3 MP;;Yes;No;;Wi-Fi 802.11 b/g/n;3.0;No;No;FM radio;microUSB;;Li-Ion 1000 mAh battery;Up to 240 h;Up to 3 h;Black, White;;;Class 12;Yes;MP3/MP4 playerNimbuzzOrganizerVoice memo;;
https://www.gsmarena.com/unnecto_edge-6007.php;https://fdn2.gsmarena.com/vv/bigpic/unnecto-edge.jpg;Unnecto Edge;Released 2011, August;140g, 13.5mm thickness;Feature phone;128MB storage, microSDHC slot;1;N/A;47,189 hits;"2.2""";320x240 pixels; ;;900 mAh Li-Ion;GSM 850 / 900 / 1800 / 1900 - SIM 1 & SIM 2;;;;2011, June. Released 2011, August;Discontinued;112 x 60 x 13.5 mm (4.41 x 2.36 x 0.53 in);140 g (4.94 oz);Dual SIM (dual stand-by);TFT;2.2 inches, 15.0 cm(~22.3% screen-to-body ratio);320 x 240 pixels, 4:3 ratio (~182 ppi density);;;;microSDHC (dedicated slot), 2 GB included;128MB;1.3 MP;;Yes;No;;No;2.1, EDR;No;No;FM radio;microUSB;;Li-Ion 900 mAh battery;Up to 120 h;Up to 3 h;Black/Black, Black/Red;;;Class 12;No;MP3/MP4 playerOrganizerVoice memo;;
https://www.gsmarena.com/unnecto_shell-6006.php;https://fdn2.gsmarena.com/vv/bigpic/unnecto-shell.jpg;Unnecto Shell;Released 2011, August;240g, 14.3mm thickness;Feature phone;128MB storage, microSDHC slot;2;N/A;46,191 hits;"2.2""";320x240 pixels; ;;1000 mAh Li-Ion;GSM 850 / 900 / 1800 / 1900 - SIM 1 & SIM 2;;;;2011, June. Released 2011, August;Discontinued;111.5 x 60 x 14.3 mm (4.39 x 2.36 x 0.56 in);240 g (8.47 oz);Dual SIM (dual stand-by);TFT;2.2 inches, 15.0 cm(~22.4% screen-to-body ratio);320 x 240 pixels, 4:3 ratio (~182 ppi density);;;;microSDHC (dedicated slot), 2 GB included;128MB;1.3 MP;;Yes;No;;No;2.1, EDR;No;No;FM radio;microUSB;;Li-Ion 1000 mAh battery;Up to 150 h;Up to 4 h;Black, Silver;;;Class 12;No;MP3/MP4 playerOrganizerVoice memo;;
https://www.gsmarena.com/unnecto_pebble-6004.php;https://fdn2.gsmarena.com/vv/bigpic/unnecto-pebble.jpg;Unnecto Pebble;Released 2011, August;100g, 14.7mm thickness;Feature phone;64MB storage, microSDHC slot;3;N/A;56,182 hits;"2.0""";220x176 pixels; ;;800 mAh Li-Ion;GSM 850 / 900 / 1800 / 1900 - SIM 1 & SIM 2;;;;2011, June. Released 2011, August;Discontinued;107.2 x 58.2 x 14.7 mm (4.22 x 2.29 x 0.58 in);100 g (3.53 oz);Dual SIM (dual stand-by);TFT;2.0 inches, 12.6 cm(~20.2% screen-to-body ratio);220 x 176 pixels (~141 ppi density);;;;microSDHC (dedicated slot), 2 GB included;64MB;1.3 MP;;Yes;No;;No;2.1, EDR;No;No;FM radio;microUSB;;Li-Ion 800 mAh battery;Up to 120 h;Up to 5 h;Black/Black, Black/Pink, White/Blue;;;Class 12;No;MP3/MP4 playerOrganizerVoice memo;;
https://www.gsmarena.com/unnecto_drift-6005.php;https://fdn2.gsmarena.com/vv/bigpic/unnecto-drift.jpg;Unnecto Drift;Released 2011, August;80g, 11.4mm thickness;Feature phone;128MB storage, microSDHC slot;1;N/A;45,446 hits;"2.4""";320x240 pixels; ;;800 mAh Li-Ion;GSM 850 / 900 / 1800 / 1900 - SIM 1 & SIM 2;;;;2011, June. Released 2011, August;Discontinued;115 x 52 x 11.4 mm (4.53 x 2.05 x 0.45 in);80 g (2.82 oz);Dual SIM (dual stand-by);TFT;2.4 inches, 17.8 cm(~29.8% screen-to-body ratio);320 x 240 pixels, 4:3 ratio (~167 ppi density);;;;microSDHC (dedicated slot);128MB;1.3 MP;;Yes;No;;No;2.1, EDR;No;No;FM radio;microUSB;;Li-Ion 800 mAh battery;Up to 120 h;Up to 5 h;Black, Yellow, Orange;;;Class 12;No;MP3/MP4 playerOrganizerVoice memo;;
https://www.gsmarena.com/unnecto_eco-6003.php;https://fdn2.gsmarena.com/vv/bigpic/unnecto-eco.jpg;Unnecto Eco;Released 2011, August;80g, 14.8mm thickness;Feature phone;64MB storage, microSD slot;1;N/A;45,704 hits;"1.77""";128x160 pixels; ;;1100 mAh Li-Ion;GSM 850 / 900 / 1800 / 1900 - SIM 1 & SIM 2;;;;2011, June. Released 2011, August;Discontinued;105.8 x 46 x 14.8 mm (4.17 x 1.81 x 0.58 in);80 g (2.82 oz);Dual SIM (dual stand-by);TFT;1.77 inches, 9.9 cm(~20.3% screen-to-body ratio);128 x 160 pixels (~116 ppi density);;;;microSD (dedicated slot);64MB;VGA;;Yes;No;;No;2.1, EDR;No;No;FM radio;Proprietary;;Li-Ion 1100 mAh battery;Up to 200 h;Up to 7 h;Black/Red, White/Blue, Black/Grey, Blue/Blue, White/Pink;;;Class 12;No;MP3/MP4 playerOrganizerVoice memo;;Flashlight
https://www.gsmarena.com/unnecto_primo_3g-6002.php;https://fdn2.gsmarena.com/vv/bigpic/unnecto-primo-3g.jpg;Unnecto Primo 3G;Released 2013;70g, 13.2mm thickness;Feature phone;1GB 256MB RAM storage, microSDHC slot;3;N/A;47,001 hits;"1.8""";128x160 pixels; ;;600 mAh Li-Ion;GSM 850 / 900 / 1800 / 1900 - SIM 1 & SIM 2 (dual-SIM model only);HSDPA 850 / 1900;;HSPA;2013. Released 2013;Discontinued;108 x 46 x 13.2 mm (4.25 x 1.81 x 0.52 in);70 g (2.47 oz);Single SIM or Dual SIM (dual stand-by);TFT;1.8 inches, 10.2 cm(~20.5% screen-to-body ratio);128 x 160 pixels (~114 ppi density);;;;microSDHC (dedicated slot);1GB 256MB RAM;0.8 MP;;Yes;No;;No;Yes;No;No;FM radio;Proprietary;;Li-Ion 600 mAh battery;;;Black, Blue, Stone;;;;;Audio/video playerOrganizerVoice memo;;Flashlight
https://www.gsmarena.com/unnecto_primo-6001.php;https://fdn2.gsmarena.com/vv/bigpic/unnecto-primo.jpg;Unnecto Primo;Released 2013;70g, 13.2mm thickness;Feature phone;32MB 32MB storage, microSDHC slot;5;N/A;54,474 hits;"1.8""";128x160 pixels; ;;600 mAh Li-Ion;GSM 850 / 900 / 1800 / 1900 - SIM 1 & SIM 2 (dual-SIM model only);;;;2013. Released 2013;Discontinued;108 x 46 x 13.2 mm (4.25 x 1.81 x 0.52 in);70 g (2.47 oz);Single SIM or Dual SIM (dual stand-by);TFT;1.8 inches, 10.2 cm(~20.5% screen-to-body ratio);128 x 160 pixels (~114 ppi density);;;;microSDHC (dedicated slot);32MB 32MB;Yes;;Yes;No;;No;Yes;No;No;FM radio;Proprietary;;Li-Ion 600 mAh battery;Up to 150 h;Up to 5 h;Black Grey, Black Red, White Blue, White Pink, Blue;;;Yes;No;Audio/video playerOrganizerVoice memo;;Flashlight
